,沪深300,中证500,中证1000,创业板,中小100,中证100,上证50,中证全债
2004-01-02,1204.61,,,,,1201.351,1011.347,100.75
2004-01-09,1266.41,,,,,1277.011,1081.785,100.87
2004-01-16,1284.3,,,,,1288.176,1083.652,101.05
2004-01-30,1281.33,,,,,1279.725,1067.553,100.97
2004-02-06,1347.22,,,,,1352.945,1122.084,100.9
2004-02-13,1342.34,,,,,1328.07,1096.362,100.98
2004-02-20,1391.1,,,,,1373.509,1124.661,101.08
2004-02-27,1351.61,,,,,1339.545,1088.725,100.89
2004-03-05,1341.76,,,,,1322.899,1071.581,100.91
2004-03-12,1358.51,,,,,1352.966,1099.081,100.96
2004-03-19,1393.57,,,,,1392.629,1129.775,100.79
2004-03-26,1386.48,,,,,1380.579,1112.782,100.61
2004-04-02,1405.92,,,,,1399.805,1127.805,100.7
2004-04-09,1370.28,,,,,1353.821,1088.157,100.53
2004-04-16,1331.08,,,,,1326.912,1071.228,99.61
2004-04-23,1276.31,,,,,1278.218,1034.409,97.88
2004-04-30,1239.72,,,,,1253.202,1025.954,97.52
2004-05-14,1207.26,,,,,1218.138,997.947,97.59
2004-05-21,1209.21,,,,,1217.269,994.45,97.73
2004-05-28,1201.72,,,,,1218.879,995.637,97.77
2004-06-04,1192.78,,,,,1209.039,986.225,98.15
2004-06-11,1140.53,,,,,1158.344,942.862,98.06
2004-06-18,1103.4,,,,,1122.132,910.187,98.18
2004-06-25,1081.96,,,,,1101.37,891.79,97.91
2004-07-02,1114.94,,,,,1145.144,926.617,98.03
2004-07-09,1106.92,,,,,1135.454,923.202,98.45
2004-07-16,1132.8,,,,,1166.832,946.178,98.27
2004-07-23,1101.6,,,,,1128.827,915.043,98.21
2004-07-30,1088.68,,,,,1114.22,906.265,98.74
2004-08-06,1088.24,,,,,1114.756,911.555,98.72
2004-08-13,1077.25,,,,,1108.292,907.001,98.73
2004-08-20,1060.23,,,,,1105.892,904.827,98.68
2004-08-27,1039.24,,,,,1079.205,883.704,99.02
2004-09-03,1043.54,,,,,1075.931,879.417,98.38
2004-09-10,1015.15,,,,,1044.983,851.969,98.32
2004-09-17,1112.77,,,,,1142.596,932.315,98.78
2004-09-24,1135.97,,,,,1171.039,951.091,98.51
2004-09-30,1109.32,,,,,1144.893,924.355,98.82
2004-10-08,1131.92,,,,,1163.089,936.008,99.18
2004-10-15,1061.64,,,,,1093.388,879.718,98.97
2004-10-22,1063.14,,,,,1095.061,878.74,99.37
2004-10-29,1050.3,,,,,1075.522,870.79,99.24
2004-11-05,1033.8,,,,,1059.737,862.261,99.09
2004-11-12,1072.62,,,,,1100.87,898.166,99.51
2004-11-19,1091.37,,,,,1114.996,906.991,99.04
2004-11-26,1074.99,,,,,1094.684,889.083,99.18
2004-12-03,1058.33,,,,,1071.559,871.558,99.51
2004-12-10,1043.55,,,,,1067.339,868.427,99.96
2004-12-17,1023.0,,,,,1054.836,857.251,99.92
2004-12-24,1016.4,,,,,1047.662,851.775,99.49
2004-12-31,1000.0,,,,,1038.609,842.728,99.62
2005-01-07,983.96,997.606,1011.74,,,1015.393,823.616,100.06
2005-01-14,988.31,1000.169,1011.875,,,1021.702,829.042,100.25
2005-01-21,982.6,988.519,1006.25,,,1022.204,831.847,100.41
2005-01-28,969.21,952.413,963.005,,,1012.932,820.689,100.76
2005-02-04,1016.86,962.028,952.392,,,1075.949,872.884,101.15
2005-02-18,1006.06,964.769,964.005,,,1059.648,856.212,101.43
2005-02-25,1046.76,1024.118,1032.413,,,1093.4,878.503,101.78
2005-03-04,1023.67,1003.21,1011.361,,,1069.998,859.489,101.8
2005-03-11,1027.43,1009.434,1017.453,,,1071.499,853.898,102.14
2005-03-18,978.67,949.509,946.705,,,1028.712,821.028,103.14
2005-03-25,962.96,931.417,923.196,,,1011.89,806.425,103.35
2005-04-01,978.15,927.546,913.851,,,1033.83,822.91,103.74
2005-04-08,1003.45,949.457,931.379,,,1057.654,838.056,104.03
2005-04-15,974.08,913.271,887.932,,,1031.23,817.094,104.63
2005-04-22,939.1,857.401,806.645,,,1001.738,794.819,104.55
2005-04-29,932.4,847.611,802.279,,,996.186,789.732,104.89
2005-05-13,887.54,814.878,779.491,,,946.008,757.304,105.22
2005-05-20,882.76,819.13,787.901,,,937.568,753.071,105.93
2005-05-27,849.51,790.998,767.274,,,899.163,724.522,106.12
2005-06-03,818.03,765.967,756.907,,,865.499,700.434,106.2
2005-06-10,894.56,831.605,819.996,,,949.918,766.663,106.62
2005-06-17,880.35,800.137,790.55,,,938.225,762.178,107.5
2005-06-24,898.3,813.203,799.695,,,955.533,772.319,107.83
2005-07-01,859.49,760.352,743.115,,,922.833,748.046,107.98
2005-07-08,829.49,722.854,706.735,,,896.44,727.556,108.52
2005-07-15,841.0,714.488,690.491,,,918.247,748.519,109.06
2005-07-22,859.69,721.445,694.294,,,941.548,768.724,109.23
2005-07-29,888.16,744.825,722.873,,,967.409,788.632,109.82
2005-08-05,923.8,787.819,772.151,,,1000.583,812.329,109.9
2005-08-12,938.32,816.386,803.443,,,1014.429,822.329,109.72
2005-08-19,923.04,820.869,827.464,,,1004.293,817.685,109.92
2005-08-26,928.26,840.431,848.024,,,1008.178,822.197,110.0
2005-09-02,947.87,872.485,880.862,,,1022.916,829.463,110.11
2005-09-09,949.07,879.503,887.997,,,1018.642,823.639,110.38
2005-09-16,967.5,917.638,930.411,,,1029.116,830.621,110.74
2005-09-23,916.15,868.549,874.667,,,977.523,793.163,110.83
2005-09-30,917.39,869.509,870.957,,,980.83,793.652,111.13
2005-10-14,904.83,876.053,876.262,,,963.211,777.492,111.71
2005-10-21,904.41,895.027,897.639,,,960.19,774.058,111.94
2005-10-28,867.73,825.063,806.557,,,925.148,749.964,111.48
2005-11-04,878.36,835.122,826.766,,,938.781,758.924,111.33
2005-11-11,864.79,823.956,822.673,,,924.456,746.45,110.6
2005-11-18,882.24,843.738,848.778,,,942.42,760.566,110.65
2005-11-25,884.11,841.13,847.343,,,947.972,766.678,110.44
2005-12-02,869.94,817.864,821.715,,,937.582,757.021,110.76
2005-12-09,887.36,819.2,816.955,,,960.092,777.031,111.12
2005-12-16,902.56,834.537,831.961,,,973.535,782.04,111.5
2005-12-23,915.89,845.589,834.717,,,986.807,791.441,111.75
2005-12-30,923.45,860.131,842.736,,,1000.0,796.396,111.41
2006-01-06,970.03,891.94,872.818,,,1043.239,836.895,111.61
2006-01-13,978.81,932.499,904.611,,,1058.453,831.136,112.53
2006-01-20,993.34,952.769,908.661,,,1062.616,840.376,112.86
2006-01-25,1009.6,957.787,887.718,,1430.02,1066.551,846.989,112.8
2006-02-10,1032.34,980.801,925.088,,1485.81,1087.259,859.97,113.11
2006-02-17,1020.37,949.993,907.709,,1440.05,1090.949,857.994,113.19
2006-02-24,1049.44,967.163,926.622,,1442.34,1117.145,882.777,113.07
2006-03-03,1041.68,954.457,918.007,,1439.12,1111.474,880.371,113.26
2006-03-10,1008.9,921.683,885.414,,1397.12,1078.032,857.143,113.49
2006-03-17,1024.02,943.725,899.39,,1424.81,1100.339,863.267,113.52
2006-03-24,1042.6,974.269,921.306,,1473.56,1116.554,869.439,113.27
2006-03-31,1061.09,1000.251,923.189,,1506.01,1125.621,878.366,113.37
2006-04-07,1103.15,1068.11,961.437,,1591.73,1161.086,897.312,113.22
2006-04-14,1118.61,1088.183,977.089,,1631.31,1148.621,910.633,113.01
2006-04-21,1149.16,1102.547,972.541,,1681.9,1194.929,939.873,112.85
2006-04-28,1172.35,1141.685,965.291,,1721.62,1231.11,964.446,112.94
2006-05-12,1296.26,1283.677,1066.17,,1930.06,1298.939,1050.958,113.31
2006-05-19,1366.1,1365.647,1153.64,,2107.81,1408.484,1096.206,113.34
2006-05-26,1331.02,1355.501,1170.277,,2020.9,1347.733,1064.128,113.39
2006-06-02,1390.12,1457.763,1287.824,,2225.94,1407.805,1097.509,113.17
2006-06-09,1294.19,1346.481,1214.086,,2091.36,1325.577,1031.458,112.94
2006-06-16,1318.01,1382.41,1254.813,,2232.63,1342.937,1047.332,112.81
2006-06-23,1339.45,1430.513,1297.753,,2190.48,1359.36,1061.412,112.42
2006-06-30,1393.96,1485.995,1336.66,,2231.11,1418.338,1102.696,112.73
2006-07-07,1410.43,1541.253,1383.647,,2256.15,1418.3,1099.06,112.79
2006-07-14,1357.13,1470.467,1325.635,,2186.49,1365.409,1059.255,112.88
2006-07-21,1356.03,1493.036,1352.62,,2194.9,1360.775,1056.627,112.73
2006-07-28,1341.39,1492.114,1366.579,,2123.43,1343.458,1050.639,112.76
2006-08-04,1241.91,1354.778,1221.196,,1898.85,1264.859,990.834,112.73
2006-08-11,1275.65,1398.011,1261.147,,1954.97,1291.449,1011.639,112.78
2006-08-18,1267.87,1384.899,1246.437,,1912.58,1288.214,1008.047,113.04
2006-08-25,1295.44,1421.095,1286.58,,2012.06,1315.341,1028.287,113.07
2006-09-01,1318.1,1451.95,1310.68,,2091.64,1334.348,1033.739,113.07
2006-09-08,1332.15,1473.922,1337.717,,2114.58,1348.491,1050.8,113.16
2006-09-15,1362.32,1484.687,1354.517,,2092.2,1397.229,1094.149,113.34
2006-09-22,1374.85,1509.385,1376.903,,2180.92,1402.342,1094.179,113.62
2006-09-29,1403.27,1550.803,1411.509,,2202.39,1427.969,1115.718,114.13
2006-10-13,1430.88,1575.861,1442.024,,2209.76,1461.675,1149.579,114.41
2006-10-20,1440.18,1587.902,1444.568,,2193.96,1470.243,1152.313,114.56
2006-10-27,1439.05,1530.26,1387.603,,2144.48,1494.935,1164.574,114.7
2006-11-03,1488.29,1549.655,1405.003,,2106.97,1552.365,1219.003,114.85
2006-11-10,1504.06,1498.871,1353.478,,2079.75,1604.33,1262.529,114.78
2006-11-17,1562.08,1476.745,1333.441,,2109.33,1686.128,1321.011,114.8
2006-11-24,1636.58,1532.019,1362.567,,2167.86,1768.851,1385.939,114.67
2006-12-01,1729.22,1629.207,1429.849,,2290.01,1853.137,1430.363,114.82
2006-12-08,1711.58,1571.183,1380.103,,2217.19,1862.522,1453.918,114.86
2006-12-15,1867.64,1689.671,1460.182,,2386.34,2037.879,1597.116,114.89
2006-12-22,1895.64,1728.396,1507.885,,2446.79,2062.436,1614.238,114.6
2006-12-29,2041.05,1726.146,1485.099,,2467.7,2270.524,1805.314,114.54
2007-01-05,2072.88,1770.475,1517.497,,2530.35,2287.857,1815.12,114.69
2007-01-12,2173.75,1881.753,1616.332,,2613.1,2394.842,1876.143,114.77
2007-01-19,2396.09,2159.638,1836.652,,3127.38,2593.313,1995.532,115.01
2007-01-26,2512.92,2186.27,1860.58,,3134.63,2753.968,2164.514,114.99
2007-02-02,2298.0,2127.104,1806.409,,3087.21,2480.798,1954.966,114.97
2007-02-09,2397.25,2287.381,1938.723,,3124.28,2545.344,2003.324,114.97
2007-02-16,2676.74,2541.409,2165.066,,3395.53,2838.724,2232.978,114.96
2007-03-02,2508.73,2503.677,2211.79,,3159.37,2621.108,2069.074,114.9
2007-03-09,2611.39,2638.047,2366.486,,3333.14,2716.812,2144.218,115.13
2007-03-16,2604.23,2710.861,2485.45,,3394.81,2680.79,2107.627,114.87
2007-03-23,2716.27,2897.999,2708.89,,3552.1,2789.014,2200.042,114.82
2007-03-30,2781.78,2926.064,2731.185,,3584.1,2877.966,2288.263,114.8
2007-04-06,2972.01,3182.797,2954.226,,3805.45,3036.876,2390.642,114.9
2007-04-13,3169.23,3358.632,3147.18,,4073.95,3216.42,2517.789,114.63
2007-04-20,3289.28,3614.391,3420.554,,4215.05,3260.527,2547.501,114.16
2007-04-27,3470.52,3845.813,3615.142,,4208.46,3425.931,2681.3,114.28
2007-04-30,3558.71,3903.689,3654.965,,4272.82,3515.815,2757.827,114.55
2007-05-11,3702.61,4109.403,3891.916,,4294.03,3673.894,2867.972,114.36
2007-05-18,3776.63,4235.185,4032.922,,4541.09,3712.72,2854.318,113.85
2007-05-25,3985.25,4649.857,4384.991,,4786.82,3852.202,2942.513,113.06
2007-06-01,3803.95,3960.442,3632.9,,4477.23,3789.946,2906.588,113.21
2007-06-08,3837.87,4002.868,3578.506,,4574.79,3766.324,2856.019,113.05
2007-06-15,4099.38,4316.53,3763.258,,5010.57,3994.615,3035.778,112.72
2007-06-22,4051.43,4123.215,3587.39,,4731.25,4011.941,3037.509,112.26
2007-06-29,3764.08,3585.486,3152.37,,4345.52,3821.626,2915.882,112.1
2007-07-06,3710.28,3591.377,3147.564,,4386.41,3753.699,2860.735,111.97
2007-07-13,3820.12,3655.845,3223.993,,4443.9,3887.137,2970.342,111.86
2007-07-20,3971.88,3788.744,3281.915,,4694.41,4072.608,3102.789,111.86
2007-07-27,4307.14,4269.767,3840.429,,4988.02,4351.616,3293.38,111.89
2007-08-03,4598.38,4408.047,3968.655,,5245.64,4707.162,3520.144,112.22
2007-08-10,4726.68,4348.811,3895.455,,5164.55,4907.888,3707.916,112.12
2007-08-17,4626.58,4390.883,3984.806,,5167.04,4740.294,3606.528,112.39
2007-08-24,5217.58,4742.953,4320.975,,5679.62,5384.594,4104.658,112.41
2007-08-31,5296.81,4897.636,4515.24,,5819.78,5456.398,4150.167,112.67
2007-09-07,5294.8,4939.231,4533.107,,5666.93,5418.321,4111.931,112.47
2007-09-14,5397.28,4936.694,4502.404,,5660.69,5541.235,4165.566,112.16
2007-09-21,5468.1,5028.843,4562.117,,5494.83,5569.281,4197.038,112.05
2007-09-28,5580.81,5083.65,4582.44,,5799.92,5709.504,4307.417,112.24
2007-10-12,5737.22,4891.386,4375.305,,5800.5,5979.126,4578.686,112.42
2007-10-19,5614.06,4813.952,4277.367,,5754.54,5852.904,4494.561,112.34
2007-10-26,5394.81,4228.946,3699.727,,5336.99,5746.263,4429.979,112.18
2007-11-02,5472.93,4329.631,3829.232,,5201.67,5859.597,4543.163,112.23
2007-11-09,5040.53,4153.236,3743.999,,5070.46,5372.655,4139.572,112.12
2007-11-16,5007.66,4217.228,3843.967,,5075.55,5340.219,4133.351,111.82
2007-11-23,4856.16,4193.98,3802.826,,5167.01,5153.61,3961.369,111.92
2007-11-30,4737.41,4122.932,3733.479,,5028.44,5039.896,3880.339,111.84
2007-12-07,5041.35,4362.22,3960.609,,5325.2,5364.425,4122.062,111.88
2007-12-14,4977.65,4499.53,4103.854,,5585.33,5246.745,4008.878,111.92
2007-12-21,5101.85,4691.533,4281.387,,5781.35,5342.954,4081.005,111.58
2007-12-28,5338.28,4947.603,4493.415,,6247.56,5578.454,4226.756,111.78
2008-01-04,5483.65,5243.032,4778.028,,6387.95,5669.365,4282.686,111.86
2008-01-11,5699.15,5376.797,4867.471,,6447.83,5914.396,4481.487,111.98
2008-01-18,5414.47,5317.448,4886.729,,6439.47,5537.514,4195.954,112.11
2008-01-25,5077.43,5096.69,4612.951,,6218.08,5159.259,3875.578,112.37
2008-02-01,4571.94,4456.927,4027.373,,5559.79,4681.331,3500.053,112.88
2008-02-05,4921.83,4838.995,4366.549,,5989.75,5032.803,3766.163,114.12
2008-02-15,4813.31,4886.016,4437.486,,6026.08,4881.75,3646.176,114.29
2008-02-22,4702.24,5029.198,4591.941,,6197.59,4671.662,3466.204,114.24
2008-02-29,4674.55,5057.617,4646.539,,6093.64,4651.961,3470.602,114.57
2008-03-07,4621.69,5115.916,4805.957,,6160.54,4556.166,3395.606,114.56
2008-03-14,4157.87,4662.316,4435.479,,5559.49,4099.778,3084.449,114.57
2008-03-21,4037.83,4405.856,4197.441,,5250.78,4043.712,3021.58,114.78
2008-03-28,3918.16,4241.452,4060.043,,5108.67,3938.084,2910.511,115.12
2008-04-03,3650.7,3588.762,3393.426,,4542.33,3789.376,2828.626,115.48
2008-04-11,3783.73,3862.363,3619.036,,4819.37,3871.292,2865.45,115.32
2008-04-18,3272.5,3338.274,3116.689,,4271.14,3350.37,2511.362,115.37
2008-04-25,3803.07,3756.33,3457.991,,4674.03,3952.307,2984.963,115.48
2008-04-30,3959.12,3903.178,3584.346,,4858.35,4118.489,3125.533,115.54
2008-05-09,3878.92,3986.24,3674.633,,5002.72,3978.75,2978.189,115.51
2008-05-16,3936.12,4071.91,3789.099,,5082.69,4032.094,3009.207,115.59
2008-05-23,3675.15,3829.645,3603.275,,4802.46,3773.786,2838.055,115.69
2008-05-30,3611.33,3755.631,3506.841,,4720.16,3715.712,2800.791,115.65
2008-06-06,3489.5,3629.923,3420.073,,4584.39,3591.725,2701.789,115.8
2008-06-13,2979.12,3045.105,2881.039,,3870.51,3078.501,2322.792,115.64
2008-06-20,2849.67,2764.28,2600.302,,3645.17,2985.34,2273.707,115.63
2008-06-27,2816.02,2792.705,2590.317,,3681.19,2919.776,2206.317,115.53
2008-07-04,2741.85,2941.085,2685.166,,3818.51,2785.32,2077.234,115.43
2008-07-11,2953.5,3132.733,2891.363,,4068.72,3004.128,2245.464,115.47
2008-07-18,2815.46,3015.798,2792.7,,3933.7,2874.033,2158.7,115.52
2008-07-25,2939.2,3172.168,2971.522,,4114.52,3001.462,2265.683,114.94
2008-08-01,2840.79,3063.812,2876.134,,4006.27,2910.107,2205.685,114.86
2008-08-08,2591.46,2711.964,2514.966,,3610.73,2696.725,2056.916,114.98
2008-08-15,2447.62,2473.717,2257.41,,3458.69,2567.184,1957.473,115.04
2008-08-22,2404.93,2382.523,2171.68,,3343.34,2538.137,1948.065,115.14
2008-08-29,2391.64,2307.158,2105.882,,3199.73,2550.806,1975.453,115.42
2008-09-05,2183.43,2148.741,1952.604,,2864.57,2320.841,1796.961,116.28
2008-09-12,2077.85,2038.66,1836.743,,2758.99,2210.296,1711.959,116.93
2008-09-19,2073.11,2086.826,1877.695,,2824.15,2177.082,1650.537,120.05
2008-09-26,2243.66,2136.001,1917.374,,2838.74,2375.732,1811.339,120.18
2008-10-10,1906.96,1837.404,1646.934,,2444.54,2006.487,1528.135,123.51
2008-10-17,1833.26,1726.4,1547.959,,2238.99,1946.833,1480.162,124.65
2008-10-24,1781.6,1741.181,1575.055,,2299.92,1870.82,1408.126,124.32
2008-10-31,1663.66,1562.022,1406.758,,2201.02,1768.871,1327.705,125.12
2008-11-07,1677.83,1561.221,1432.779,,2177.54,1798.381,1363.458,125.97
2008-11-14,1943.65,1867.485,1737.469,,2516.835,2058.061,1550.465,127.23
2008-11-21,1920.74,1921.04,1794.57,,2517.586,2009.871,1501.093,126.64
2008-11-28,1829.92,1841.45,1719.43,,2574.035,1914.562,1411.165,126.77
2008-12-05,2013.18,2098.656,1972.407,,2884.656,2082.857,1538.468,127.53
2008-12-12,1960.38,2031.992,1916.198,,2790.854,2031.882,1499.292,127.84
2008-12-19,2052.11,2194.994,2066.431,,3036.57,2111.413,1554.114,129.04
2008-12-26,1862.1,1983.757,1877.903,,2867.151,1915.306,1416.833,129.35
2008-12-31,1817.72,1939.433,1830.823,,2863.99,1870.044,1384.914,129.6
2009-01-09,1918.37,2107.766,2009.095,,3013.6,1952.96,1447.143,129.89
2009-01-16,1990.21,2195.634,2090.017,,3071.276,2019.446,1502.004,128.9
2009-01-23,2032.68,2238.082,2122.348,,3059.426,2061.213,1538.273,128.13
2009-02-06,2237.28,2493.74,2367.722,,3301.935,2265.333,1689.002,127.0
2009-02-13,2399.07,2805.01,2640.39,,3632.164,2389.513,1755.569,127.51
2009-02-20,2344.32,2776.955,2643.537,,3583.326,2314.831,1695.255,127.8
2009-02-27,2140.49,2416.949,2302.017,,3187.717,2149.561,1592.01,127.7
2009-03-06,2286.58,2653.469,2548.335,,3436.158,2276.057,1676.79,127.59
2009-03-13,2205.42,2569.629,2469.922,,3330.04,2204.004,1626.018,127.92
2009-03-20,2379.84,2784.106,2672.452,,3588.388,2353.796,1726.211,128.13
2009-03-27,2498.93,2877.88,2773.332,,3712.679,2477.507,1825.631,127.75
2009-04-03,2570.5,2934.253,2848.325,,3868.745,2562.222,1892.727,127.78
2009-04-10,2595.53,3009.376,2945.905,,3973.584,2575.849,1895.159,127.45
2009-04-17,2650.69,3119.419,3042.655,,4081.76,2615.847,1920.309,127.46
2009-04-24,2572.89,3036.761,2956.25,,4039.209,2548.735,1860.748,127.82
2009-04-30,2622.93,3086.217,2971.896,,4030.396,2597.312,1895.7,127.82
2009-05-08,2789.22,3257.588,3160.738,,4204.582,2768.525,2022.953,128.03
2009-05-15,2796.12,3270.738,3183.185,,4229.919,2770.763,2022.301,128.3
2009-05-22,2740.68,3254.534,3164.271,,4175.683,2700.27,1967.661,128.63
2009-05-27,2759.71,3276.748,3179.668,,4209.59,2719.564,1991.285,128.76
2009-06-05,2939.31,3355.778,3243.499,,4271.272,2919.349,2160.416,128.6
2009-06-12,2906.29,3309.587,3217.711,,4215.795,2908.452,2156.534,128.26
2009-06-19,3080.0,3434.055,3319.755,,4347.792,3103.997,2309.224,128.35
2009-06-26,3128.42,3448.461,3356.416,,4367.504,3153.679,2344.398,128.18
2009-07-03,3327.14,3584.858,3423.765,,4446.811,3365.759,2508.282,127.79
2009-07-10,3398.31,3719.97,3566.932,,4596.205,3405.897,2519.075,127.99
2009-07-17,3519.81,3852.863,3703.256,,4688.121,3521.774,2604.354,127.4
2009-07-24,3667.56,3907.967,3741.69,,4678.208,3680.544,2743.025,127.3
2009-07-31,3734.62,3928.584,3771.171,,4766.899,3767.307,2816.886,127.04
2009-08-07,3555.1,3893.125,3742.531,,4768.951,3555.816,2634.488,127.09
2009-08-14,3344.46,3609.698,3434.003,,4433.959,3341.552,2463.523,127.41
2009-08-21,3203.62,3468.042,3312.081,,4276.452,3212.578,2367.567,127.31
2009-08-28,3046.78,3531.41,3398.373,,4361.227,3005.476,2193.518,127.48
2009-09-04,3077.14,3489.063,3355.186,,4319.179,3055.367,2237.492,127.52
2009-09-11,3238.13,3641.816,3492.153,,4583.03,3213.066,2356.98,127.61
2009-09-18,3199.69,3739.732,3626.91,,4698.32,3147.571,2296.319,127.69
2009-09-25,3058.53,3536.811,3415.828,,4503.671,3038.04,2226.003,127.48
2009-09-30,3004.81,3400.623,3250.403,,4436.645,2997.228,2198.407,127.25
2009-10-09,3163.71,3576.444,3419.11,,4663.348,3148.645,2308.682,127.48
2009-10-16,3241.71,3716.897,3578.557,,4685.353,3217.804,2358.968,127.12
2009-10-23,3413.25,3908.435,3751.551,,4845.753,3383.162,2481.542,127.09
2009-10-30,3280.37,3827.683,3665.991,,4792.926,3241.515,2376.032,127.0
2009-11-06,3483.02,4145.137,3969.635,,5131.404,3428.087,2512.416,126.84
2009-11-13,3518.72,4267.008,4104.987,,5322.96,3450.972,2523.989,127.06
2009-11-20,3631.01,4508.293,4358.747,,5521.601,3543.305,2583.012,127.44
2009-11-27,3382.51,4215.338,4074.01,,5174.463,3295.315,2388.942,127.36
2009-12-04,3643.49,4506.082,4375.979,,5503.973,3559.957,2587.146,127.66
2009-12-11,3575.02,4534.763,4408.394,,5531.41,3472.37,2507.196,127.64
2009-12-18,3391.74,4203.48,4091.683,,5207.226,3328.647,2424.685,127.62
2009-12-25,3424.78,4376.193,4255.653,,5448.973,3332.713,2406.597,127.87
2009-12-31,3575.68,4485.255,4391.281,,5631.758,3506.165,2553.8,127.79
2010-01-08,3480.13,4514.452,4417.771,,5582.577,3387.391,2466.165,127.66
2010-01-15,3482.74,4747.648,4658.087,,5867.641,3338.431,2427.807,127.82
2010-01-22,3366.2,4537.88,4471.278,,5546.071,3251.401,2380.055,128.0
2010-01-29,3204.16,4374.649,4290.323,,5437.427,3082.685,2243.994,128.4
2010-02-05,3153.09,4311.293,4281.782,,5269.245,3043.194,2219.6,128.86
2010-02-12,3251.28,4416.219,4366.276,,5436.517,3136.896,2284.386,129.15
2010-02-26,3281.67,4634.671,4653.344,,5660.489,3133.173,2274.325,129.59
2010-03-05,3259.76,4604.586,4617.363,,5604.17,3122.207,2267.939,130.35
2010-03-12,3233.13,4492.861,4532.081,,5489.164,3117.536,2274.532,130.24
2010-03-19,3293.87,4663.903,4723.848,,5652.578,3166.378,2310.546,130.66
2010-03-26,3275.0,4686.931,4742.465,,5700.083,3144.341,2292.673,130.61
2010-04-02,3407.35,4843.175,4922.824,,5945.902,3262.552,2379.194,130.53
2010-04-09,3379.17,4939.176,5031.25,,6092.072,3215.71,2345.754,130.43
2010-04-16,3356.33,4898.67,5019.351,,6045.675,3180.943,2329.12,130.68
2010-04-23,3190.0,4864.164,5007.598,,6047.323,2974.226,2185.155,131.0
2010-04-30,3067.37,4438.681,4527.758,,5602.974,2906.299,2149.453,131.43
2010-05-07,2836.79,4350.758,4453.169,,5471.124,2664.687,1980.168,131.79
2010-05-14,2868.02,4184.841,4257.811,,5296.099,2717.012,2019.73,131.95
2010-05-21,2768.79,3982.385,3993.737,,5218.364,2631.331,1943.429,132.6
2010-05-28,2850.3,4235.322,4281.087,,5450.838,2675.692,1973.622,132.58
2010-06-04,2744.39,4089.035,4133.329,1027.681,5365.159,2569.91,1894.45,132.73
2010-06-11,2758.87,4197.995,4277.137,1122.199,5514.792,2564.279,1883.196,133.03
2010-06-18,2696.17,3972.286,4067.739,1000.277,5198.089,2537.943,1870.871,133.25
2010-06-25,2736.29,4028.433,4139.807,1016.283,5263.878,2588.698,1915.91,132.88
2010-07-02,2534.11,3585.576,3659.949,873.12,4740.161,2432.143,1812.58,133.3
2010-07-09,2647.1,3807.604,3886.272,932.147,5043.199,2525.388,1870.303,133.47
2010-07-16,2616.13,3757.432,3841.829,892.298,4924.294,2496.099,1839.219,133.98
2010-07-23,2793.08,4015.467,4131.474,960.588,5287.148,2654.508,1945.451,133.89
2010-07-30,2868.85,4191.13,4299.045,968.431,5495.755,2712.59,1986.76,134.04
2010-08-06,2897.66,4356.012,4480.654,1011.39,5703.749,2718.718,1979.228,134.14
2010-08-13,2855.55,4323.052,4471.538,1007.206,5717.664,2665.441,1930.671,134.37
2010-08-20,2898.33,4366.604,4522.607,995.944,5809.469,2719.06,1967.061,134.44
2010-08-27,2858.57,4431.444,4585.511,999.456,5950.344,2666.775,1917.581,134.59
2010-09-03,2920.21,4662.96,4845.913,1036.703,6216.163,2704.315,1929.186,134.81
2010-09-10,2932.55,4705.31,4886.05,1034.939,6307.387,2691.024,1915.645,134.86
2010-09-17,2861.37,4603.489,4767.48,972.229,6209.298,2614.788,1857.31,134.63
2010-09-21,2857.48,4546.724,4677.679,934.461,6169.177,2623.581,1864.414,134.54
2010-09-30,2935.57,4660.605,4785.49,942.539,6332.361,2683.142,1913.109,134.8
2010-10-08,3044.23,4767.967,4899.57,959.863,6492.466,2789.091,1990.014,134.87
2010-10-15,3327.68,4691.45,4789.479,944.254,6348.835,3122.809,2254.392,134.55
2010-10-22,3378.66,4877.927,4985.849,1013.448,6665.05,3131.923,2231.057,133.54
2010-10-29,3379.98,5055.492,5211.524,1064.522,6942.156,3102.576,2189.479,133.35
2010-11-05,3520.8,5311.77,5473.105,1072.219,7159.764,3219.764,2279.004,132.64
2010-11-12,3291.83,5111.189,5227.248,1082.24,6871.385,3001.685,2130.581,131.25
2010-11-19,3178.85,5081.03,5236.569,1153.171,6898.237,2886.441,2039.445,131.23
2010-11-26,3194.85,5227.648,5444.856,1196.019,7098.78,2878.969,2018.397,130.72
2010-12-03,3158.16,5100.366,5299.78,1157.939,6878.836,2851.317,2008.12,131.03
2010-12-10,3161.98,5039.165,5253.71,1166.801,6918.151,2866.673,2021.651,131.3
2010-12-17,3225.66,5228.337,5473.968,1232.982,7120.57,2907.259,2032.138,131.7
2010-12-24,3162.96,4991.544,5205.723,1144.502,6764.159,2870.522,2013.25,131.81
2010-12-31,3128.26,4936.716,5155.555,1137.662,6828.982,2830.345,1977.366,131.75
2011-01-07,3166.62,4975.144,5191.945,1126.517,6770.147,2873.525,2006.374,131.91
2011-01-14,3091.86,4723.426,4942.074,1067.418,6434.863,2832.489,1982.623,131.76
2011-01-21,2983.46,4506.322,4739.904,1024.505,6101.094,2742.474,1925.838,131.43
2011-01-28,3036.74,4548.206,4749.429,1020.938,6121.61,2785.893,1945.141,131.67
2011-02-01,3077.28,4630.58,4830.407,1032.604,6196.807,2817.683,1968.687,131.78
2011-02-11,3120.96,4786.806,5012.78,1071.582,6397.45,2844.27,1976.473,130.81
2011-02-18,3211.88,4941.432,5197.122,1100.461,6565.293,2916.637,2030.318,131.0
2011-02-25,3197.62,5032.797,5279.127,1095.098,6661.009,2888.766,2006.66,131.28
2011-03-04,3270.67,5067.621,5330.17,1071.86,6633.425,2977.276,2080.143,131.48
2011-03-11,3247.38,5139.746,5406.95,1101.76,6712.639,2945.268,2049.113,131.53
2011-03-18,3215.69,5126.934,5417.939,1083.597,6734.257,2918.414,2034.485,131.94
2011-03-25,3294.48,5212.345,5502.752,1072.343,6743.758,2998.203,2096.286,132.09
2011-04-01,3272.73,5065.076,5346.701,1015.076,6456.601,3007.852,2126.451,132.25
2011-04-08,3353.36,5148.799,5430.062,1019.142,6514.463,3082.781,2185.316,132.15
2011-04-15,3358.94,5162.415,5418.884,1010.058,6433.799,3097.315,2201.086,132.54
2011-04-22,3299.94,5165.123,5430.406,1004.646,6371.274,3035.243,2151.669,132.46
2011-04-29,3192.72,4836.866,5027.552,912.715,6050.054,2967.38,2113.871,132.84
2011-05-06,3121.4,4849.969,5080.042,918.282,6054.764,2874.587,2037.748,133.77
2011-05-13,3128.09,4902.564,5143.46,909.774,6016.499,2878.974,2043.259,133.96
2011-05-20,3121.6,4863.185,5102.129,875.43,6019.849,2884.616,2052.544,133.99
2011-05-27,2963.31,4428.894,4644.289,822.944,5532.423,2759.397,1976.693,134.04
2011-06-03,2986.35,4506.196,4739.359,847.545,5651.449,2764.902,1974.951,134.08
2011-06-10,2961.93,4469.049,4724.618,824.03,5604.16,2734.787,1951.031,133.83
2011-06-17,2892.16,4337.367,4571.232,802.637,5439.377,2689.487,1912.379,133.3
2011-06-24,3027.47,4509.18,4757.732,832.324,5678.887,2814.054,1997.298,133.56
2011-07-01,3049.75,4604.746,4899.16,855.27,5838.916,2816.209,1986.03,133.6
2011-07-08,3109.18,4756.614,5057.722,894.909,6039.099,2856.751,2014.733,133.58
2011-07-15,3128.89,4896.043,5229.099,951.138,6177.972,2857.736,2012.032,133.41
2011-07-22,3067.99,4800.938,5143.206,923.995,6082.829,2798.969,1964.828,132.49
2011-07-29,2972.08,4628.32,4963.417,913.278,5878.679,2717.024,1908.213,132.36
2011-08-05,2897.42,4559.018,4896.379,919.185,5837.373,2636.904,1850.143,132.28
2011-08-12,2875.37,4505.886,4838.915,926.297,5858.935,2616.39,1838.159,133.0
2011-08-19,2807.66,4395.019,4742.324,912.421,5689.686,2562.478,1806.283,133.12
2011-08-26,2901.22,4530.423,4905.074,952.806,5803.496,2652.388,1876.334,132.94
2011-09-02,2803.85,4344.977,4716.878,909.853,5585.156,2573.608,1820.676,132.45
2011-09-09,2751.1,4233.748,4609.577,881.577,5441.758,2534.602,1800.934,132.5
2011-09-16,2733.99,4214.816,4598.815,874.883,5409.368,2518.08,1784.934,132.48
2011-09-23,2669.48,4117.735,4494.477,843.479,5254.569,2457.765,1740.322,133.04
2011-09-30,2581.35,3856.828,4174.447,791.134,4990.432,2388.115,1684.497,133.54
2011-10-14,2653.78,3985.193,4350.424,830.197,5125.458,2460.544,1745.214,134.43
2011-10-21,2507.88,3671.695,4008.554,763.295,4761.563,2350.954,1676.097,135.608
2011-10-28,2709.02,3978.8,4306.396,833.423,5139.685,2536.989,1807.056,135.3885
2011-11-04,2763.75,4131.13,4491.169,882.253,5320.974,2572.88,1831.755,136.2581
2011-11-11,2695.0,4062.144,4441.938,891.193,5234.944,2500.193,1779.514,137.4792
2011-11-18,2606.5,3963.258,4333.894,869.19,5086.41,2417.421,1720.764,137.3454
2011-11-25,2569.97,3911.356,4280.951,863.495,5025.687,2381.055,1691.671,137.5568
2011-12-02,2557.31,3817.041,4164.809,829.176,4907.521,2386.214,1704.457,138.6731
2011-12-09,2503.46,3663.843,3991.445,798.837,4719.58,2354.983,1692.061,138.9384
2011-12-16,2390.13,3427.214,3705.577,778.775,4508.059,2268.012,1628.999,138.9787
2011-12-23,2359.16,3327.394,3561.984,761.442,4350.944,2248.04,1617.944,139.0539
2011-12-30,2345.74,3266.775,3456.287,729.504,4295.862,2239.512,1617.613,139.5031
2012-01-06,2290.6,3087.546,3224.498,669.017,4042.323,2212.402,1608.358,139.7295
2012-01-13,2394.33,3233.701,3374.155,666.078,4146.568,2310.371,1685.913,140.1159
2012-01-20,2504.09,3315.603,3415.753,646.383,4210.464,2426.123,1775.091,140.2956
2012-02-03,2506.09,3383.05,3518.866,680.045,4330.386,2424.215,1772.192,140.3211
2012-02-10,2533.62,3488.229,3648.415,698.854,4460.054,2435.9,1778.317,139.8318
2012-02-17,2537.09,3565.306,3763.086,717.797,4517.567,2428.318,1765.652,139.8319
2012-02-24,2648.02,3756.825,3941.745,762.29,4772.895,2521.076,1826.716,139.9913
2012-03-02,2679.93,3794.416,3961.58,757.669,4794.896,2549.818,1843.848,139.8434
2012-03-09,2664.3,3848.108,4053.904,777.694,4902.872,2522.3,1811.486,140.1055
2012-03-16,2623.52,3786.617,3971.51,765.562,4895.375,2485.371,1780.076,140.124
2012-03-23,2552.94,3670.129,3873.485,737.892,4688.376,2427.232,1747.916,140.1375
2012-03-30,2454.9,3416.856,3560.485,678.519,4413.17,2356.399,1705.633,140.425
2012-04-06,2519.83,3554.027,3713.277,701.901,4568.001,2411.762,1737.512,140.4531
2012-04-13,2580.45,3675.028,3850.725,718.959,4653.077,2467.325,1777.068,140.3898
2012-04-20,2626.84,3736.365,3932.118,728.718,4718.945,2514.751,1815.882,140.3664
2012-04-27,2626.16,3664.638,3837.878,685.131,4595.566,2523.633,1822.542,140.5616
2012-05-04,2715.88,3758.004,3924.256,713.186,4734.071,2600.393,1876.658,140.6535
2012-05-11,2636.92,3715.385,3886.516,721.078,4690.38,2516.917,1815.732,141.1616
2012-05-18,2573.98,3655.858,3810.514,706.216,4578.216,2458.834,1775.572,142.4954
2012-05-25,2573.1,3635.516,3773.093,702.724,4523.627,2455.869,1776.376,143.2759
2012-06-01,2633.0,3744.437,3892.216,734.257,4685.314,2505.257,1808.527,143.1782
2012-06-08,2524.33,3564.158,3697.722,713.921,4509.492,2409.454,1738.587,143.7159
2012-06-15,2568.05,3648.994,3784.172,742.268,4634.758,2448.59,1769.492,143.4216
2012-06-21,2512.19,3590.837,3729.205,739.047,4559.592,2402.006,1735.336,143.3212
2012-06-29,2461.61,3470.965,3610.25,726.684,4477.788,2364.438,1708.856,143.8204
2012-07-06,2472.61,3486.546,3645.546,737.289,4568.338,2377.734,1711.579,144.2571
2012-07-13,2450.63,3435.084,3570.765,725.788,4541.213,2357.321,1685.019,144.5781
2012-07-20,2398.46,3369.913,3510.48,706.25,4355.22,2307.754,1658.3,144.5566
2012-07-27,2349.11,3283.592,3420.614,703.581,4289.397,2261.885,1630.31,144.5555
2012-08-03,2353.74,3259.856,3393.94,711.925,4288.853,2272.052,1641.599,144.4378
2012-08-10,2399.75,3395.849,3562.507,743.073,4484.796,2301.559,1665.175,144.3155
2012-08-17,2313.48,3286.778,3465.931,721.049,4313.291,2217.764,1606.003,144.0742
2012-08-24,2275.68,3265.749,3475.556,733.309,4278.333,2179.493,1588.111,143.7847
2012-08-31,2204.87,3139.5,3354.8,706.625,4137.804,2119.974,1551.199,143.6912
2012-09-07,2317.18,3334.66,3569.983,759.46,4421.368,2218.466,1619.213,143.7156
2012-09-14,2315.54,3338.038,3568.222,744.464,4401.454,2211.442,1614.7,143.0402
2012-09-21,2199.06,3143.71,3329.296,691.138,4136.485,2106.853,1545.964,143.1161
2012-09-28,2293.11,3199.752,3359.216,689.64,4264.831,2203.991,1613.092,143.5791
2012-10-12,2304.53,3240.399,3432.244,708.868,4310.056,2212.35,1618.659,143.7241
2012-10-19,2332.47,3285.445,3477.783,719.448,4361.851,2238.522,1637.765,143.8147
2012-10-26,2247.91,3163.295,3327.719,685.333,4161.006,2164.676,1584.697,143.6768
2012-11-02,2306.77,3249.552,3418.418,701.38,4237.021,2223.607,1626.607,143.7104
2012-11-09,2240.92,3116.978,3284.724,672.67,4054.247,2168.199,1591.852,143.7365
2012-11-16,2177.24,3009.153,3165.493,656.196,3906.703,2110.505,1551.558,144.0118
2012-11-23,2192.68,3005.459,3177.759,651.43,3878.378,2128.385,1568.753,144.0888
2012-11-30,2139.66,2816.624,2930.446,606.766,3678.213,2096.881,1547.759,144.0845
2012-12-07,2246.76,2950.193,3071.861,637.487,3826.261,2203.625,1634.919,143.9898
2012-12-14,2355.87,3066.231,3183.753,656.217,3962.539,2316.816,1728.061,144.0806
2012-12-21,2372.0,3101.074,3218.082,668.089,3993.133,2333.905,1737.989,144.0802
2012-12-28,2480.05,3235.195,3378.979,707.668,4191.086,2435.392,1817.852,144.3115
2013-01-04,2524.41,3258.251,3391.446,705.342,4172.742,2490.708,1870.5,144.3576
2013-01-11,2483.23,3271.179,3454.624,731.587,4272.696,2435.643,1818.984,144.5947
2013-01-18,2595.44,3464.645,3659.565,787.386,4566.372,2528.172,1886.794,144.8218
2013-01-25,2571.67,3364.061,3536.897,762.848,4399.356,2522.525,1886.454,145.0685
2013-02-01,2743.32,3507.709,3659.46,782.363,4499.345,2715.226,2055.724,145.185
2013-02-08,2771.73,3608.589,3755.544,823.028,4680.385,2712.34,2042.422,145.5198
2013-02-22,2596.6,3548.358,3744.1,838.763,4599.503,2520.973,1883.475,145.8991
2013-03-01,2668.84,3648.422,3876.638,884.891,4706.829,2597.254,1944.423,145.8913
2013-03-08,2606.93,3570.38,3829.168,864.699,4647.398,2537.069,1901.481,146.1044
2013-03-15,2539.87,3471.214,3715.14,853.906,4578.314,2464.619,1841.32,146.1339
2013-03-22,2618.31,3579.92,3827.095,882.001,4723.534,2543.012,1904.462,146.1883
2013-03-29,2495.08,3447.285,3712.22,866.455,4614.603,2405.912,1793.194,146.4623
2013-04-03,2483.55,3397.232,3642.59,835.138,4478.414,2404.36,1789.666,146.8971
2013-04-12,2462.11,3394.517,3643.71,846.612,4497.902,2380.078,1774.505,147.3467
2013-04-19,2533.83,3495.242,3752.879,892.21,4658.769,2450.929,1827.983,147.4058
2013-04-26,2447.31,3367.766,3627.497,889.381,4481.204,2364.563,1766.037,147.637
2013-05-03,2492.91,3448.64,3746.931,939.21,4594.76,2405.2,1795.489,147.9356
2013-05-10,2540.84,3577.327,3912.064,988.3,4750.962,2446.915,1819.117,148.1275
2013-05-17,2592.05,3691.399,4031.555,1023.403,4935.783,2482.309,1843.809,148.2953
2013-05-24,2597.23,3782.071,4160.953,1073.782,5157.081,2465.001,1829.141,148.4224
2013-05-31,2606.43,3841.218,4210.967,1073.023,5131.981,2476.799,1841.366,148.4664
2013-06-07,2484.16,3616.21,3985.51,1030.139,4843.131,2363.084,1760.224,148.2542
2013-06-14,2416.77,3584.978,3975.523,1068.147,4857.517,2287.008,1704.147,148.2534
2013-06-21,2317.39,3446.483,3833.822,1025.497,4674.715,2190.98,1633.164,146.9273
2013-06-28,2200.64,3235.978,3602.107,1011.658,4456.556,2087.053,1552.383,147.9019
2013-07-05,2226.85,3371.529,3756.334,1057.273,4650.118,2090.364,1542.049,148.4459
2013-07-12,2275.37,3425.135,3829.195,1096.296,4691.329,2144.218,1587.589,147.8822
2013-07-19,2190.48,3394.306,3832.159,1116.005,4680.658,2053.871,1511.4,147.3865
2013-07-26,2224.01,3494.159,3968.932,1158.354,4782.697,2077.705,1521.612,147.0846
2013-08-02,2247.26,3533.609,4038.773,1188.851,4825.271,2097.376,1536.505,147.5236
2013-08-09,2286.01,3618.744,4113.434,1172.519,4964.261,2122.1,1553.044,146.9374
2013-08-16,2304.14,3554.348,4032.384,1132.086,4808.74,2161.69,1592.794,146.0209
2013-08-23,2286.93,3627.97,4184.816,1219.825,4951.9,2135.401,1566.293,145.8859
2013-08-30,2313.91,3664.148,4181.742,1185.145,4861.338,2162.922,1589.777,145.9855
2013-09-06,2357.78,3792.832,4352.459,1282.746,5014.068,2203.391,1625.854,145.7755
2013-09-13,2488.9,3849.82,4352.949,1253.448,5030.854,2358.163,1749.244,145.514
2013-09-18,2432.51,3822.123,4366.14,1289.642,5050.697,2297.711,1700.587,145.8115
2013-09-27,2394.97,3822.758,4393.742,1323.759,5164.748,2235.683,1639.152,146.22
2013-09-30,2409.04,3872.893,4470.446,1367.912,5234.505,2242.42,1643.055,146.2373
2013-10-11,2468.51,4026.916,4613.577,1379.9,5349.934,2285.301,1669.268,146.4177
2013-10-18,2426.05,3970.641,4549.987,1349.937,5255.552,2242.553,1636.8,146.0827
2013-10-25,2368.56,3821.779,4388.614,1269.171,5011.097,2199.482,1611.519,145.3834
2013-11-01,2384.96,3702.445,4240.214,1221.962,4864.491,2239.896,1644.752,145.4452
2013-11-08,2307.95,3629.94,4186.175,1211.11,4788.0,2166.322,1587.44,144.4831
2013-11-15,2350.73,3736.452,4324.288,1269.052,4918.329,2191.596,1604.823,142.7625
2013-11-22,2397.96,3842.756,4467.83,1295.067,5001.694,2239.933,1642.496,142.4796
2013-11-29,2438.94,3946.383,4643.3,1366.834,5121.594,2267.763,1661.409,143.2569
2013-12-06,2452.29,3918.783,4430.064,1206.783,4994.728,2283.161,1675.255,143.1065
2013-12-13,2406.64,3925.434,4520.793,1278.143,5052.437,2226.736,1626.41,143.123
2013-12-20,2278.14,3747.002,4348.799,1253.714,4879.132,2106.483,1537.413,142.6816
2013-12-27,2303.48,3800.774,4455.351,1294.302,4946.525,2129.317,1550.221,142.816
2014-01-03,2290.78,3816.316,4531.747,1352.84,5068.632,2110.908,1536.067,142.6274
2014-01-10,2204.85,3628.634,4354.844,1353.302,4860.31,2041.776,1498.268,142.9264
2014-01-17,2178.49,3671.915,4445.2,1395.509,4866.125,2015.101,1475.671,143.1364
2014-01-24,2245.68,3882.668,4695.287,1484.432,5103.421,2062.175,1502.065,143.7056
2014-01-30,2202.45,3885.416,4714.679,1495.978,5030.201,2019.939,1477.345,144.1313
2014-02-07,2212.48,3957.671,4818.246,1532.687,5111.619,2020.602,1475.343,144.4834
2014-02-14,2295.58,4134.16,5000.59,1515.784,5330.344,2094.563,1534.239,144.7865
2014-02-21,2264.29,4121.917,5030.78,1519.665,5280.108,2059.173,1505.331,145.3839
2014-02-28,2178.97,3975.929,4842.524,1434.894,5029.196,1990.219,1464.321,146.5361
2014-03-07,2168.36,4012.447,4949.835,1460.611,4995.105,1974.776,1455.585,146.3294
2014-03-14,2122.84,3888.975,4785.044,1434.021,4834.753,1940.119,1426.395,146.6421
2014-03-21,2158.8,3952.392,4870.013,1419.84,4801.261,1976.932,1464.08,146.4844
2014-03-28,2151.97,3865.295,4671.788,1330.5,4610.323,1980.377,1472.047,146.6085
2014-04-04,2185.47,3939.229,4743.682,1346.738,4761.042,2010.748,1490.334,146.5991
2014-04-11,2270.67,4021.194,4822.712,1363.899,4830.511,2102.399,1565.308,146.744
2014-04-18,2224.48,4029.262,4870.309,1377.419,4824.031,2041.294,1521.278,147.5241
2014-04-25,2167.83,3800.681,4582.632,1291.903,4584.175,2002.834,1501.046,147.718
2014-04-30,2158.66,3766.17,4525.306,1283.209,4552.266,2000.624,1494.808,147.9947
2014-05-09,2133.91,3716.022,4481.835,1258.584,4496.458,1978.212,1480.737,148.8002
2014-05-16,2145.95,3726.656,4472.169,1226.473,4499.775,1994.182,1487.735,148.9435
2014-05-23,2148.41,3786.563,4582.458,1295.998,4584.83,1990.165,1484.375,149.2021
2014-05-30,2156.46,3829.238,4648.233,1318.127,4651.803,1997.897,1482.096,149.8009
2014-06-06,2134.72,3818.333,4662.311,1350.447,4652.06,1979.99,1472.268,150.3926
2014-06-13,2176.24,3891.557,4766.518,1382.733,4745.714,2021.218,1502.961,150.5774
2014-06-20,2136.73,3789.342,4635.064,1333.982,4631.572,1984.521,1484.479,150.7454
2014-06-27,2150.26,3889.323,4829.479,1388.815,4740.34,1982.075,1473.756,150.9367
2014-07-04,2178.7,4004.561,4977.585,1411.638,4845.651,2001.319,1492.463,150.7492
2014-07-11,2148.01,4029.751,4966.176,1359.342,4712.544,1971.395,1468.541,150.8735
2014-07-18,2164.14,4042.521,4910.766,1305.922,4669.831,1991.419,1478.755,150.3166
2014-07-25,2260.45,4089.801,4899.727,1285.768,4713.948,2096.581,1557.015,150.5223
2014-08-01,2329.4,4210.219,5056.042,1325.938,4889.853,2163.66,1607.974,150.7083
2014-08-08,2331.13,4311.697,5206.203,1377.445,4994.171,2153.024,1595.662,150.9377
2014-08-15,2360.64,4423.636,5359.729,1392.451,5106.475,2171.593,1612.004,151.471
2014-08-22,2365.36,4521.752,5524.371,1461.722,5257.881,2157.792,1594.183,151.5866
2014-08-29,2338.29,4427.879,5421.286,1424.469,5203.026,2134.178,1581.284,151.876
2014-09-05,2449.26,4666.474,5722.823,1489.835,5449.023,2235.585,1656.237,152.0391
2014-09-12,2438.36,4756.949,5862.171,1524.121,5510.354,2206.587,1630.204,152.1336
2014-09-19,2425.21,4758.727,5870.094,1499.124,5440.257,2195.139,1619.581,152.8289
2014-09-26,2437.2,4829.94,6015.45,1511.36,5509.83,2193.98,1616.09,153.1572
2014-09-30,2450.99,4916.12,6127.134,1540.87,5604.8,2199.08,1619.7,153.3308
2014-10-10,2466.79,4981.85,6216.978,1554.22,5640.93,2214.32,1621.71,153.5356
2014-10-17,2441.73,4860.73,6058.67,1511.05,5479.35,2196.64,1608.52,154.5702
2014-10-24,2390.71,4774.67,5941.93,1477.59,5410.86,2156.29,1583.42,155.3469
2014-10-31,2508.33,4986.42,6208.61,1513.27,5557.58,2263.77,1657.29,155.9151
2014-11-07,2502.15,4977.26,6228.17,1522.63,5495.87,2248.07,1640.32,157.4404
2014-11-14,2581.09,4909.61,6009.45,1441.21,5324.23,2347.16,1728.81,157.9757
2014-11-21,2583.46,5029.77,6240.77,1504.83,5425.35,2323.97,1714.71,157.6621
2014-11-28,2808.82,5245.27,6478.11,1570.85,5587.2,2570.58,1914.44,158.6375
2014-12-05,3124.89,5333.89,6462.09,1581.91,5697.71,2922.28,2200.25,157.6116
2014-12-12,3193.23,5493.2,6545.19,1623.57,5778.59,2957.72,2193.29,156.9732
2014-12-19,3383.17,5524.12,6438.04,1596.81,5668.15,3206.92,2390.28,157.2085
2014-12-26,3445.84,5422.75,6233.94,1536.08,5565.61,3304.46,2464.82,158.1203
2014-12-31,3533.71,5322.71,6027.52,1471.76,5461.19,3440.6,2581.57,158.32
2015-01-09,3546.72,5409.06,6128.01,1553.24,5667.03,3441.21,2569.02,158.5645
2015-01-16,3635.15,5520.123,6252.075,1639.555,5890.847,3528.496,2653.034,159.6129
2015-01-23,3571.73,5633.289,6502.067,1697.288,6056.395,3423.606,2564.514,160.2752
2015-01-30,3434.39,5632.728,6546.597,1680.58,6046.61,3251.422,2405.38,160.0539
2015-02-06,3312.42,5534.785,6526.949,1730.966,6025.346,3131.178,2325.241,160.2626
2015-02-13,3469.83,5769.272,6815.848,1825.488,6358.961,3266.732,2427.474,160.6773
2015-02-17,3522.32,5911.098,7020.053,1894.306,6568.067,3296.195,2445.26,161.1238
2015-02-27,3572.84,6018.463,7141.888,1928.044,6630.63,3334.105,2474.595,161.2903
2015-03-06,3478.52,6133.026,7338.404,1951.398,6640.891,3203.012,2371.623,160.7998
2015-03-13,3617.66,6329.576,7649.345,2069.072,6932.042,3348.507,2495.277,160.9663
2015-03-20,3892.57,6850.897,8318.829,2213.766,7423.805,3596.394,2680.679,160.8039
2015-03-27,3971.7,7155.945,8710.291,2323.818,7877.509,3636.209,2689.24,160.2492
2015-04-03,4170.54,7679.01,9419.201,2510.16,8476.135,3799.086,2817.181,160.1959
2015-04-10,4344.42,7952.189,9600.401,2552.829,8519.187,4000.756,2986.605,159.812
2015-04-17,4596.14,7980.76,9567.695,2463.99,8442.205,4327.754,3235.332,160.5966
2015-04-24,4702.64,8419.095,10123.91,2734.75,8889.791,4352.194,3223.958,161.5869
2015-04-30,4749.89,8469.673,10180.49,2857.89,8777.176,4428.058,3250.49,161.9739
2015-05-08,4558.4,8201.293,10274.38,2973.596,8937.736,4226.723,3110.455,161.9945
2015-05-15,4617.47,8742.885,11217.93,3145.335,9632.983,4198.27,3060.411,163.1677
2015-05-22,4951.34,9778.171,12687.29,3516.627,10929.201,4462.632,3248.855,163.099
2015-05-29,4840.83,9966.845,13027.21,3542.844,10972.107,4311.77,3111.334,162.6454
2015-06-05,5230.55,11144.52,14465.75,3885.832,11718.204,4600.865,3303.988,162.8664
2015-06-12,5335.12,11545.89,15006.34,3899.705,11996.52,4649.8,3350.248,162.879
2015-06-19,4637.052,9987.407,13024.716,3314.976,10273.54,4049.252,2903.057,163.159
2015-06-26,4336.195,9078.065,11730.748,2920.703,9306.016,3850.013,2736.695,163.2224
2015-07-03,3885.917,7355.491,9358.732,2605.276,8068.065,3562.392,2582.266,163.3807
2015-07-10,4106.556,7244.784,8620.272,2535.889,8001.471,3928.117,2898.41,164.1717
2015-07-17,4151.496,7994.697,9541.259,2783.324,8742.147,3839.966,2807.065,164.2701
2015-07-24,4176.279,8425.074,10449.75,2897.824,9075.246,3791.103,2741.044,164.9047
2015-07-31,3816.699,7727.061,9223.636,2539.844,8336.12,3444.314,2461.24,165.3295
2015-08-07,3906.945,8013.319,9585.136,2576.993,8605.333,3509.336,2503.796,165.7117
2015-08-14,4073.54,8625.242,10377.979,2674.022,9043.352,3628.346,2577.038,165.6699
2015-08-21,3589.536,7612.902,9208.154,2341.954,8009.027,3202.77,2271.359,165.9297
2015-08-28,3342.286,6842.894,8270.959,2082.124,7293.457,3035.749,2159.958,166.4696
2015-09-02,3365.832,6122.553,7129.97,1855.032,6849.937,3127.117,2243.631,166.8748
2015-09-11,3347.188,6493.319,7952.136,2060.505,7094.412,3068.234,2195.391,166.9642
2015-09-18,3251.273,6036.881,7556.203,1983.298,6615.403,3038.956,2198.99,167.2509
2015-09-25,3231.951,6108.376,7640.173,2020.972,6708.308,3003.668,2183.404,167.2632
2015-09-30,3202.948,6123.727,7727.509,2082.673,6779.704,2965.187,2146.118,167.5353
2015-10-09,3340.116,6470.051,8180.397,2216.656,7133.516,3074.59,2219.294,167.8321
2015-10-16,3534.065,7047.56,8943.018,2449.03,7710.468,3214.444,2323.775,168.4231
2015-10-23,3571.241,7138.234,9182.553,2538.383,7823.706,3243.952,2343.965,168.8832
2015-10-30,3534.079,7084.971,9188.266,2478.277,7795.92,3204.226,2312.974,169.4636
2015-11-06,3793.374,7446.847,9629.28,2661.412,8265.496,3443.426,2493.484,169.1902
2015-11-13,3746.242,7567.108,9934.769,2710.161,8345.631,3380.969,2447.773,168.9092
2015-11-20,3774.383,7806.266,10440.352,2800.15,8580.416,3402.841,2466.757,168.9055
2015-11-27,3556.992,7376.124,9933.496,2649.55,8096.449,3219.75,2334.44,169.3171
2015-12-04,3677.592,7511.675,10081.573,2692.161,8235.208,3341.048,2397.562,169.8869
2015-12-11,3608.059,7290.702,9946.121,2671.292,8082.685,3275.618,2342.453,170.4001
2015-12-18,3767.913,7699.37,10629.97,2830.259,8478.873,3403.382,2422.835,170.7514
2015-12-25,3838.201,7792.124,10726.991,2794.73,8565.717,3482.117,2492.336,171.8938
2015-12-31,3731.005,7617.689,10614.379,2714.048,8393.825,3388.419,2420.801,172.1494
2016-01-08,3361.563,6570.432,8876.253,2248.99,7200.3,3116.66,2219.612,172.255
2016-01-15,3118.73,5893.682,7868.168,2112.902,6632.113,2909.854,2070.928,173.0058
2016-01-22,3113.463,5980.611,8074.285,2149.586,6700.964,2900.293,2061.962,172.9364
2016-01-29,2946.09,5469.125,7385.759,1994.065,6272.912,2767.023,1973.005,172.5331
2016-02-05,2963.789,5664.197,7718.708,2096.986,6399.217,2767.554,1967.26,172.5518
2016-02-19,3051.585,5979.516,8239.256,2211.006,6714.978,2823.199,2004.107,172.98
2016-02-26,2948.031,5648.938,7666.823,2014.92,6304.217,2750.959,1955.395,173.0313
2016-03-04,3093.89,5621.561,7418.801,1907.041,6261.244,2939.216,2122.269,173.3309
2016-03-11,3018.284,5508.982,7349.567,1934.87,6140.842,2872.234,2070.724,173.7005
2016-03-18,3171.963,5949.263,8097.204,2177.87,6632.239,2980.066,2141.177,174.1255
2016-03-25,3197.817,6077.431,8343.242,2216.086,6812.943,2994.73,2149.204,174.2659
2016-04-01,3221.895,6124.528,8389.287,2205.369,6799.114,3016.821,2167.782,174.3101
2016-04-08,3185.726,6168.742,8484.174,2229.934,6830.381,2965.532,2123.804,174.2168
2016-04-15,3272.205,6384.35,8841.095,2309.676,7011.919,3040.504,2182.067,173.6693
2016-04-22,3174.901,6011.32,8282.424,2136.924,6611.613,2989.125,2157.724,173.2673
2016-04-29,3156.745,5985.594,8291.699,2138.738,6616.827,2967.894,2135.509,173.015
2016-05-06,3130.354,5961.489,8276.033,2129.194,6563.617,2934.574,2107.009,173.2119
2016-05-13,3074.935,5714.311,7806.957,2025.223,6398.485,2896.575,2076.188,173.7667
2016-05-20,3078.218,5732.902,7860.128,2065.301,6433.558,2900.181,2083.117,173.592
2016-05-27,3062.499,5739.59,7912.864,2069.885,6420.716,2885.857,2074.92,173.6965
2016-06-03,3189.326,6032.603,8391.763,2204.974,6802.302,2993.094,2152.637,173.6675
2016-06-08,3163.986,6023.878,8431.892,2186.544,6809.42,2967.106,2132.963,173.8281
2016-06-17,3110.357,5964.272,8414.508,2122.89,6720.074,2926.458,2102.201,174.2968
2016-06-24,3077.155,5903.62,8428.823,2127.364,6658.703,2891.501,2076.3,174.6104
2016-07-01,3154.2,6111.539,8710.517,2211.177,6875.682,2963.829,2127.094,175.0839
2016-07-08,3192.28,6299.853,8939.259,2239.002,6987.699,2974.103,2148.761,175.5528
2016-07-15,3276.278,6441.016,8982.886,2263.784,7093.012,3039.903,2192.394,175.7411
2016-07-22,3225.162,6390.925,8931.966,2249.999,7002.719,2984.06,2157.232,176.3758
2016-07-29,3203.93,6202.892,8501.09,2122.412,6736.08,2982.378,2155.239,176.6561
2016-08-05,3205.11,6203.287,8505.364,2109.055,6729.824,2987.974,2148.682,177.0727
2016-08-12,3294.234,6299.092,8615.053,2123.841,6829.867,3083.372,2222.488,177.8145
2016-08-19,3365.02,6499.555,8923.363,2204.556,7021.191,3132.039,2249.342,177.9866
2016-08-26,3307.09,6410.734,8814.464,2189.749,6942.077,3079.513,2219.308,177.8777
2016-09-02,3314.114,6356.954,8724.942,2170.857,6872.163,3096.004,2229.893,177.9186
2016-09-09,3318.044,6471.053,8872.314,2202.967,6935.741,3093.338,2229.31,177.9919
2016-09-14,3238.73,6278.158,8618.149,2144.557,6726.92,3021.965,2176.523,178.0891
2016-09-23,3275.667,6370.583,8729.611,2156.51,6822.026,3057.901,2196.29,178.4914
2016-09-30,3253.285,6328.086,8661.019,2149.901,6783.591,3042.62,2177.352,178.7931
2016-10-14,3305.848,6469.492,8913.695,2194.227,6931.369,3087.716,2209.815,179.4169
2016-10-21,3327.74,6475.281,8943.011,2180.996,6948.867,3116.214,2240.75,179.9529
2016-10-28,3340.126,6455.835,8914.617,2165.433,6911.974,3129.434,2253.802,179.7716
2016-11-04,3354.175,6462.593,8979.926,2145.229,6895.156,3143.562,2271.926,179.7371
2016-11-11,3417.221,6583.886,9121.509,2147.107,6941.249,3201.37,2308.429,179.4086
2016-11-18,3417.455,6602.327,9146.214,2157.959,6928.973,3202.081,2307.274,178.5181
2016-11-25,3521.298,6652.818,9134.815,2167.527,6921.688,3323.554,2393.946,178.6983
2016-12-02,3528.955,6520.975,8900.414,2143.451,6858.433,3348.148,2416.508,177.7082
2016-12-09,3493.7,6513.916,8881.343,2099.887,6831.713,3317.529,2411.314,177.0334
2016-12-16,3346.031,6318.524,8559.991,1998.113,6543.183,3168.807,2302.315,174.4493
2016-12-23,3307.599,6281.997,8509.361,1964.541,6497.709,3123.198,2278.478,174.6612
2016-12-30,3310.081,6263.626,8490.861,1962.058,6472.232,3134.446,2286.898,175.5946
2017-01-06,3347.667,6371.617,8609.899,1965.03,6520.044,3169.13,2308.936,175.5081
2017-01-13,3319.912,6194.658,8286.241,1899.942,6324.508,3164.272,2308.055,175.8986
2017-01-20,3354.889,6121.998,8087.772,1880.748,6265.487,3213.695,2347.183,175.5087
2017-01-26,3387.961,6223.706,8205.871,1886.232,6341.376,3241.146,2364.024,175.204
2017-02-03,3364.492,6207.092,8182.279,1876.76,6335.561,3212.401,2339.989,175.0574
2017-02-10,3413.487,6337.108,8380.786,1904.684,6442.277,3253.215,2368.183,174.1974
2017-02-17,3421.442,6307.163,8324.417,1882.868,6465.448,3264.707,2362.709,174.466
2017-02-24,3473.852,6476.166,8543.449,1938.444,6635.269,3304.367,2389.877,174.8278
2017-03-03,3427.863,6452.839,8505.452,1928.289,6679.277,3248.565,2347.146,174.7322
2017-03-10,3427.892,6447.917,8537.78,1950.007,6718.107,3249.435,2339.234,174.4113
2017-03-17,3445.805,6483.246,8603.865,1949.661,6759.796,3264.491,2346.96,174.8533
2017-03-24,3489.6,6546.615,8602.29,1965.136,6861.223,3309.138,2365.604,174.8533
2017-03-31,3456.046,6401.6479,8339.146,1907.338,6745.679,3288.07,2359.752,175.0148
2017-04-07,3517.463,6578.726,8544.747,1946.048,6882.713,3334.103,2388.271,175.1681
2017-04-14,3486.505,6528.1624,8345.652,1887.46,6774.889,3300.507,2355.52,175.2152
2017-04-21,3466.787,6300.7128,7945.39,1839.006,6691.462,3306.294,2347.675,174.5577
2017-04-28,3439.753,6211.8624,7842.082,1850.733,6640.18,3287.388,2347.039,174.3043
2017-05-05,3382.55,6089.6828,7700.265,1818.191,6493.176,3253.418,2320.602,173.8041
2017-05-12,3385.379,5863.7832,7371.302,1774.627,6403.11,3300.447,2375.45,172.9242
2017-05-19,3403.849,5974.9772,7510.106,1801.077,6496.074,3304.358,2361.662,172.8696
2017-05-26,3480.435,5836.9338,7233.338,1759.631,6442.213,3430.629,2471.214,172.9642
2017-06-02,3486.507,5772.5174,7094.427,1745.926,6420.93,3444.825,2475.464,173.228
2017-06-09,3576.17,5969.2741,7348.521,1796.134,6695.286,3525.371,2519.273,173.4469
2017-06-16,3518.761,6012.9996,7442.953,1810.052,6704.948,3446.666,2452.79,174.2474
2017-06-23,3622.883,6010.3137,7376.665,1807.428,6823.528,3570.202,2529.098,174.7166
2017-06-30,3666.798,6138.1556,7465.762,1818.066,6946.426,3608.659,2549.968,175.245
2017-07-07,3655.929,6226.0108,7623.38,1835.439,6971.457,3579.82,2543.658,175.4235
2017-07-14,3703.094,6128.7397,7433.18,1745.567,6916.644,3672.698,2622.984,175.7186
2017-07-21,3728.598,6126.1083,7252.707,1690.145,6956.813,3693.505,2639.213,175.861
2017-07-28,3721.891,6215.4633,7386.208,1734.073,6995.557,3674.461,2636.394,175.7822
2017-08-04,3707.58,6225.1151,7389.146,1719.617,6913.447,3651.235,2627.803,175.7916
2017-08-11,3647.35,6161.1903,7328.402,1742.139,6892.317,3583.257,2570.257,175.6895
2017-08-18,3724.675,6347.7557,7576.055,1821.803,7163.475,3641.701,2613.265,175.8129
2017-08-25,3795.754,6346.5305,7559.306,1812.878,7196.627,3749.467,2706.242,175.5196
2017-09-01,3830.538,6526.5046,7739.905,1865.25,7383.457,3762.627,2710.119,175.4423
2017-09-08,3825.99,6574.1826,7838.796,1885.273,7448.771,3749.45,2686.69,175.6954
2017-09-15,3831.297,6622.0438,7880.566,1875.634,7488.369,3748.014,2668.376,175.9411
2017-09-22,3837.73,6572.0096,7849.727,1866.424,7525.397,3775.33,2679.053,176.003
2017-09-29,3836.501,6603.2587,7842.586,1866.981,7561.776,3769.667,2672.327,176.2239
2017-10-13,3921.002,6709.8164,7972.419,1926.074,7784.125,3858.451,2713.377,176.3431
2017-10-20,3926.852,6571.424,7751.428,1880.214,7752.529,3889.927,2737.641,176.1837
2017-10-27,4021.968,6630.8067,7770.713,1896.223,7820.656,4007.658,2814.272,175.9497
2017-11-03,3992.698,6426.9799,7476.981,1832.966,7756.578,3993.88,2800.469,175.594
2017-11-10,4111.911,6641.2164,7669.971,1900.63,8068.458,4102.246,2862.343,175.4733
2017-11-17,4120.851,6361.9415,7272.656,1833.895,7801.451,4167.019,2938.798,175.0417
2017-11-24,4104.203,6278.0287,7139.553,1782.656,7731.24,4168.585,2936.834,174.4923
2017-12-01,3998.137,6316.4072,7215.776,1804.622,7645.366,4030.525,2842.184,174.6363
2017-12-08,4003.379,6203.1433,7078.001,1792.155,7544.586,4050.912,2865.341,174.973
2017-12-15,3980.856,6235.7608,7122.748,1783.973,7586.944,4020.941,2820.167,174.9126
2017-12-22,4054.598,6242.8847,7037.397,1779.339,7615.202,4118.874,2880.773,175.0194
2017-12-29,4030.855,6250.8207,7017.351,1752.652,7554.856,4081.247,2860.436,175.0009
2018-01-05,4138.751,6417.2537,7176.868,1801.418,7715.803,4198.476,2932.356,175.1625
2018-01-12,4225.001,6399.3737,7127.828,1785.705,7755.686,4334.226,3018.596,175.1232
2018-01-19,4285.395,6272.38,6938.312,1728.139,7560.667,4436.89,3117.821,175.0271
2018-01-26,4381.3,6383.6312,7056.013,1816.8,7675.401,4540.852,3172.778,175.3052
2018-02-02,4271.233,6004.8494,6487.867,1702.426,7291.822,4463.058,3149.641,175.6037
2018-02-09,3840.653,5554.8974,6053.02,1592.51,6795.807,3989.358,2810.027,175.9766
2018-02-14,3966.961,5754.8344,6230.663,1646.771,7087.031,4115.388,2871.787,176.2656
2018-02-23,4071.089,5897.6765,6365.916,1668.834,7285.174,4228.189,2957.171,176.4503
2018-03-02,4016.461,6056.3354,6632.371,1772.005,7456.246,4122.086,2864.183,177.1003
2018-03-09,4108.865,6206.9754,6837.126,1856.455,7665.167,4208.857,2908.197,177.3432
2018-03-16,4056.423,6146.3058,6805.926,1821.322,7563.496,4152.881,2870.732,177.5042
2018-03-23,3904.936,5787.1523,6402.893,1726.02,7160.371,4016.174,2791.467,178.4674
2018-03-30,3898.498,6114.7382,6798.668,1900.481,7443.586,3942.113,2722.153,178.7532
2018-04-04,3854.863,6017.6863,6708.922,1836.812,7280.351,3905.425,2702.369,179.1407
2018-04-13,3871.144,6027.1867,6721.663,1824.594,7292.317,3924.843,2726.396,179.8003
2018-04-20,3760.854,5880.8359,6535.963,1782.808,7065.41,3816.496,2647.376,181.508
2018-04-27,3756.877,5860.9836,6517.054,1805.595,6998.767,3809.329,2653.544,181.1057
2018-05-04,3774.598,5909.2944,6531.293,1814.854,7129.327,3815.563,2646.355,181.1811
2018-05-11,3872.838,5991.3424,6636.767,1834.779,7287.983,3926.404,2724.716,180.8314
2018-05-18,3903.064,5995.1497,6620.775,1836.753,7341.238,3956.675,2740.535,180.6914
2018-05-25,3816.498,5917.7978,6541.4497,1804.548,7193.438,3851.491,2661.2911,181.2052
2018-06-01,3770.5891,5685.1155,6243.7318,1709.547,7001.545,3838.309,2647.1867,181.3702
2018-06-08,3779.6159,5669.3031,6205.9557,1711.522,7035.084,3863.897,2652.0823,181.2314
2018-06-15,3753.4338,5483.9446,5928.0725,1641.662,6817.148,3872.598,2667.9751,181.502
2018-06-22,3608.9046,5160.1228,5541.3742,1549.66,6498.969,3737.844,2583.708,181.9182
2018-06-29,3510.9845,5217.7643,5608.5358,1606.714,6477.764,3600.848,2479.9115,182.6195
2018-07-06,3365.1227,4996.6299,5374.5801,1541.313,6162.291,3468.403,2402.617,183.3688
2018-07-13,3492.6897,5204.1855,5561.6853,1618.463,6504.019,3582.304,2476.8642,183.5704
2018-07-20,3492.8938,5175.2516,5541.2117,1609.547,6479.21,3594.447,2493.765,184.1284
2018-07-27,3521.2269,5249.2904,5630.2272,1594.567,6468.871,3625.749,2525.0915,184.3314
2018-08-03,3315.2839,4929.75,5255.6309,1481.606,5942.001,3431.922,2413.5032,185.3406
2018-08-10,3405.0191,5030.5148,5342.0468,1511.707,6083.432,3544.063,2503.2058,185.1986
2018-08-17,3229.6198,4803.0285,5084.207,1434.305,5761.119,3361.873,2374.1729,184.6352
2018-08-24,3325.3347,4852.2887,5116.1391,1450.091,5851.908,3477.401,2471.9989,184.4776
2018-08-31,3334.5036,4814.8237,5057.9848,1435.2,5844.983,3487.982,2474.4765,184.6557
2018-09-07,3277.6438,4791.7779,5022.2844,1425.228,5714.392,3422.246,2437.677,184.5909
2018-09-14,3241.7006,4670.0799,4907.9587,1366.565,5533.302,3405.751,2425.3492,184.5121
2018-09-21,3410.4856,4805.2151,5011.6909,1411.119,5749.204,3604.848,2573.6031,184.6016
2018-09-28,3438.8649,4800.7287,4987.2727,1411.339,5750.77,3641.081,2606.6676,185.0886
2018-10-12,3170.7262,4278.0353,4427.6804,1268.405,5099.711,3401.646,2444.1305,185.8202
2018-10-19,3134.9455,4127.9854,4241.2335,1249.889,5009.14,3389.76,2446.3196,186.2355
2018-10-26,3173.635,4233.9585,4359.4744,1263.188,5027.147,3414.426,2468.9096,186.6393
2018-11-02,3290.2455,4437.9456,4564.1771,1348.279,5317.608,3515.666,2542.768,187.0422
2018-11-09,3167.4442,4368.6143,4561.2128,1322.83,5089.841,3366.862,2434.212,187.546
2018-11-16,3257.6735,4659.0965,4923.9862,1403.282,5345.528,3427.763,2461.4445,188.5165
2018-11-23,3143.4752,4374.7644,4642.1171,1308.738,5043.899,3329.63,2399.2026,188.7919
2018-11-30,3172.69,4376.6511,4648.1837,1329.388,5087.571,3359.697,2428.0445,189.0051
2018-12-07,3181.5646,4410.9593,4731.9019,1341.018,5128.492,3364.169,2430.7223,189.7654
2018-12-14,3165.9109,4337.1025,4641.8881,1310.457,5014.621,3360.633,2423.3814,189.8339
2018-12-21,3029.3951,4231.144,4517.7798,1270.304,4769.657,3202.922,2306.1451,189.9685
2018-12-28,3010.6536,4168.0363,4430.0238,1250.525,4703.027,3185.828,2293.0985,190.4823
2019-01-04,3035.8741,4210.8786,4497.8933,1245.156,4716.471,3213.014,2314.6466,191.4781
2019-01-11,3094.7782,4314.8757,4621.6108,1261.56,4863.626,3273.395,2354.4987,192.0041
2019-01-18,3168.1739,4347.8112,4626.4129,1269.504,4926.272,3356.904,2417.363,192.2247
2019-01-25,3184.4696,4318.4417,4607.9448,1265.494,4945.273,3382.119,2441.64,192.0775
2019-02-01,3247.3971,4294.2696,4482.9853,1271.274,5004.489,3465.242,2499.6442,192.406
2019-02-15,3338.7047,4502.7348,4773.5144,1357.836,5313.987,3531.436,2517.4622,192.9339
2019-02-22,3520.1182,4777.2977,5059.5092,1456.298,5688.879,3704.305,2623.0736,192.8335
2019-03-01,3749.7143,5067.225,5364.3661,1567.873,5939.921,3963.819,2819.4681,192.3619
2019-03-08,3657.579,5245.6999,5633.3187,1654.485,6081.053,3806.416,2685.592,192.5314
2019-03-15,3745.005,5359.0087,5777.1086,1662.622,6198.559,3894.706,2755.8053,192.4975
2019-03-22,3833.8013,5622.1402,6014.5459,1693.865,6367.467,3968.94,2795.3909,192.6944
2019-03-29,3872.3412,5547.6561,5911.2119,1693.547,6379.977,4027.946,2838.5054,193.1958
2019-04-04,4062.2309,5871.5575,6260.0695,1777.262,6662.742,4207.739,2951.9848,192.4912
2019-04-12,3988.6168,5714.3676,6101.2045,1695.729,6411.38,4160.739,2920.5151,192.2632
2019-04-19,4120.6078,5810.1798,6255.252,1715.795,6530.412,4336.8594,3042.4321,191.7746
2019-04-26,3889.2748,5408.0306,5834.3774,1657.824,6102.363,4103.051,2892.8568,191.6544
2019-04-30,3913.211,5307.56,5682.2357,1623.781,6044.436,4154.379,2945.2438,191.7562
2019-05-10,3730.4513,5064.323,5445.5262,1533.871,5742.935,3953.0,2793.7589,192.6682
2019-05-17,3648.7609,4942.5792,5330.9863,1478.748,5546.333,3881.003,2735.2124,193.0911
2019-05-24,3593.9139,4841.7573,5200.774,1443.746,5357.336,3823.397,2702.0252,193.1057
2019-05-31,3629.7893,4912.0005,5334.2477,1483.657,5474.764,3850.458,2728.9459,193.3205
2019-06-06,3564.6778,4678.7844,5030.8005,1416.055,5262.866,3808.938,2706.7621,193.7487
2019-06-14,3654.8799,4795.5267,5173.0685,1453.957,5416.594,3910.983,2785.6055,193.7931
2019-06-21,3833.9383,5021.3051,5406.04,1523.808,5688.935,4108.156,2938.7729,194.1598
2019-06-28,3825.5873,4950.4798,5321.4331,1511.507,5678.745,4103.708,2930.5982,194.4199
2019-07-05,3893.2025,5042.6599,5424.2503,1547.737,5799.304,4178.739,2961.9222,195.1297
2019-07-12,3808.7311,4861.5679,5219.1888,1518.074,5625.792,4096.798,2902.1295,195.2405
2019-07-19,3807.9551,4878.6903,5220.0273,1541.981,5625.468,4085.7704,2895.6249,195.3811
2019-07-26,3858.5688,4898.1099,5216.6018,1561.855,5795.016,4139.479,2939.3547,195.5941
2019-08-02,3747.4379,4809.9198,5091.0633,1556.744,5669.615,4013.823,2843.7704,196.0668
2019-08-09,3633.5296,4600.3526,4869.7924,1507.706,5455.935,3905.208,2772.1492,196.7892
2019-08-16,3710.5386,4722.6625,5013.5824,1567.992,5673.09,3974.754,2824.2258,197.186
2019-08-23,3820.8638,4887.9024,5197.5481,1615.559,5865.105,4096.192,2917.3773,197.1233
2019-08-30,3799.5863,4886.494,5182.9555,1610.898,5883.09,4063.476,2872.401,197.1586
2019-09-06,3948.5075,5154.6378,5468.4591,1692.239,6177.702,4206.936,2981.0728,197.4999
2019-09-12,3972.3799,5242.6115,5592.9216,1710.572,6238.588,4226.3066,2999.5617,197.4383
2019-09-20,3935.6511,5204.4848,5556.4776,1705.047,6253.909,4175.656,2963.4349,197.3521
2019-09-27,3852.6534,5005.6299,5291.4359,1647.533,6077.233,4114.714,2929.4659,197.2697
2019-09-30,3814.5282,4940.903,5232.3865,1627.545,5997.804,4073.041,2897.7027,197.3456
2019-10-11,3911.7253,5055.5165,5370.6541,1666.834,6104.156,4182.3676,2983.1198,197.5421
2019-10-18,3869.3777,4961.8072,5280.5324,1648.625,6044.629,4143.1805,2963.1753,197.4779
2019-10-25,3896.7923,4994.5684,5300.0943,1675.34,6163.929,4163.324,2967.0517,197.3279
2019-11-01,3952.3872,4962.3495,5303.9905,1686.998,6217.911,4234.516,3002.6488,196.8947
2019-11-08,3973.0107,4988.2938,5321.7779,1711.215,6309.009,4244.078,3012.4594,197.2482
2019-11-15,3877.0892,4868.4367,5152.5637,1674.783,6197.524,4140.4662,2954.7013,197.6514
2019-11-22,3849.9948,4904.0828,5181.1093,1679.802,6175.567,4093.212,2922.2669,198.4577
2019-11-29,3828.6706,4894.9416,5126.6146,1664.896,6096.476,4063.946,2894.7154,198.5844
2019-12-06,3902.3853,5010.5104,5275.5098,1726.801,6289.46,4130.571,2939.8184,198.6872
2019-12-13,3968.2211,5073.6858,5375.9765,1755.413,6339.257,4211.014,3006.3127,198.9216
2019-12-20,4017.2527,5184.6752,5501.1575,1771.706,6495.229,4251.421,3012.6257,199.1065
2019-12-27,4022.0278,5179.1929,5498.9254,1767.581,6500.484,4247.193,3017.7787,199.7998
2020-01-03,4144.9649,5380.6372,5706.0438,1836.011,6829.664,4349.7042,3078.2793,199.9015
2020-01-10,4163.1849,5480.2279,5851.8928,1904.194,6981.076,4356.824,3067.881,200.3074
2020-01-17,4154.853,5510.0453,5879.4121,1932.51,7110.721,4334.2564,3053.1729,200.5677
2020-01-23,4003.9013,5377.7411,5699.0083,1927.741,7040.36,4153.2157,2932.4932,201.265
2020-02-07,3899.8693,5327.0369,5583.5955,2015.799,6996.563,4016.0016,2851.7105,202.9566
2020-02-14,3987.7342,5420.8025,5727.8291,2069.218,7215.125,4090.182,2895.0644,203.2819
2020-02-21,4149.4903,5784.0321,6243.4783,2226.638,7686.877,4218.948,2968.1381,203.329
2020-02-28,3940.0488,5451.2897,5870.9664,2071.566,7256.439,4016.823,2821.0419,204.0895
2020-03-06,4138.5072,5763.8602,6296.7385,2192.936,7566.089,4218.165,2964.8348,204.5933
2020-03-13,3895.3128,5457.2006,5945.4645,2030.58,7052.237,3975.9214,2798.7695,204.9958
2020-03-20,3653.2239,5219.2809,5670.471,1915.046,6635.785,3710.406,2628.4161,204.7515
2020-03-27,3710.0605,5137.3371,5553.6122,1903.881,6545.824,3801.584,2701.4447,205.5552
2020-04-03,3713.2183,5107.0393,5507.1187,1906.674,6632.783,3809.8349,2708.8246,206.0676
2020-04-10,3769.1782,5208.5102,5637.5316,1949.884,6705.052,3868.4403,2749.8466,207.8311
2020-04-17,3839.4871,5318.4547,5710.0533,2020.769,6887.65,3931.401,2809.0757,208.2578
2020-04-24,3796.9721,5273.5474,5675.5096,2003.747,6795.829,3898.2322,2776.0245,208.8015
2020-04-30,3912.5772,5353.8595,5678.1658,2069.432,7087.227,4014.9375,2861.9077,209.0289
2020-05-08,3963.6217,5507.6965,5862.7665,2125.243,7231.932,4046.1769,2873.0125,208.4774
2020-05-15,3912.8159,5507.9336,5889.9767,2124.31,7164.746,3982.681,2819.6911,207.7355
2020-05-22,3824.064,5328.2268,5683.9962,2046.595,6940.097,3907.182,2775.8096,207.7549
2020-05-29,3867.0232,5406.3403,5816.4003,2086.665,6995.415,3952.131,2806.6643,206.758
2020-06-05,4001.2509,5585.4231,6015.3274,2166.375,7333.62,4098.547,2896.3495,204.9469
2020-06-12,4003.0829,5591.4871,6031.1709,2206.764,7405.201,4085.906,2884.1157,205.2805
2020-06-19,4098.7095,5787.1482,6187.1082,2319.449,7712.129,4165.051,2925.9356,204.7496
2020-06-24,4138.9895,5789.0893,6227.5693,2382.473,7865.161,4187.0869,2943.4733,204.5521
2020-07-03,4419.5955,6051.5099,6478.3539,2462.562,8287.898,4496.9977,3159.1583,205.0141
2020-07-10,4753.1333,6676.4373,7150.4243,2778.456,9149.69,4768.145,3351.78,203.2019
2020-07-17,4544.7007,6344.5912,6772.5322,2662.402,8760.506,4564.9053,3185.8909,203.5084
2020-07-24,4505.5906,6283.9831,6784.6347,2627.842,8555.142,4506.8214,3158.2854,204.5469
2020-07-31,4695.0462,6579.6696,7141.592,2795.399,9087.859,4635.073,3249.3375,204.1625
2020-08-07,4707.9262,6688.8822,7339.8113,2749.953,9095.928,4632.6157,3263.7455,204.0315
2020-08-14,4704.6288,6623.5633,7183.9582,2668.712,9024.885,4684.4674,3288.5141,204.2242
2020-08-21,4718.8431,6643.9444,7194.274,2632.452,9057.329,4711.054,3284.7267,203.9568
2020-08-28,4844.2652,6691.2096,7204.7816,2757.838,9269.864,4850.413,3368.4384,203.277
2020-09-04,4770.219,6618.5762,7182.1053,2732.154,9084.623,4769.722,3309.2096,203.0956
2020-09-11,4627.2826,6311.967,6742.0594,2536.618,8613.314,4673.3088,3265.4966,203.2429
2020-09-18,4737.0887,6469.4692,6929.7672,2596.081,8828.556,4787.818,3347.7784,203.2905
2020-09-25,4570.0216,6236.8904,6634.3886,2540.426,8559.036,4607.6116,3229.7769,203.483
2020-09-30,4587.3953,6192.5045,6617.1587,2574.758,8671.935,4630.33,3232.4183,203.3616
2020-10-09,4681.1412,6357.9711,6822.3647,2672.934,8936.371,4699.679,3286.8572,203.3281
2020-10-16,4791.676,6428.6822,6906.3883,2724.496,9071.6,4852.0132,3380.1689,203.192
2020-10-23,4718.4881,6213.2626,6641.3292,2600.842,8816.057,4837.72,3346.608,203.7394
2020-10-30,4695.3338,6111.4803,6511.1579,2655.864,8967.109,4778.257,3280.3835,203.9971
2020-11-06,4885.7178,6301.2477,6688.6623,2733.071,9329.939,4993.615,3359.1193,204.2604
2020-11-13,4856.8513,6306.97,6686.3913,2706.813,9144.646,4957.8598,3338.3101,204.0052
2020-11-20,4943.2882,6422.9854,6766.0605,2667.092,9135.081,5067.6725,3411.9323,203.5953
2020-11-27,4980.765,6351.6119,6641.7734,2618.99,9028.194,5136.262,3498.6589,203.9807
2020-12-04,5065.9163,6464.7345,6746.6295,2730.837,9273.676,5202.048,3541.5209,204.4193
2020-12-11,4889.6292,6209.427,6498.2391,2687.78,8942.295,5017.7479,3427.8565,204.5742
2020-12-18,4999.9678,6291.918,6573.4036,2780.73,9096.283,5142.88,3507.9743,204.8909
2020-12-25,5042.0137,6278.4981,6561.2749,2840.8,9343.213,5169.6098,3512.4862,205.5809
2020-12-31,5211.2885,6367.1149,6646.4735,2966.256,9545.183,5358.157,3640.6389,206.0156
2021-01-08,5495.4306,6557.5964,6585.3587,3150.779,10318.909,5652.0757,3788.3191,206.4105
2021-01-15,5458.0812,6417.5011,6528.461,3089.944,10109.689,5625.7084,3817.9345,206.8614
2021-01-22,5569.776,6637.8052,6721.9167,3358.237,10510.312,5699.6285,3846.3945,207.0245
2021-01-29,5351.9646,6346.1371,6304.1181,3128.864,9992.64,5522.7779,3713.2471,206.6157
2021-02-05,5483.414,6239.8709,6045.297,3193.706,10052.682,5716.012,3840.7663,206.4437
2021-02-10,5807.7191,6525.1658,6303.3064,3413.81,10797.846,6030.5374,4028.5289,206.5237
2021-02-19,5778.842,6703.4821,6527.6465,3285.534,10684.733,5993.803,4014.4564,206.4933
2021-02-26,5336.7609,6364.3529,6325.4046,2914.112,9706.988,5531.5294,3756.8597,206.6406
2021-03-05,5262.7958,6403.4964,6456.2791,2871.971,9705.346,5441.1369,3688.6818,206.9897
2021-03-12,5146.3786,6222.3802,6220.4779,2756.812,9215.097,5346.921,3632.5784,207.1829
2021-03-19,5007.0907,6206.6023,6250.8147,2671.517,8899.01,5183.7,3512.0203,207.4568
2021-03-26,5037.9899,6251.7941,6301.3414,2745.4,8950.899,5210.2012,3529.7282,207.8802
2021-04-02,5161.5569,6326.6059,6361.2515,2852.229,9114.219,5338.8639,3616.7636,208.0815
2021-04-09,5035.3374,6335.2393,6399.5218,2783.326,8887.388,5178.593,3514.1106,208.2213
2021-04-16,4966.1811,6339.5906,6368.846,2783.373,8756.816,5098.575,3448.1042,208.7929
2021-04-23,5135.4534,6462.7558,6453.3025,2994.488,9228.051,5267.6268,3524.0216,209.1936
2021-04-30,5123.489,6485.7075,6382.1364,3091.395,9266.215,5238.637,3491.1877,209.095
2021-05-07,4996.0527,6444.4429,6320.2529,2910.41,8971.317,5101.7223,3406.3103,209.3229
2021-05-14,5110.5901,6525.8036,6462.4764,3033.805,9006.352,5211.874,3503.037,209.6879
2021-05-21,5134.1483,6527.864,6480.3741,3113.258,9230.842,5219.8629,3481.8619,210.2349
2021-05-28,5321.0886,6668.1696,6694.3457,3232.291,9506.208,5419.1538,3659.2957,210.3281
2021-06-04,5282.2772,6693.0574,6785.8035,3242.612,9567.865,5372.7279,3612.7014,210.3619
2021-06-11,5224.703,6725.9152,6852.9728,3298.496,9497.523,5296.728,3576.7773,210.177
2021-06-18,5102.4657,6657.7635,6863.7156,3239.226,9413.113,5126.9035,3454.5885,210.1169
2021-06-25,5239.9684,6813.4138,7000.4297,3347.699,9812.938,5252.3586,3535.0185,210.5398
2021-07-02,5081.1172,6658.0451,6908.9318,3333.897,9568.923,5070.218,3408.2369,210.8823
2021-07-09,5069.4361,6804.5389,7142.8994,3409.309,9711.059,4993.4421,3361.5946,211.7815
2021-07-16,5094.7727,6925.1232,7228.3631,3432.647,9713.498,5010.98,3369.8994,212.5503
2021-07-23,5089.2282,6985.7499,7379.7905,3469.873,9798.564,4954.774,3357.447,213.1687
2021-07-30,4811.1695,6767.316,7262.383,3440.181,9428.927,4593.6448,3132.8205,213.816
2021-08-06,4921.5647,6938.8679,7482.1737,3490.901,9697.572,4701.651,3195.696,214.2739
2021-08-13,4945.9829,7088.8876,7641.9169,3345.126,9654.803,4762.262,3217.8366,214.0269
2021-08-20,4769.2678,6920.0248,7467.3611,3192.9,9352.264,4556.6501,3072.7545,214.4413
2021-08-27,4827.0433,7180.1088,7680.0781,3257.071,9571.993,4581.9921,3123.049,214.3995
2021-09-03,4843.0624,7278.6809,7630.8413,3102.144,9330.666,4644.1068,3175.8791,214.7315
2021-09-10,5013.5219,7607.6749,7932.6512,3232.01,9682.341,4786.5476,3252.3246,214.5918
2021-09-17,4855.9402,7395.5645,7730.2239,3193.261,9455.788,4661.1945,3161.9221,214.5411
2021-09-24,4849.4277,7380.3843,7695.6176,3207.816,9464.907,4634.158,3145.112,214.7314
2021-09-30,4866.3826,7103.6076,7405.4623,3244.645,9401.718,4730.047,3196.9905,214.7117
2021-10-08,4929.9409,7091.3356,7425.6688,3243.203,9451.294,4825.5855,3256.2613,214.6538
2021-10-15,4932.1084,7024.1596,7350.4129,3276.32,9539.067,4843.239,3294.8333,214.2327
2021-10-22,4959.7254,7026.0676,7438.4806,3284.91,9627.108,4876.8528,3318.1275,214.1189
2021-10-29,4908.7701,7022.4992,7385.3049,3350.665,9760.035,4785.4902,3267.2491,214.5092
2021-11-05,4842.3458,6991.9077,7389.5866,3352.754,9814.203,4703.0488,3201.5462,215.3491
2021-11-12,4888.3749,7156.6127,7697.8082,3430.141,9916.639,4722.2489,3220.5481,215.357
2021-11-19,4890.0575,7169.8759,7803.7626,3418.959,9887.816,4731.647,3212.9077,215.589
2021-11-26,4860.1265,7219.8622,7940.7888,3468.865,9745.839,4690.8385,3187.3579,216.1889
2021-12-03,4901.0175,7301.9173,8023.9634,3478.665,9780.336,4723.6298,3221.4223,216.1581
2021-12-10,5055.1172,7306.646,7949.1249,3466.797,10056.608,4914.4954,3353.6302,216.5335
2021-12-17,4954.7599,7314.5601,7894.1034,3434.339,9806.65,4817.7698,3278.8985,216.7879
2021-12-24,4921.3449,7278.7556,7776.6064,3297.106,9810.99,4805.8489,3290.2357,216.9516
2021-12-31,4940.3733,7359.4024,8010.3235,3322.672,9985.738,4792.9137,3274.3209,217.6493
2022-01-07,4822.3689,7175.676,7682.6973,3096.881,9572.97,4704.7564,3223.267,217.7247
2022-01-14,4726.7317,7081.1408,7675.3707,3119.407,9452.972,4605.955,3139.0453,218.2735
2022-01-21,4779.3142,6976.6155,7388.7443,3034.679,9457.654,4697.35,3218.7352,219.4885
2022-01-28,4563.772,6580.53,6973.0104,2908.944,9077.82,4486.9071,3054.0209,219.7313
2022-02-11,4601.3953,6745.0235,7033.8514,2746.382,8969.665,4529.474,3142.9117,219.4427
2022-02-18,4651.2358,6835.0217,7251.7923,2826.812,9198.917,4568.995,3162.8215,219.3514
2022-02-25,4573.4247,6819.4311,7361.9573,2855.802,9222.163,4454.5179,3075.5872,219.0737
2022-03-04,4496.4301,6803.8337,7241.5625,2748.638,8897.348,4373.4431,3062.3824,218.7292
2022-03-11,4306.5217,6474.1269,6990.7781,2665.461,8484.513,4201.465,2935.684,218.6971
2022-03-18,4265.9017,6332.2166,6879.3659,2713.794,8342.91,4165.3282,2913.1854,218.9809
2022-03-25,4174.5742,6268.2376,6819.8127,2637.944,8137.688,4068.352,2856.4277,219.0667
2022-04-01,4276.158,6364.5206,6772.6042,2666.969,8218.522,4196.457,2943.2437,219.4811
2022-04-08,4230.7669,6224.1167,6575.2832,2569.91,8042.625,4163.04,2925.4913,220.0511
