trade_date,采掘,化工,钢铁,有色金属,建筑材料,建筑装饰,电气设备,机械设备,国防军工,汽车,家用电器,纺织服装,轻工制造,商业贸易,农林牧渔,食品饮料,休闲服务,医药生物,公用事业,交通运输,房地产,电子,计算机,传媒,通信,银行,非银金融,综合
2000-01-28,1330.06,1082.05,1083.06,1168.21,,,,,,,1130.98,1119.34,1120.25,1247.55,1216.79,1145.8,1166.6,1150.49,1135.44,1100.44,1146.88,1234.92,,,,,,1220.55
2000-02-29,1391.97,1203.65,1141.95,1213.31,,,,,,,1189.96,1224.02,1241.34,1404.43,1493.42,1220.04,1360.6,1290.61,1296.69,1279.83,1305.27,1409.85,,,,,,1374.84
2000-03-31,1577.92,1302.26,1238.12,1333.83,,,,,,,1249.55,1416.52,1335.3,1440.37,1537.94,1277.41,1505.4,1357.69,1389.67,1324.47,1375.7,1448.55,,,,,,1390.26
2000-04-28,1484.73,1314.99,1311.49,1350.55,,,,,,,1238.94,1401.68,1347.92,1489.95,1619.77,1293.71,1483.14,1374.81,1446.34,1385.25,1411.46,1432.03,,,,,,1402.45
2000-05-31,1815.62,1358.49,1456.24,1373.59,,,,,,,1221.97,1457.01,1401.82,1513.87,1614.32,1314.24,1547.44,1478.79,1494.44,1446.22,1454.02,1476.58,,,,,,1470.04
2000-06-30,1938.0,1408.0,1463.44,1472.79,,,,,,,1264.02,1439.76,1409.48,1518.83,1603.62,1375.31,1567.61,1555.86,1559.32,1490.85,1512.63,1526.74,,,,,,1483.49
2000-07-31,2067.89,1476.32,1620.72,1552.48,,,,,,,1246.81,1520.26,1535.61,1593.66,1705.02,1430.35,1623.43,1597.22,1587.49,1527.97,1561.77,1602.78,,,,,,1558.95
2000-08-31,1992.93,1471.12,1585.7,1565.02,,,,,,,1225.23,1517.92,1597.15,1602.15,1765.19,1433.65,1638.43,1608.79,1550.53,1510.32,1529.68,1603.22,,,,,,1543.43
2000-09-29,1991.3,1411.69,1490.02,1531.47,,,,,,,1174.26,1492.48,1488.82,1553.47,1722.64,1363.08,1586.24,1544.66,1437.05,1411.33,1460.58,1544.89,,,,,,1424.88
2000-10-31,2065.99,1480.74,1555.32,1577.69,,,,,,,1195.63,1514.37,1524.3,1607.04,1734.6,1378.88,1619.19,1589.5,1505.83,1415.45,1498.47,1565.85,,,,,,1438.23
2000-11-30,2060.49,1572.63,1630.97,1699.56,,,,,,,1242.19,1610.11,1607.67,1689.61,1802.3,1481.56,1715.09,1695.91,1545.86,1483.76,1591.39,1661.43,,,,,,1524.53
2000-12-29,1994.02,1587.47,1607.51,1753.39,,,,,,,1195.26,1624.59,1605.42,1678.7,1793.34,1504.87,1754.19,1714.62,1529.45,1493.66,1598.51,1701.49,,,,,,1504.83
2001-01-19,2064.93,1604.17,1670.41,1685.38,,,,,,,1137.17,1631.04,1602.19,1655.05,1742.52,1491.55,1647.66,1707.54,1521.78,1495.87,1625.04,1627.33,,,,,,1466.83
2001-02-28,1911.32,1515.46,1651.48,1671.54,,,,,,,1069.95,1524.49,1502.14,1573.32,1659.28,1419.98,1540.86,1587.88,1435.62,1424.37,1500.46,1511.29,,,,,,1357.31
2001-03-30,2008.65,1645.72,1733.67,1770.45,,,,,,,1178.46,1664.74,1598.58,1692.13,1758.7,1533.57,1698.58,1695.83,1543.27,1516.51,1618.42,1580.77,,,,,,1454.34
2001-04-30,1935.44,1647.12,1692.38,1764.04,,,,,,,1125.85,1638.91,1586.36,1671.39,1734.16,1521.04,1706.85,1685.36,1494.79,1513.47,1618.59,1563.52,,,,,,1501.84
2001-05-31,2021.74,1734.18,1699.31,1813.99,,,,,,,1157.69,1708.27,1683.17,1772.73,1794.46,1599.3,1807.45,1755.4,1514.69,1545.3,1668.04,1561.36,,,,,,1590.33
2001-06-29,2123.81,1756.38,1724.74,1756.13,,,,,,,1150.75,1770.07,1675.4,1783.25,1760.01,1629.2,1817.16,1769.92,1545.7,1567.52,1685.44,1542.96,,,,,,1600.46
2001-07-31,1789.21,1509.1,1533.5,1492.91,,,,,,,965.7,1581.62,1429.47,1531.79,1523.03,1436.26,1579.17,1524.26,1332.13,1407.1,1528.91,1300.84,,,,,,1384.84
2001-08-31,1697.23,1444.32,1453.6,1411.33,,,,,,,922.77,1518.67,1361.12,1499.07,1518.99,1416.63,1537.86,1480.1,1305.43,1368.64,1472.85,1222.7,,,,,,1343.71
2001-09-28,1677.03,1364.43,1387.95,1375.92,,,,,,,899.52,1442.26,1293.33,1428.51,1244.33,1343.45,1451.01,1423.91,1236.85,1288.49,1384.41,1168.88,,,,,,1262.01
2001-10-31,1513.03,1283.84,1322.12,1241.45,,,,,,,912.31,1428.74,1256.89,1335.55,1161.77,1273.13,1308.38,1320.58,1198.35,1236.86,1308.19,1133.82,,,,,,1172.59
2001-11-30,1589.31,1341.96,1374.57,1301.06,,,,,,,922.48,1458.79,1299.03,1401.85,1182.96,1321.59,1404.58,1378.39,1262.3,1297.66,1371.77,1164.38,,,,,,1188.4
2001-12-31,1539.8,1253.35,1312.98,1217.77,,,,,,,872.94,1360.43,1218.51,1303.93,1098.48,1288.45,1284.02,1335.25,1191.23,1228.01,1272.84,1107.53,,,,,,1107.98
2002-01-31,1444.06,1082.01,1237.74,1064.15,,,,,,,780.59,1214.32,1073.71,1130.07,935.37,1186.46,1163.84,1203.43,1096.25,1131.83,1127.76,947.69,,,,,,971.31
2002-02-28,1476.17,1115.19,1269.32,1101.59,,,,,,,806.52,1250.81,1109.03,1164.68,981.21,1200.69,1196.41,1232.09,1122.63,1168.47,1178.01,967.55,,,,,,1003.93
2002-03-29,1529.45,1207.91,1309.61,1183.01,,,,,,,820.2,1341.39,1210.02,1254.04,1065.94,1270.31,1290.18,1310.72,1189.84,1228.23,1303.39,1023.67,,,,,,1098.61
2002-04-30,1584.35,1255.86,1360.06,1201.13,,,,,,,855.33,1407.54,1245.1,1323.25,1105.01,1296.63,1359.02,1364.07,1241.41,1276.96,1358.48,1073.05,,,,,,1130.8
2002-05-31,1420.15,1149.67,1252.69,1078.69,,,,,,,782.28,1292.43,1138.07,1204.6,1000.4,1217.65,1237.21,1247.01,1125.89,1161.13,1227.31,959.39,,,,,,1051.65
2002-06-28,1578.33,1299.64,1452.95,1241.68,,,,,,,908.93,1430.82,1256.61,1349.23,1106.58,1339.87,1367.87,1373.77,1285.75,1353.54,1425.98,1116.73,,,,,,1174.92
2002-07-31,1494.31,1249.57,1364.46,1176.85,,,,,,,831.95,1369.07,1227.04,1320.18,1052.68,1297.71,1327.42,1368.53,1228.46,1296.1,1339.94,1051.88,,,,,,1126.14
2002-08-30,1497.96,1263.06,1364.52,1182.9,,,,,,,832.38,1375.86,1237.55,1335.21,1066.28,1294.8,1341.0,1387.8,1239.72,1304.86,1338.52,1051.41,,,,,,1137.5
2002-09-27,1418.05,1190.68,1299.82,1120.08,,,,,,,770.1,1313.57,1172.95,1262.17,996.51,1238.92,1294.71,1320.4,1180.27,1236.56,1261.49,995.13,,,,,,1067.21
2002-10-31,1343.3,1125.66,1248.37,1057.47,,,,,,,753.56,1235.77,1112.0,1198.86,950.9,1158.1,1230.68,1253.82,1085.8,1173.18,1207.17,933.85,,,,,,1003.7
2002-11-29,1231.77,1043.52,1184.73,990.16,,,,,,,683.67,1159.71,1038.83,1102.5,890.52,1107.03,1146.41,1180.21,1025.8,1105.62,1119.68,901.31,,,,,,920.74
2002-12-31,1173.0,993.12,1124.8,934.1,,,,,,,639.09,1101.17,1004.35,1041.24,843.26,1078.06,1099.88,1157.43,983.67,1043.47,1058.41,841.4,,,,,,868.74
2003-01-29,1304.23,1094.89,1244.77,1026.62,,,,,,,702.88,1185.29,1091.46,1120.28,926.82,1151.28,1208.12,1230.58,1064.53,1133.37,1145.85,937.95,,,,,,962.32
2003-02-28,1321.59,1119.11,1264.72,1039.16,,,,,,,710.0,1187.96,1102.76,1130.74,926.11,1155.49,1225.73,1230.26,1078.04,1144.64,1169.48,945.38,,,,,,974.51
2003-03-31,1298.94,1093.34,1274.54,1008.71,,,,,,,684.29,1158.08,1089.93,1101.51,890.59,1130.34,1219.69,1204.75,1090.19,1166.93,1137.98,901.81,,,,,,934.34
2003-04-30,1242.11,1067.46,1340.46,985.19,,,,,,,670.15,1110.64,1028.36,1054.36,869.02,1113.68,1077.04,1263.28,1137.31,1144.71,1085.78,866.0,,,,,,894.42
2003-05-30,1342.17,1102.29,1383.07,1039.74,,,,,,,705.11,1142.2,1065.32,1078.55,845.08,1153.94,1146.33,1262.58,1224.37,1194.9,1127.62,935.27,,,,,,938.05
2003-06-30,1281.66,1043.15,1337.38,976.09,,,,,,,654.92,1078.04,1023.97,1009.82,785.76,1096.56,1096.51,1175.63,1140.64,1129.46,1024.57,877.33,,,,,,862.56
2003-07-31,1272.0,1012.67,1368.16,955.13,,,,,,,667.84,1041.27,998.76,965.77,747.26,1087.0,1064.15,1153.16,1123.69,1170.18,992.55,880.34,,,,,,851.88
2003-08-29,1199.64,984.48,1289.45,923.19,,,,,,,654.94,1019.43,957.45,956.82,724.45,1044.96,1050.7,1106.65,1080.7,1125.35,973.91,851.27,,,,,,849.8
2003-09-30,1181.34,941.05,1228.45,883.85,,,,,,,610.44,971.51,924.04,934.96,684.32,1006.89,1010.68,1058.6,1039.97,1081.82,931.51,807.1,,,,,,823.13
2003-10-31,1222.97,915.61,1312.11,892.78,,,,,,,579.23,913.91,839.09,856.67,661.6,987.6,905.08,981.13,1030.09,1082.41,878.41,757.08,,,,,,740.54
2003-11-28,1313.3,946.05,1438.04,905.77,,,,,,,595.18,932.88,829.97,862.69,664.23,957.64,915.46,986.0,1059.44,1100.04,887.41,784.22,,,,,,754.01
2003-12-31,1480.71,993.45,1525.73,1031.04,,,,,,,589.34,908.25,816.78,833.96,637.45,971.33,840.23,952.9,1191.52,1169.47,863.19,786.62,,,,,,733.27
2004-01-30,1494.6,1051.0,1573.75,1085.71,,,,,,,642.63,960.56,878.24,895.93,693.6,1021.99,933.24,1012.2,1199.76,1237.27,968.33,949.03,,,,,,811.35
2004-02-27,1582.44,1153.29,1710.33,1166.76,,,,,,,701.06,1038.34,949.75,995.0,752.34,1104.8,1038.05,1081.91,1262.97,1291.09,1062.82,985.92,,,,,,864.52
2004-03-31,1706.87,1207.89,1755.9,1231.31,,,,,,,717.93,1071.43,982.99,1044.87,787.71,1161.96,1075.34,1115.19,1322.72,1330.81,1101.97,1029.3,,,,,,889.35
2004-04-30,1573.32,1107.31,1482.45,1060.14,,,,,,,663.5,992.61,881.01,971.51,697.31,1010.09,947.88,1009.68,1242.7,1275.63,949.86,953.52,,,,,,780.88
2004-05-31,1544.39,1065.07,1469.52,1049.55,,,,,,,663.75,974.38,847.48,943.67,680.02,976.73,919.39,977.85,1240.66,1231.42,911.9,957.71,,,,,,755.59
2004-06-30,1392.51,971.81,1376.02,910.68,,,,,,,622.72,851.07,745.23,827.88,584.32,861.17,793.98,856.81,1097.86,1118.83,803.87,820.39,,,,,,660.65
2004-07-30,1520.7,967.89,1383.11,934.43,,,,,,,624.73,849.34,721.54,814.01,564.45,881.07,786.03,846.29,1082.35,1159.56,797.76,826.1,,,,,,657.38
2004-08-31,1441.49,934.5,1399.92,867.72,,,,,,,549.28,823.39,699.32,796.4,544.37,835.83,780.83,791.91,1031.63,1133.75,759.24,733.62,,,,,,603.84
2004-09-30,1514.48,989.54,1516.2,946.87,,,,,,,564.12,866.97,750.54,844.66,573.62,937.65,853.06,841.92,1058.28,1202.58,797.03,782.95,,,,,,624.57
2004-10-29,1622.23,927.81,1363.7,869.29,,,,,,,543.26,788.06,713.19,808.6,521.76,906.27,805.4,801.09,1009.03,1212.43,744.72,777.29,,,,,,588.36
2004-11-30,1626.93,950.09,1391.89,893.46,,,,,,,546.61,795.55,744.09,822.3,537.4,900.71,837.12,832.19,1020.08,1236.13,757.86,822.72,,,,,,623.31
2004-12-31,1480.57,874.75,1401.72,818.45,,,,,,,473.43,731.97,687.13,765.82,491.1,849.84,769.18,774.79,935.79,1192.94,717.69,733.35,,,,,,557.98
2005-01-31,1341.79,794.23,1385.38,759.49,,,,,,,449.35,666.59,630.49,723.51,448.15,837.14,757.58,723.44,856.51,1136.21,718.6,671.35,,,,,,537.49
2005-02-28,1531.67,888.43,1504.84,868.21,,,,,,,490.99,740.13,672.89,792.26,496.23,907.31,839.53,783.19,923.95,1216.25,766.47,748.86,,,,,,593.28
2005-03-31,1371.22,808.8,1370.78,760.83,,,,,,,424.75,635.55,589.81,720.18,440.46,875.06,776.13,713.65,838.16,1179.02,662.17,628.54,,,,,,503.38
2005-04-29,1361.5,795.11,1267.41,734.54,,,,,,,432.43,603.16,563.9,709.31,407.24,899.21,753.72,712.39,825.9,1210.75,637.18,551.93,,,,,,473.03
2005-05-31,1230.58,704.49,1170.54,662.5,,,,,,,425.43,548.5,542.36,672.17,388.58,829.35,678.63,667.81,774.0,1082.37,582.23,537.16,,,,,,459.27
2005-06-30,1185.18,706.59,1193.61,659.25,,,,,,,418.87,545.68,540.98,694.84,387.0,864.66,696.98,664.66,811.79,1114.51,591.53,534.38,,,,,,440.63
2005-07-29,1170.26,695.18,1209.02,636.14,,,,,,,393.88,509.84,540.22,678.7,361.35,853.16,680.23,630.28,812.02,1129.09,603.59,485.64,,,,,,408.97
2005-08-31,1213.92,763.03,1222.22,692.35,,,,,,,429.55,578.59,565.75,737.56,410.02,907.28,750.68,684.03,842.44,1140.13,642.9,553.39,,,,,,471.36
2005-09-30,1257.72,769.17,1187.06,732.08,,,,,,,422.45,576.98,565.34,764.58,422.55,914.13,770.29,699.41,829.53,1129.19,655.78,533.89,,,,,,469.18
2005-10-31,1203.05,731.33,1109.73,690.77,,,,,,,398.6,532.84,526.59,716.31,407.05,881.71,751.42,674.14,775.24,1049.56,625.85,508.86,,,,,,426.07
2005-11-30,1191.5,738.1,1111.22,702.26,,,,,,,404.81,543.56,537.54,714.07,391.88,862.02,768.19,672.42,771.2,1004.09,650.1,510.13,,,,,,432.02
2005-12-30,1328.32,786.54,1151.05,750.37,,,,,,,416.24,554.21,548.98,747.04,417.15,903.46,841.91,679.19,790.53,1053.88,690.41,537.32,,,,,,436.4
2006-01-25,1466.91,855.62,1249.63,959.59,,,,,,,448.53,590.03,595.73,794.55,440.81,988.93,881.49,717.91,819.94,1094.82,763.78,577.1,,,,,,491.72
2006-02-28,1580.96,890.17,1305.61,958.51,,,,,,,472.51,594.11,595.14,822.65,463.36,1087.69,893.78,727.28,826.89,1110.76,812.39,573.33,,,,,,489.25
2006-03-31,1636.17,899.48,1302.71,1071.0,,,,,,,474.93,585.29,596.17,887.66,448.26,1134.45,922.0,728.82,798.54,1085.6,870.42,577.1,,,,,,485.94
2006-04-28,1749.83,971.5,1320.88,1390.61,,,,,,,475.07,592.02,629.65,1050.32,510.85,1376.71,1085.57,799.35,852.75,1156.06,887.4,635.52,,,,,,525.88
2006-05-31,2038.33,1149.97,1587.42,1592.27,,,,,,,560.56,771.63,743.16,1286.2,635.15,1631.0,1202.69,959.77,1010.87,1346.58,984.45,748.13,,,,,,698.15
2006-06-30,1994.04,1202.14,1617.18,1550.01,,,,,,,577.5,800.31,794.18,1387.44,674.79,1771.81,1176.9,1015.63,1042.98,1447.79,975.01,768.16,,,,,,698.02
2006-07-31,1745.92,1147.8,1460.8,1465.92,,,,,,,559.2,738.42,767.33,1327.52,629.05,1659.55,1168.49,968.21,968.88,1348.75,1002.19,720.3,,,,,,652.34
2006-08-31,1747.68,1184.63,1503.55,1523.8,,,,,,,563.88,772.02,802.16,1384.16,643.21,1651.08,1329.45,978.61,971.37,1355.77,1145.87,749.1,,,,,,690.5
2006-09-29,1706.22,1240.77,1511.42,1495.06,,,,,,,582.93,784.21,819.22,1422.04,690.96,1731.5,1400.72,1030.16,995.59,1433.19,1207.67,771.07,,,,,,731.94
2006-10-31,1740.41,1275.85,1722.17,1557.8,,,,,,,588.61,788.61,833.3,1392.02,673.15,1755.87,1418.23,1029.12,1024.33,1500.72,1187.02,745.84,,,,,,700.69
2006-11-30,1881.99,1377.65,2058.89,1714.85,,,,,,,679.65,804.92,882.32,1555.07,703.87,2003.99,1596.26,1056.17,1121.02,1639.5,1526.85,754.92,,,,,,719.75
2006-12-29,2119.71,1490.08,2439.0,1831.41,,,,,,,715.67,905.99,961.03,1726.88,761.45,2448.68,1762.08,1135.83,1235.34,1784.06,1749.67,762.46,,,,,,755.53
2007-01-31,2477.67,1825.34,2991.51,2284.05,,,,,,,887.99,1135.73,1186.85,2219.39,946.84,2826.51,1837.85,1423.66,1481.16,2185.84,1806.33,940.27,,,,,,940.03
2007-02-28,2873.32,2015.86,3274.39,2736.87,,,,,,,1027.18,1363.85,1377.07,2407.48,1091.78,2800.32,1999.21,1620.66,1735.0,2389.59,1965.39,1104.92,,,,,,1164.57
2007-03-30,2961.68,2326.58,3552.32,2974.09,,,,,,,1175.12,1654.55,1603.3,2702.1,1235.01,2989.52,2283.83,1839.37,1927.43,2706.96,2313.48,1249.49,,,,,,1433.82
2007-04-30,4162.15,2993.08,4563.41,3869.6,,,,,,,1584.15,2472.36,2101.73,3737.97,1598.64,3605.94,2925.4,2513.21,2682.1,3494.3,2935.61,1688.7,,,,,,2114.13
2007-05-31,4977.05,3313.29,4983.03,4256.01,,,,,,,1734.8,2707.62,2237.88,4145.94,1788.63,3996.08,3463.18,2830.05,2808.79,3690.11,4010.23,1721.9,,,,,,2237.2
2007-06-29,4767.77,2890.09,4399.88,4242.93,,,,,,,1686.47,2223.08,1911.09,3744.96,1371.04,3807.43,3053.53,2353.47,2465.57,3325.0,3646.65,1342.87,,,,,,2039.78
2007-07-31,6439.11,3369.64,5269.24,5382.2,,,,,,,1911.91,2725.47,2241.95,4381.89,1681.02,4259.69,3673.89,2762.69,2972.71,3852.48,4796.06,1568.15,,,,,,2488.86
2007-08-31,7683.25,3732.07,6551.14,7141.66,,,,,,,2016.94,2871.89,2629.98,5019.35,1835.61,4712.01,4214.92,3023.92,3280.98,4393.95,5570.85,1768.57,,,,,,2587.68
2007-09-28,10243.25,4098.98,7105.45,8161.9,,,,,,,2158.51,2739.9,2737.45,5061.14,1848.79,4841.3,4216.63,3078.89,3471.82,4876.44,5224.13,1804.3,,,,,,2468.9
2007-10-31,8980.65,4124.68,6606.59,7936.03,,,,,,,1980.99,2467.98,2319.22,4551.39,1681.76,5003.34,3766.6,2757.45,3257.14,4658.14,5629.61,1552.94,,,,,,2107.88
2007-11-30,7273.56,3539.34,5409.12,5738.58,,,,,,,1792.64,2188.3,2154.09,4152.86,1599.3,4372.68,3494.45,2621.87,2825.05,4154.54,4480.39,1505.15,,,,,,1899.72
2007-12-28,7698.82,4245.73,6697.21,6639.78,,,,,,,2165.36,2585.12,2607.1,5056.74,1995.53,5503.67,3876.39,3250.14,3398.71,4791.54,4641.32,1763.58,,,,,,2281.87
2008-01-31,6870.95,3852.19,5931.25,5802.68,,,,,,,2191.14,2324.66,2424.43,4602.53,2136.45,4892.67,3611.38,2988.25,2902.93,4049.4,4388.48,1642.99,,,,,,2100.99
2008-02-29,6565.79,4133.01,6420.68,6158.9,,,,,,,2271.52,2534.14,2536.66,4883.23,2426.25,4951.22,3595.6,3223.76,3105.5,4200.78,4240.54,1760.88,,,,,,2297.73
2008-03-31,5347.4,3245.09,4904.05,4507.51,,,,,,,1822.53,2101.3,2081.43,4019.26,1977.53,4142.83,3187.14,2553.87,2445.49,3380.8,4000.73,1447.61,,,,,,1852.31
2008-04-30,6168.12,3144.87,5066.72,4211.89,,,,,,,1848.75,2024.41,2064.46,3986.31,2140.0,4216.43,2822.4,2505.11,2372.03,3383.92,3527.99,1328.33,,,,,,1769.09
2008-05-30,6202.06,3155.91,4725.41,3762.09,,,,,,,1593.68,1896.64,1905.73,3783.2,2025.2,3893.63,2456.3,2574.98,2358.72,3079.0,3015.08,1235.06,,,,,,1661.66
2008-06-30,5140.35,2501.23,3340.17,2749.54,,,,,,,1203.47,1423.2,1354.36,3016.75,1573.68,3153.07,1961.08,2086.1,1904.63,2344.69,2237.3,904.1,,,,,,1219.58
2008-07-31,4658.09,2635.44,3270.38,2810.25,,,,,,,1276.39,1568.14,1497.11,3139.01,1717.32,3490.75,2067.59,2246.98,1892.08,2455.93,2355.14,991.47,,,,,,1312.39
2008-08-29,3613.68,2101.33,2563.39,2068.61,,,,,,,1019.82,1229.31,1187.97,2522.76,1250.71,3000.42,1535.88,1754.99,1566.41,2084.98,1913.88,787.39,,,,,,978.67
2008-09-26,3412.21,1976.65,2675.4,1901.7,,,,,,,1017.21,1166.79,1038.74,2341.97,1126.83,2638.86,1462.51,1678.77,1615.31,2080.85,1768.03,703.42,,,,,,904.41
2008-10-31,2302.45,1415.94,1851.79,1254.96,,,,,,,791.25,826.71,724.75,1688.65,844.41,1989.67,964.96,1410.61,1336.66,1477.7,1466.48,494.44,,,,,,639.84
2008-11-28,2391.26,1573.95,2111.39,1494.02,,,,,,,913.19,933.71,840.57,1927.22,1016.42,2230.45,1092.7,1634.87,1552.94,1575.51,1735.83,564.65,,,,,,743.6
2008-12-31,2458.88,1499.48,1949.93,1507.42,,,,,,,964.78,964.68,890.96,2099.68,1067.39,2273.16,1208.96,1841.15,1514.84,1505.29,1664.9,606.06,,,,,,777.7
2009-01-23,2959.03,1722.19,2261.68,1818.73,,,,,,,985.0,1122.63,1007.52,2173.53,1203.42,2310.29,1366.41,1993.61,1618.89,1702.82,1904.69,700.96,,,,,,909.75
2009-02-27,2877.75,1792.32,2265.26,2184.93,,,,,,,1141.69,1180.73,1054.58,2360.33,1313.86,2549.72,1471.23,2089.41,1706.93,1779.23,2073.12,758.22,,,,,,1001.36
2009-03-31,3532.44,2109.14,2556.37,2864.25,,,,,,,1320.65,1459.04,1295.58,2737.59,1464.68,2735.62,1822.88,2336.02,1929.15,2155.17,2639.23,947.37,,,,,,1268.37
2009-04-30,4076.04,2217.53,2551.28,2820.44,,,,,,,1534.5,1533.29,1359.34,3074.9,1415.2,2901.85,1907.42,2507.21,1936.79,2216.22,2825.43,997.77,,,,,,1357.9
2009-05-27,4742.83,2316.85,2727.32,3111.01,,,,,,,1560.87,1604.32,1400.53,3146.64,1450.73,2970.46,2123.53,2471.34,2001.78,2252.01,3083.55,1059.34,,,,,,1456.05
2009-06-30,5348.99,2371.96,3189.25,3546.95,,,,,,,1619.7,1728.44,1449.58,3402.47,1533.09,3508.22,2313.6,2695.27,2080.41,2410.11,3739.32,1069.23,,,,,,1534.28
2009-07-31,6868.48,2904.19,4292.85,4620.45,,,,,,,1782.22,1904.24,1679.91,3611.26,1713.63,3889.27,2558.81,2868.1,2468.83,2770.92,4072.37,1234.79,,,,,,1721.78
2009-08-31,4966.69,2449.21,2956.06,3403.47,,,,,,,1574.58,1563.79,1446.86,3180.2,1562.53,3593.51,2226.48,2771.6,1985.58,2249.33,3013.82,1043.26,,,,,,1391.96
2009-09-30,5185.64,2468.59,2903.97,3547.3,,,,,,,1732.75,1635.67,1506.05,3365.14,1548.34,3800.31,2137.74,2968.54,1988.91,2221.28,3251.9,1084.57,,,,,,1404.66
2009-10-30,6040.71,2648.08,3086.28,3938.01,,,,,,,2060.65,1819.02,1688.18,3650.67,1682.63,3942.8,2323.67,3342.25,2141.99,2377.81,3691.76,1209.18,,,,,,1596.19
2009-11-30,6717.53,2894.93,3590.01,4267.07,,,,,,,2320.85,2065.46,1860.03,4239.44,1992.35,4639.98,2769.87,3712.52,2334.86,2655.97,3941.97,1395.66,,,,,,1803.09
2009-12-31,6593.64,3162.02,3824.97,4221.17,,,,,,,2448.98,2113.7,1952.86,4403.79,2040.42,4770.72,2823.28,3733.58,2304.47,2690.14,3602.36,1485.82,,,,,,1764.28
2010-01-29,5501.2,2753.59,3225.82,3638.96,,,,,,,2234.91,2068.86,1892.15,4235.24,2021.48,4629.78,2909.73,3768.92,2173.9,2656.81,3162.76,1475.86,,,,,,1745.39
2010-02-26,5541.26,2794.89,3341.21,3738.34,,,,,,,2399.96,2207.54,2000.73,4459.06,2132.22,4646.07,3146.09,3991.32,2284.18,2787.41,3314.9,1536.63,,,,,,1949.91
2010-03-31,5742.32,2884.36,3286.78,3827.42,,,,,,,2458.48,2307.03,2054.22,4468.89,2105.68,4574.81,3197.93,3932.97,2305.91,2801.3,3470.74,1680.86,,,,,,2017.64
2010-04-30,5563.58,2557.79,2918.17,3748.51,,,,,,,2096.31,2072.3,1925.83,4203.42,2034.38,4304.48,2926.32,4151.17,2168.63,2586.94,2805.41,1640.64,,,,,,1846.04
2010-05-31,4908.78,2259.99,2576.57,3499.45,,,,,,,1970.84,1924.41,1706.99,3907.91,1923.09,4156.31,2605.36,4153.73,1952.2,2275.93,2513.18,1551.53,,,,,,1632.43
2010-06-30,4205.75,2019.18,2340.87,3033.97,,,,,,,1838.71,1788.46,1542.86,3702.52,1707.82,4030.56,2451.28,3548.41,1819.28,2104.68,2366.97,1391.29,,,,,,1479.18
2010-07-30,4914.71,2310.35,2680.94,3436.4,,,,,,,2147.06,2054.76,1777.16,4174.79,1941.66,4517.67,2829.68,3882.64,1982.53,2368.78,2874.7,1589.48,,,,,,1754.13
2010-08-31,5039.14,2331.99,2659.19,3827.08,,,,,,,2250.07,2232.07,1874.63,4690.19,2199.46,5041.27,3189.59,4377.05,1992.22,2371.18,2818.62,1778.96,,,,,,1887.34
2010-09-30,5044.75,2378.84,2692.81,4310.81,,,,,,,2224.46,2208.34,1956.35,4840.69,2329.6,5426.84,3121.33,4626.59,1993.58,2342.79,2723.05,1788.34,,,,,,1930.4
2010-10-29,6526.81,2625.46,2964.69,5548.66,,,,,,,2521.52,2362.31,2096.32,4885.89,2517.79,5522.06,3121.81,4701.61,2143.03,2679.52,2984.51,2004.25,,,,,,2186.36
2010-11-30,6020.8,2510.66,2703.0,4765.39,,,,,,,2398.41,2363.78,2079.88,4755.35,2483.52,6196.1,3182.04,5208.85,2081.22,2392.09,2713.43,2081.74,,,,,,2136.72
2010-12-31,6207.3,2453.64,2741.57,5154.04,,,,,,,2448.46,2272.35,1987.9,4599.7,2470.21,5763.63,3063.65,4842.0,2024.61,2380.63,2732.01,2071.01,,,,,,2046.78
2011-01-31,5755.38,2322.16,2832.48,4590.64,,,,,,,2344.82,2154.04,1897.87,4339.58,2289.41,5439.52,2905.78,4397.85,1981.12,2409.67,2679.17,1856.61,,,,,,1979.87
2011-02-28,6132.58,2593.74,2995.65,5150.86,,,,,,,2773.97,2385.76,2112.2,4634.35,2551.64,5671.25,3178.52,4654.16,2091.79,2505.38,2836.97,2077.89,,,,,,2226.74
2011-03-31,6359.86,2545.1,3168.67,5287.7,,,,,,,2741.52,2443.22,2071.01,4496.03,2332.63,5618.73,3061.88,4458.0,2079.5,2422.52,2983.31,1968.2,,,,,,2225.17
2011-04-29,6313.12,2518.77,3207.51,4938.73,,,,,,,2709.6,2359.53,2067.99,4501.76,2263.51,5507.14,2984.06,4390.65,2157.47,2414.31,2893.83,1814.29,,,,,,2173.36
2011-05-31,5910.18,2332.28,2902.04,4523.1,,,,,,,2557.46,2200.51,1880.42,4196.34,2174.54,5514.32,2660.75,4101.35,1979.02,2235.08,2680.57,1669.23,,,,,,2030.76
2011-06-30,6139.8,2451.79,2981.06,4672.9,,,,,,,2706.53,2266.73,1925.12,4234.8,2183.31,5715.05,2696.16,4160.07,1950.69,2202.06,2868.0,1747.06,,,,,,2121.79
2011-07-29,6153.51,2466.16,2924.4,4809.48,,,,,,,2642.86,2344.14,1990.38,4308.42,2268.07,6180.99,2837.45,4391.21,1923.45,2144.72,2778.0,1778.47,,,,,,2104.55
2011-08-31,5860.71,2374.67,2648.8,4526.37,,,,,,,2416.78,2312.04,1934.26,4206.43,2247.11,6337.15,2907.08,4267.94,1832.62,2031.03,2717.44,1678.84,,,,,,2043.09
2011-09-30,5538.87,2094.6,2383.38,3902.6,,,,,,,2180.76,2007.81,1680.47,3642.64,1928.39,5558.37,2512.0,3722.85,1646.66,1834.26,2326.43,1462.9,,,,,,1801.39
2011-10-31,5416.59,2148.31,2402.27,3912.91,,,,,,,2187.6,2094.9,1730.78,3769.67,2014.0,5845.27,2673.97,3861.1,1763.28,1915.61,2461.81,1486.27,,,,,,1891.89
2011-11-30,5015.39,2043.45,2155.09,3631.14,,,,,,,1963.77,1996.62,1668.12,3480.5,2023.38,6028.65,2646.57,3890.59,1741.76,1784.54,2255.18,1444.96,,,,,,1810.96
2011-12-30,4478.08,1691.53,1967.41,2999.23,,,,,,,1842.13,1692.38,1374.57,3067.98,1700.12,5165.66,2320.83,3346.51,1564.62,1601.64,2130.95,1213.94,,,,,,1491.9
2012-01-31,4865.62,1743.5,2077.66,3461.76,,,,,,,1922.53,1649.68,1358.43,3072.09,1657.95,5000.59,2255.99,3146.43,1560.47,1659.43,2198.72,1186.7,,,,,,1502.63
2012-02-29,5238.74,1936.92,2240.9,3790.84,,,,,,,2188.76,1842.44,1548.12,3320.47,1845.21,5606.48,2501.63,3479.93,1664.8,1775.33,2468.75,1363.05,,,,,,1686.09
2012-03-30,4723.81,1785.93,2052.44,3488.74,,,,,,,2068.13,1750.96,1421.54,3189.43,1682.67,5413.55,2439.41,3243.59,1538.35,1648.97,2370.98,1243.01,,,,,,1526.29
2012-04-27,5152.55,1861.09,2169.18,3740.82,,,,,,,2163.22,1846.18,1495.4,3418.82,1785.42,5859.82,2581.44,3350.24,1611.35,1747.63,2677.07,1303.45,,,,,,1710.15
2012-05-31,5096.12,1882.57,2166.16,3918.68,,,,,,,2229.91,1849.39,1501.81,3310.09,1772.39,5962.12,2645.68,3539.2,1659.89,1750.56,2758.17,1359.52,,,,,,1667.36
2012-06-29,4327.51,1721.51,1878.52,3545.09,,,,,,,2044.76,1745.48,1369.17,3080.01,1669.51,5942.24,2583.23,3715.9,1671.17,1633.74,2595.63,1281.87,,,,,,1507.39
2012-07-31,4158.31,1586.47,1758.97,3248.25,,,,,,,1897.03,1600.87,1239.86,2726.67,1599.25,5756.36,2541.08,3516.11,1555.17,1496.36,2406.65,1135.21,,,,,,1392.51
2012-08-31,3934.12,1614.05,1737.68,3164.24,,,,,,,1852.67,1537.74,1261.0,2661.7,1574.34,5390.69,2504.91,3577.39,1544.42,1419.87,2223.23,1228.74,,,,,,1403.2
2012-09-28,4171.64,1654.7,1736.7,3471.26,,,,,,,1912.89,1506.14,1252.36,2751.89,1586.77,5633.85,2530.95,3636.99,1524.09,1397.71,2295.9,1226.28,,,,,,1392.94
2012-10-31,4007.83,1657.72,1779.04,3162.08,,,,,,,1972.34,1482.46,1263.85,2677.04,1532.78,5653.21,2486.44,3725.02,1550.13,1420.52,2350.61,1217.7,,,,,,1375.81
2012-11-30,3632.36,1462.85,1701.63,2919.96,,,,,,,1923.26,1299.49,1139.79,2350.98,1377.63,4786.44,2167.03,3303.21,1466.56,1344.96,2313.3,1045.95,,,,,,1249.08
2012-12-31,4276.46,1696.21,1873.29,3408.18,,,,,,,2134.0,1520.67,1339.29,2705.11,1614.23,5127.23,2442.5,3629.86,1653.61,1533.89,2807.1,1204.92,,,,,,1445.95
2013-01-31,4464.43,1839.42,1919.38,3516.22,,,,,,,2327.8,1561.87,1402.41,2804.56,1720.03,4920.05,2532.96,4050.61,1747.26,1614.64,2864.87,1269.48,,,,,,1566.85
2013-02-28,4294.95,1909.38,1884.36,3396.92,,,,,,,2335.37,1595.95,1453.24,2825.89,1757.57,5062.06,2540.05,4307.84,1814.96,1605.98,2850.57,1353.16,,,,,,1644.92
2013-03-29,3903.44,1897.37,1775.6,3100.27,,,,,,,2329.2,1551.12,1444.29,2689.08,1620.35,4909.22,2609.01,4447.36,1850.11,1549.56,2591.37,1399.39,,,,,,1593.89
2013-04-26,3665.29,1800.63,1712.07,2915.32,,,,,,,2427.57,1476.31,1411.24,2584.29,1559.42,4731.82,2430.87,4297.68,1770.94,1480.52,2606.73,1369.21,,,,,,1545.24
2013-05-31,3755.54,1962.07,1758.18,3075.49,,,,,,,2517.93,1630.61,1551.96,2823.03,1759.19,5099.89,2673.02,4835.66,1967.59,1576.36,2911.2,1661.74,,,,,,1733.86
2013-06-28,2957.72,1657.09,1442.17,2391.96,,,,,,,2196.44,1316.92,1304.3,2349.13,1456.41,4672.55,2272.89,4312.78,1696.18,1308.58,2449.88,1477.94,,,,,,1417.2
2013-07-31,2927.0,1684.55,1438.72,2468.39,,,,,,,2327.88,1353.91,1389.26,2454.55,1484.01,4690.45,2483.74,4721.98,1743.49,1312.18,2506.62,1569.88,,,,,,1497.6
2013-08-30,3121.11,1782.18,1528.36,2704.78,,,,,,,2394.94,1489.76,1514.08,2871.13,1601.22,4791.58,2813.88,4719.57,1756.35,1604.83,2679.66,1642.54,,,,,,1636.95
2013-09-30,3157.12,1812.72,1547.06,2681.09,,,,,,,2511.68,1567.28,1594.96,3340.65,1775.98,4991.57,3074.45,5093.08,1787.89,1621.35,2664.35,1703.42,,,,,,1709.54
2013-10-31,3103.11,1778.13,1526.1,2500.67,,,,,,,2774.95,1555.05,1551.58,3147.04,1812.8,4738.5,2879.5,4726.96,1889.64,1605.94,2606.38,1599.12,,,,,,1635.93
2013-11-29,3228.05,1887.37,1593.39,2588.73,,,,,,,2906.93,1638.95,1652.26,3256.6,1949.37,4898.82,3018.96,4908.53,1914.45,1694.47,2603.28,1773.68,,,,,,1709.88
2013-12-31,2942.85,1807.07,1549.85,2398.12,,,,,,,2973.29,1644.71,1626.99,3062.86,1893.3,4749.65,2918.0,4956.79,1831.94,1614.79,2471.92,1720.44,,,,,,1624.66
2014-01-30,2716.58,1733.58,1429.41,2310.56,,,,,,,2902.08,1631.33,1743.69,3077.92,1740.38,4422.1,3042.16,5065.95,1760.36,1548.83,2363.05,1816.27,,,,,,1650.18
2014-02-28,2648.86,1803.51,1468.54,2416.53,2948.91,1411.52,3809.64,949.71,948.22,2929.19,2816.72,1679.04,1779.33,3047.55,1751.92,4515.64,3259.14,5164.73,1794.19,1566.35,2286.61,1859.9,2783.94,931.63,1545.1,1993.5,971.61,1796.84
2014-03-31,2566.6,1788.62,1456.43,2319.8,3077.63,1409.05,3491.9,916.92,862.86,2842.02,2744.52,1659.37,1701.58,2887.52,1666.94,4478.9,3099.14,4937.72,1736.83,1567.69,2508.87,1736.34,2498.5,860.69,1446.34,2031.17,935.77,1739.55
2014-04-30,2534.53,1721.48,1408.56,2291.23,3053.19,1409.39,3376.79,886.15,861.71,2891.82,2744.43,1604.97,1677.29,2890.5,1634.53,4529.39,3107.64,4785.8,1719.34,1553.64,2464.71,1756.48,2421.14,852.63,1459.74,2064.97,968.34,1703.85
2014-05-30,2597.8,1730.74,1435.12,2359.7,3030.98,1419.99,3385.62,889.48,893.34,2904.89,2767.85,1590.18,1691.87,2885.47,1677.45,4381.85,3155.19,4873.49,1728.65,1536.74,2483.13,1828.41,2632.21,869.39,1536.5,2051.16,973.29,1726.17
2014-06-30,2613.2,1786.43,1467.38,2468.29,3060.64,1418.12,3548.96,935.33,991.95,3066.58,2791.89,1624.86,1755.95,2838.72,1702.74,4381.06,3222.61,5011.2,1765.52,1526.98,2466.81,1906.48,2762.56,913.25,1611.44,2052.94,971.39,1786.04
2014-07-31,2915.79,1924.82,1617.46,2863.36,3340.15,1532.91,3842.26,995.91,1074.57,3406.4,2985.43,1749.72,1844.86,3049.86,1873.01,4818.44,3314.39,5192.84,1862.2,1641.67,2787.43,1936.08,2767.87,878.33,1650.88,2213.83,1105.6,1898.84
2014-08-29,2932.03,2009.78,1713.27,2876.76,3424.03,1562.44,4012.26,1048.54,1127.86,3507.2,2992.51,1861.85,1922.33,3165.16,1952.83,4862.93,3604.53,5329.29,1975.83,1706.41,2794.73,2111.67,2955.07,944.08,1699.82,2109.31,1080.96,2052.58
2014-09-30,3151.54,2217.76,1906.18,3069.76,3783.07,1754.64,4476.4,1199.49,1357.48,3790.48,3100.98,2112.83,2141.23,3567.89,2211.63,5002.5,4077.76,5848.25,2208.7,1972.17,3009.95,2262.06,3359.47,1001.6,1943.96,2137.18,1130.29,2311.63
2014-10-31,3124.73,2237.8,2023.67,3039.49,3867.92,1837.19,4431.56,1240.44,1384.49,3861.73,3186.09,2165.46,2164.85,3627.2,2194.08,4828.88,3983.96,6019.13,2273.24,2113.19,3092.05,2242.68,3377.81,987.13,1927.05,2238.3,1188.46,2343.15
2014-11-28,3274.97,2328.84,2237.9,3214.37,4105.77,2077.39,4578.43,1318.26,1341.99,3979.07,3336.09,2271.81,2257.65,3876.56,2328.4,4976.72,4206.53,6016.13,2440.82,2368.37,3534.14,2263.29,3635.66,1051.28,2002.4,2578.3,1562.07,2490.71
2014-12-31,3652.1,2301.95,2763.95,3318.85,4460.91,2834.02,4423.94,1330.34,1472.61,3934.4,3606.09,2191.86,2096.03,4068.14,2201.3,5511.02,4004.66,5750.95,2851.89,2660.55,4085.59,2039.83,3376.28,1010.73,1988.74,3429.09,2370.52,2365.51
2015-01-30,3574.88,2475.33,2753.6,3463.97,4416.58,2660.59,4803.73,1420.71,1550.34,4266.91,3978.62,2407.19,2280.7,4289.58,2437.4,5475.41,4302.0,6182.36,2825.8,2671.7,4097.44,2243.59,3986.69,1169.21,2136.14,3075.84,2142.74,2485.68
2015-02-27,3654.27,2623.12,2914.81,3599.44,4575.06,2937.53,5081.98,1486.32,1637.7,4612.93,4235.19,2594.16,2467.06,4586.64,2496.32,5654.49,4536.66,6539.11,2907.32,2816.37,4213.18,2408.8,4706.9,1359.93,2431.33,3046.56,2272.8,2691.61
2015-03-31,4205.53,3080.33,3444.5,4186.7,5504.05,3649.0,6306.88,1825.33,1844.36,5270.5,4833.33,3217.21,3038.02,5686.07,3021.08,6308.34,5687.51,7792.24,3344.28,3394.43,5030.66,2899.87,6031.81,1590.91,2827.45,3346.47,2515.61,3164.39
2015-04-30,4921.9,3592.24,4131.27,4837.04,6253.3,4823.4,7437.42,2257.29,2305.18,5969.82,5733.6,3863.45,3608.9,6512.91,3392.58,7353.11,6474.0,9116.83,4032.46,4312.23,5861.22,3251.68,6926.9,1986.7,3418.82,3778.97,2784.61,3679.68
2015-05-29,5083.51,4307.63,4278.55,5285.61,7146.69,4766.93,9184.43,2766.39,3012.3,6881.84,6452.34,4781.24,4687.52,7741.6,4224.53,8172.18,7808.44,10929.4,4492.24,4506.02,6366.91,4231.17,9320.58,2412.09,4363.16,3574.97,2688.89,4593.75
2015-06-30,5175.6,3919.11,4410.74,4640.55,6363.81,4046.61,7874.73,2250.39,2575.58,6235.64,6171.51,4314.0,4295.98,6890.09,3911.52,7924.85,7047.46,9632.24,4449.85,4616.32,6111.36,3748.43,7304.96,1932.81,3556.82,3702.87,2391.29,4229.65
2015-07-31,4030.36,3270.8,3640.85,3673.12,5253.56,3521.48,6678.02,1890.86,2378.23,5176.81,5026.67,3696.12,3618.97,5701.29,3582.95,6840.66,6374.95,8488.17,3726.69,3769.28,5159.05,3165.78,6037.5,1708.66,3105.26,3260.98,1910.5,3379.22
2015-08-31,3476.81,2824.67,3200.27,3188.8,4834.7,3076.37,5768.46,1607.67,2047.36,4552.38,4321.64,3301.93,3273.53,5141.84,3071.98,6156.08,5303.0,7410.08,3366.24,3458.15,4534.88,2656.45,4796.64,1403.78,2679.15,3055.98,1542.64,3122.4
2015-09-30,3174.37,2643.21,2667.77,2946.13,4526.31,2878.62,5454.45,1526.99,1710.58,4475.44,3860.89,3063.46,3166.12,4795.03,2854.43,5864.88,5385.32,7191.24,3079.32,3332.28,4234.09,2487.62,4853.86,1416.88,2499.66,3037.53,1484.48,2953.3
2015-10-30,3486.72,3101.1,2858.11,3406.37,4994.4,3243.18,6504.12,1779.35,2061.47,5117.03,4394.47,3635.11,3549.52,5605.02,3291.36,6410.49,5936.83,8247.85,3474.14,3599.69,4923.82,2940.86,6010.23,1652.31,3012.71,3148.32,1721.81,3362.95
2015-11-30,3547.16,3391.91,2763.13,3672.22,5210.29,3220.3,6887.27,1886.02,1963.86,5446.49,4638.49,3883.78,3857.72,5635.25,3511.44,6469.27,6315.17,8474.19,3537.38,3503.79,5198.53,3356.74,6478.06,1744.38,3259.79,3241.1,1854.61,3950.99
2015-12-31,3636.29,3568.17,2813.63,3829.19,5658.46,3233.15,7098.92,1952.54,1892.29,5779.62,5147.0,4146.35,3979.44,5919.55,3671.14,6975.84,7146.12,9010.78,3504.89,3526.75,5918.08,3507.94,6762.38,1786.37,3434.35,3382.3,1969.99,4049.29
2016-01-29,3030.57,2579.091,2185.611,2780.338,4118.313,2429.57,5033.989,1371.147,1363.292,4235.224,4034.64,2988.829,2788.19,4307.51,2770.537,5578.093,5320.871,6692.271,2573.38,2599.097,4424.823,2504.692,4688.97,1281.324,2505.128,2902.882,1485.797,2806.96
2016-02-29,3101.15,2551.02,2167.12,2953.05,4143.52,2362.68,4823.77,1305.39,1306.32,4216.04,3883.32,2991.16,2718.17,4158.86,2832.66,5515.89,5186.82,6497.32,2519.9,2512.91,4423.9,2437.4,4433.24,1206.7,2365.2,2872.77,1414.4,2757.2
2016-03-31,3239.01,2964.8,2318.34,3396.58,4808.47,2716.52,5731.63,1541.96,1549.26,4914.71,4370.74,3490.75,3189.81,4806.43,3245.05,6416.13,5908.3,7335.1,2832.37,2855.41,4844.64,2872.39,5254.96,1416.59,2702.03,3086.26,1681.59,3225.76
2016-04-29,3330.01,2954.05,2348.77,3410.33,4770.81,2626.57,5672.22,1505.35,1441.27,4913.69,4392.66,3427.35,3157.36,4694.76,3123.21,6485.88,5683.15,7208.95,2751.59,2723.47,4768.14,2811.26,4921.1,1347.98,2655.44,3129.8,1617.92,3232.29
2016-05-31,3092.79,2873.03,2232.62,3464.02,4555.74,2535.01,5556.74,1491.43,1413.21,4863.73,4415.9,3359.97,3057.78,4557.43,3123.11,6576.58,5525.62,7176.17,2688.32,2701.42,4637.41,2937.38,5005.32,1347.81,2645.99,3170.45,1646.93,3034.13
2016-06-30,3125.82,3023.49,2194.45,3632.25,4659.09,2577.62,5956.98,1575.43,1525.33,5090.89,4593.87,3370.4,3233.88,4526.85,3173.1,7027.74,5501.59,7472.84,2701.31,2651.86,4670.5,3199.15,5336.06,1332.21,2779.84,3093.64,1638.01,3173.06
2016-07-29,3218.51,3054.05,2212.09,3681.25,4761.29,2620.42,5796.67,1522.65,1556.47,5126.16,4793.63,3364.48,3274.94,4637.15,3222.34,7411.81,5494.05,7818.49,2771.89,2722.84,4498.01,3031.5,5071.48,1294.75,2816.8,3124.34,1621.06,3218.82
2016-08-31,3347.88,3177.31,2385.01,3725.25,5114.2,2876.15,5984.09,1575.7,1625.74,5179.12,4775.25,3446.89,3416.64,4878.52,3329.87,7323.66,5754.45,8091.34,2907.68,2736.4,5042.12,3163.13,5209.3,1357.59,2917.38,3266.31,1711.43,3550.13
2016-09-30,3351.04,3167.91,2344.61,3548.24,5252.14,2813.18,5837.99,1569.34,1507.11,5181.88,4984.06,3427.57,3401.65,4797.61,3219.01,7078.92,5802.74,7979.23,2872.64,2655.86,5025.19,3140.61,5023.49,1294.92,2888.75,3188.84,1665.49,3479.56
2016-10-31,3568.45,3261.03,2448.09,3724.38,5536.09,3045.33,5992.28,1634.33,1549.35,5329.81,5023.85,3552.07,3489.46,4911.47,3324.52,7569.06,5933.89,8122.46,2938.07,2747.55,5006.34,3229.27,5180.43,1312.26,2954.55,3218.7,1719.81,3616.02
2016-11-30,3589.97,3357.22,2626.98,3847.26,5778.43,3498.26,6114.77,1731.66,1584.1,5467.47,5494.96,3719.18,3569.71,5156.7,3414.22,7718.89,5895.52,8269.17,3014.37,2869.53,5230.68,3257.56,5264.15,1347.64,3061.77,3356.36,1822.8,3602.23
2016-12-30,3426.97,3313.78,2584.76,3592.85,5659.98,3219.02,5879.11,1623.81,1540.67,5228.7,5050.73,3583.93,3408.06,5122.43,3356.24,7494.14,5631.73,7797.66,2884.92,2729.57,4871.19,3062.34,4711.7,1207.85,2886.43,3215.4,1680.59,3527.45
2017-01-26,3475.31,3259.06,2741.8,3691.05,5666.0,3201.91,5741.62,1594.32,1633.14,5292.28,5148.09,3435.62,3318.47,4982.96,3261.28,7569.6,5547.25,7649.18,2862.42,2750.03,4814.98,3016.55,4496.57,1175.15,2761.22,3354.9,1703.2,3357.11
2017-02-28,3523.88,3366.35,2873.8,3844.11,6046.08,3381.34,5937.29,1667.32,1655.42,5454.04,5464.24,3558.51,3492.6,5161.16,3326.82,7884.14,5764.52,7837.78,2966.79,2874.45,4930.59,3115.57,4673.04,1196.32,2889.31,3399.8,1713.26,3521.3
2017-03-31,3485.63,3329.23,2741.7,3766.26,5988.11,3431.59,5920.61,1668.48,1655.47,5458.92,5747.16,3448.39,3469.67,4955.79,3222.3,8209.7,5846.95,7853.02,2963.99,2882.94,4835.04,3216.16,4608.14,1143.86,2865.06,3335.22,1666.21,3409.91
2017-04-28,3295.77,3163.26,2703.95,3583.43,6069.55,3391.85,5606.62,1578.91,1561.37,5269.48,5751.62,3229.64,3239.78,4657.85,3038.83,8152.96,5415.85,7689.68,3026.34,2843.19,4818.85,3144.8,4429.05,1079.65,2715.59,3206.33,1659.87,3186.41
2017-05-31,3198.69,2956.86,2596.55,3300.89,5589.95,3153.13,5172.2,1470.09,1305.76,5009.34,5827.27,3043.72,3024.66,4454.42,2784.25,8222.17,5050.72,7480.16,2888.63,2781.84,4679.42,3006.78,4208.14,1035.16,2593.05,3383.52,1730.31,2903.21
2017-06-30,3326.59,3102.43,2678.67,3570.2,5822.44,3261.74,5355.88,1512.58,1376.61,5315.59,6557.62,3069.45,3135.4,4569.25,2855.13,8843.7,5312.52,7805.17,2916.72,2836.45,4834.39,3187.29,4455.12,1059.2,2728.17,3437.11,1809.72,3021.54
2017-07-31,3594.89,3274.85,3113.33,4304.14,5991.11,3299.4,5351.6,1491.36,1351.9,5176.56,6296.26,2996.87,3161.98,4625.81,2808.21,8938.61,5161.99,7434.28,2792.71,2906.2,4820.2,3190.71,4243.45,1009.39,2628.33,3621.31,1884.57,3053.65
2017-08-31,3706.35,3282.33,3333.94,4516.13,6092.69,3339.13,5481.92,1529.45,1399.7,5211.13,6262.86,3033.05,3223.37,4652.31,2939.27,9221.25,5212.45,7630.95,2867.92,2994.18,4830.9,3328.8,4623.48,1043.24,2765.68,3664.41,2005.54,3171.04
2017-09-29,3697.97,3360.53,3186.44,4574.49,6147.14,3273.78,5745.42,1549.69,1431.9,5572.81,6449.17,3009.04,3298.28,4737.59,2914.25,9862.34,5489.85,7798.63,2825.17,2902.82,4889.36,3498.81,4678.58,1026.51,3015.62,3574.23,1952.03,3209.31
2017-10-31,3472.94,3292.42,3057.17,4318.03,6156.62,3307.42,5703.73,1551.33,1359.49,5532.0,7122.32,2985.04,3253.08,4838.07,3035.62,10832.41,5635.12,8204.58,2836.99,3026.3,4921.66,3723.15,4451.58,1001.78,2928.69,3606.18,2010.32,3103.02
2017-11-30,3478.27,3184.27,3353.27,4078.59,6184.61,3116.0,5396.4,1471.13,1307.57,5162.14,6950.8,2754.56,3042.87,4398.74,2908.88,10474.13,5328.29,7858.52,2701.75,2887.38,4922.45,3497.64,4298.86,940.68,2845.09,3698.37,2054.33,2849.43
2017-12-29,3426.76,3187.6,3095.11,4145.95,6002.36,3017.66,5381.8,1458.32,1284.22,5201.43,7224.1,2729.21,2977.82,4425.9,2932.64,11529.85,5396.94,8075.61,2681.59,2907.87,4910.39,3474.91,4180.95,928.83,2798.32,3642.39,1971.27,2770.11
2018-01-31,3619.25,3205.37,3300.08,4091.91,6229.67,3059.71,5107.67,1402.86,1226.08,5021.3,7971.35,2740.44,2995.93,4494.68,2936.0,12166.64,5733.43,7970.11,2581.15,2965.82,5579.14,3202.54,4028.31,917.88,2595.81,4106.41,2081.84,2653.98
2018-02-28,3335.56,3103.88,3354.42,3977.26,5859.96,2850.72,4914.95,1338.94,1176.21,4854.32,7431.27,2621.13,2894.95,4231.68,2722.48,11328.24,5684.37,7705.98,2472.72,2859.83,4941.57,3308.83,4074.09,898.67,2573.41,3795.41,1876.43,2484.24
2018-03-30,3077.49,3076.18,2918.6,3903.72,5923.79,2807.39,5125.21,1355.22,1255.82,4803.92,7111.39,2618.53,2891.98,4332.52,2715.17,10712.6,5740.89,8556.84,2492.53,2756.61,4852.31,3342.3,4654.54,911.97,2671.57,3566.38,1807.9,2462.83
2018-04-27,2932.38,2969.03,2916.37,3687.63,5591.34,2681.72,4885.51,1303.38,1223.39,4492.86,6713.14,2514.55,2714.85,4137.79,2626.45,10567.98,5504.92,8566.28,2377.33,2702.23,4572.67,3078.09,4607.68,845.42,2545.61,3515.51,1738.2,2283.38
2018-05-31,2892.32,3010.41,2700.33,3570.39,5356.87,2556.94,4598.12,1247.07,1093.68,4611.83,7038.55,2622.13,2774.99,4385.48,2783.85,12385.01,6322.98,9132.1,2366.0,2730.69,4338.58,2989.55,4309.97,817.48,2429.83,3408.95,1701.47,2173.39
2018-06-29,2748.45,2769.63,2632.04,3201.82,4883.55,2333.09,4042.77,1123.15,1003.66,4274.71,6759.04,2317.31,2427.57,3697.86,2412.41,11546.54,5881.85,8326.76,2131.24,2449.0,3984.69,2745.26,3952.7,731.93,2038.9,3154.51,1568.78,1906.63
2018-07-31,2682.45,2828.93,2886.14,3173.16,5315.05,2445.0,3987.56,1120.13,1050.59,4101.44,6285.86,2238.49,2374.85,3647.89,2428.9,11315.77,5948.61,7818.52,2187.52,2404.73,3895.34,2731.23,3895.0,712.29,2057.47,3286.19,1607.48,1942.88
2018-08-31,2615.36,2638.59,2687.91,2840.45,4954.28,2294.3,3642.31,1031.84,987.18,3757.9,5522.44,1995.21,2164.01,3398.65,2215.64,10089.51,5326.39,7187.46,2003.78,2227.41,3702.2,2519.96,3773.47,636.28,2063.3,3253.98,1561.18,1786.14
2018-09-28,2813.21,2616.27,2688.32,2844.65,4799.52,2307.24,3734.26,1035.97,1021.93,3870.83,5576.98,1966.87,2120.01,3409.88,2275.98,10935.33,5467.55,7121.97,2042.07,2275.48,3695.91,2348.74,3669.06,627.15,2002.33,3437.0,1640.56,1745.85
2018-10-31,2633.18,2297.36,2555.6,2561.92,4328.0,2139.17,3369.93,936.3,906.86,3362.21,5018.57,1761.6,1859.55,3019.61,2160.62,8546.03,4621.05,6225.91,1854.59,2062.41,3517.32,2068.24,3208.72,561.83,1766.29,3409.57,1599.65,1580.42
2018-11-30,2481.34,2290.16,2254.38,2560.07,4411.92,2194.99,3599.02,979.63,941.13,3462.71,5130.72,1853.69,1952.44,3115.52,2288.41,9000.58,4821.65,6556.07,1892.41,2113.6,3692.11,2137.52,3352.16,586.4,1890.87,3291.0,1610.17,1757.67
2018-12-28,2306.0,2176.37,2178.37,2444.61,4183.69,2134.25,3501.09,946.28,885.62,3415.07,4955.52,1792.37,1887.35,2978.84,2274.43,8998.61,4824.46,5840.92,1884.67,2030.54,3496.73,2002.67,3155.42,561.18,1921.98,3108.23,1471.12,1681.36
2019-01-31,2399.92,2185.52,2261.23,2394.46,4358.09,2101.67,3650.37,953.05,903.1,3396.25,5602.83,1752.55,1845.52,2988.26,2354.58,9873.1,4504.35,5692.64,1820.97,2052.14,3632.81,2037.85,3183.99,539.35,1896.05,3364.49,1600.68,1609.54
2019-02-28,2728.19,2577.41,2600.85,2938.24,5049.88,2404.29,4273.76,1136.08,1103.94,3929.55,6181.17,2031.76,2199.41,3516.13,2872.05,11117.12,5296.91,6916.44,2097.75,2366.88,4130.16,2624.15,4074.93,677.75,2424.4,3622.47,1955.22,1979.11
2019-03-29,2806.75,2825.11,2635.0,3026.6,5622.43,2524.43,4593.72,1242.63,1223.09,4082.6,6660.91,2252.39,2507.86,3803.15,3375.8,12920.15,5954.63,7679.08,2220.11,2547.82,4619.89,2824.98,4684.55,718.32,2561.23,3631.82,2098.67,2255.46
2019-04-30,2870.08,2785.67,2493.94,2833.53,5462.82,2398.29,4360.27,1184.15,1133.6,4161.54,7011.87,2124.81,2339.9,3745.64,3572.33,13740.6,5876.63,7532.61,2146.88,2572.61,4436.7,2668.27,4341.61,663.44,2502.35,3765.75,2115.24,2138.38
2019-05-31,2703.9,2553.6,2331.79,2886.91,5258.12,2189.36,4066.44,1120.14,1105.71,3749.78,6594.28,1985.14,2161.63,3435.1,3505.39,13286.59,5504.76,6957.44,2039.3,2387.96,4100.55,2447.39,4106.95,603.59,2270.54,3565.23,1929.49,2017.46
2019-06-28,2698.97,2543.6,2318.94,2960.01,5404.03,2242.86,4110.6,1152.09,1130.32,3786.02,6843.82,1978.39,2179.92,3511.59,3256.16,14511.6,5951.69,7153.4,2096.14,2456.25,4170.88,2553.61,4260.06,617.03,2404.16,3690.06,2115.99,2031.01
2019-07-31,2602.19,2513.23,2165.69,2787.45,5216.3,2165.58,4075.8,1134.65,1170.89,3718.74,6893.82,1886.49,2095.71,3339.38,3464.63,14092.97,6053.48,7079.39,2040.78,2422.95,4080.89,2700.24,4132.9,588.77,2271.72,3667.68,2088.48,1940.71
2019-08-30,2467.12,2438.74,2041.89,2847.02,5033.38,2042.33,4018.68,1082.17,1224.27,3660.34,6772.97,1863.33,2062.51,3291.27,3493.22,15360.39,6171.75,7549.85,1991.73,2343.76,3806.76,2818.41,4262.51,590.75,2150.99,3459.95,2019.47,1918.32
2019-09-30,2450.42,2483.3,2034.98,2747.23,5176.74,2052.31,4075.77,1114.36,1139.38,3601.2,6787.89,1876.88,2064.28,3251.8,3195.23,15014.9,6085.77,7540.34,1969.68,2327.08,3855.76,3033.34,4415.67,602.86,2268.74,3567.87,2028.26,1923.19
2019-10-31,2399.89,2460.13,1986.79,2611.76,5248.14,2013.91,3967.64,1091.13,1084.83,3548.8,7113.97,1844.81,2113.16,3224.33,3597.76,15263.92,5969.28,7892.19,1967.87,2303.4,3933.33,3038.78,4466.1,615.46,2224.99,3722.92,2019.9,1940.17
2019-11-29,2378.66,2454.38,2032.18,2636.07,5524.21,1985.17,4031.61,1077.04,1065.99,3614.22,7023.78,1761.11,2080.01,3093.01,3253.34,14871.42,5702.19,7683.33,1928.29,2241.66,3886.57,3148.15,4338.19,608.34,2130.46,3673.42,1946.7,1924.89
2019-12-31,2515.26,2703.51,2132.8,3037.97,6318.43,2089.11,4354.43,1172.59,1126.39,3913.76,7779.44,1919.51,2251.05,3240.93,3308.1,15555.66,6171.58,7993.15,1981.16,2381.51,4292.31,3479.98,4671.44,680.15,2305.68,3821.03,2140.59,2120.65
2020-01-23,2392.29,2699.54,2002.36,3012.39,5946.27,2032.8,4587.73,1158.47,1162.04,3991.14,7574.76,1883.9,2241.55,3136.14,3175.56,14642.77,5634.85,8366.66,1909.41,2223.63,4009.45,3951.21,5032.71,697.64,2339.46,3651.03,2052.76,2162.55
2020-02-28,2225.475,2695.215,1912.006,2938.769,6371.951,1998.229,4664.525,1171.95,1171.964,4060.964,7336.084,1927.534,2195.52,3020.602,3437.528,14291.07,5459.63,8562.498,1857.641,2090.235,3931.954,4165.022,5566.926,710.175,2598.612,3433.567,1961.414,2231.38
2020-03-31,2082.16,2466.94,1876.17,2628.62,6412.09,2009.6,4288.77,1092.85,1073.04,3649.83,6539.99,1850.06,2078.08,3183.08,3825.95,14900.04,4932.43,8663.89,1827.92,2026.02,3686.79,3313.79,4853.74,633.27,2392.4,3255.7,1802.38,2067.59
2020-04-30,2064.54,2583.61,1928.8,2680.43,6963.04,2019.45,4717.68,1146.74,1152.28,3692.65,7040.56,1753.21,2092.87,3200.37,3813.87,16190.67,6003.27,9134.6,1862.91,2105.5,3842.72,3692.36,5220.6,668.47,2436.77,3391.71,1877.51,2121.1
2020-05-29,2049.41,2611.53,1896.39,2790.86,6850.57,1944.26,4683.0,1159.8,1157.28,3685.28,7472.98,1745.18,2222.82,3432.25,3646.69,17659.54,6403.32,9593.55,1823.13,2110.12,3723.77,3635.54,5102.79,684.4,2294.13,3316.86,1791.83,2134.04
2020-06-30,2046.99,2780.358,1918.454,2921.171,6773.894,1928.207,5186.254,1231.695,1191.473,3923.353,7652.682,1805.502,2300.518,3743.614,3869.818,19176.56,8027.099,11212.87,1870.629,2140.032,3896.606,4332.126,5687.425,797.766,2473.178,3287.23,1890.187,2282.005
2020-07-31,2299.42,3287.16,2027.7,3514.02,8394.13,2135.9,6283.56,1386.37,1522.65,4481.24,8482.06,1909.57,2652.21,4151.2,4497.91,22491.48,11349.27,12964.33,2042.69,2317.63,4190.32,4800.55,6053.96,857.18,2554.3,3320.91,2189.53,2555.97
2020-08-31,2321.31,3421.79,2068.31,3477.72,8556.2,2213.02,6397.0,1454.22,1628.61,4703.55,8536.71,1952.73,2779.39,3937.29,4723.52,25199.64,10348.78,12605.46,2105.77,2440.69,4258.81,4736.14,6037.8,882.86,2532.61,3479.32,2227.86,2612.19
2020-09-30,2205.9,3215.8,1995.45,3142.05,7762.7,2050.27,6535.41,1393.93,1550.18,4756.45,8380.47,1843.01,2544.94,3615.59,3906.89,22885.93,10673.56,11541.14,1979.64,2298.3,4061.43,4447.5,5503.85,811.62,2272.87,3342.61,2164.6,2331.6
2020-10-30,2185.867,3304.313,2029.601,3201.791,7601.904,2036.883,6960.136,1416.587,1485.036,5307.644,8989.394,1882.961,2599.671,3547.787,3727.037,23838.88,9692.049,11810.92,1952.892,2251.311,3882.753,4509.421,5337.234,788.44,2213.504,3488.711,2115.95,2375.815
2020-11-30,2513.91,3556.83,2251.05,3858.53,7966.83,2084.64,7069.25,1484.89,1604.63,5732.7,9776.2,1885.31,2664.82,3506.91,3841.56,24387.01,9845.27,11027.79,2024.76,2419.47,4120.78,4690.54,5195.42,771.95,2264.39,3807.35,2309.34,2358.13
2020-12-31,2481.63,3649.16,2237.34,4094.32,7818.18,1923.6,8478.65,1536.78,1779.43,5708.2,10197.01,1783.63,2605.76,3233.83,3913.1,28773.45,12304.75,12077.43,2000.65,2387.33,3826.41,4734.59,5126.95,733.62,2113.6,3696.86,2271.31,2397.44
2021-01-29,2337.24,3891.83,2239.58,4254.59,7913.37,1846.24,8965.85,1557.96,1597.85,5853.44,9881.23,1649.87,2677.16,2976.01,3925.6,29185.15,12450.83,12141.88,1903.22,2364.7,3565.13,4799.98,4881.63,732.94,1959.3,3937.42,2112.21,2302.19
2021-02-26,2487.74,4058.78,2426.81,4538.78,8202.96,1954.91,8424.94,1580.56,1572.76,5551.46,9730.02,1711.41,2721.89,3069.46,4251.73,27712.45,13305.02,11946.81,1937.7,2404.72,3933.24,4636.48,4797.51,704.2,1985.93,4035.38,2125.11,2306.72
2021-03-31,2591.78,3795.36,2587.66,4075.37,8286.25,2069.8,8032.9,1540.6,1436.74,5223.21,9408.8,1805.97,2771.83,3097.86,3930.18,26507.48,13538.24,11586.91,2230.71,2401.24,3779.47,4367.49,4664.05,671.13,1872.18,4085.5,1987.47,2401.91
2021-04-30,2670.58,3933.82,2816.68,4442.7,8379.47,1962.37,8584.8,1519.32,1378.09,5391.25,9338.27,1827.38,2821.03,3061.29,3934.5,28092.33,13717.25,12858.54,2030.51,2336.86,3721.14,4637.52,4567.86,685.26,1804.67,3985.15,1917.89,2503.75
2021-05-31,2845.35,4206.42,2791.77,4816.81,8571.39,1966.48,9246.22,1556.0,1558.14,5698.52,9208.79,1894.13,2844.67,3264.96,3748.7,30682.25,14176.53,13238.64,2123.95,2407.68,3787.06,4734.79,4948.91,704.07,1929.41,4181.14,2050.09,2569.74
2021-06-30,2910.92,4432.35,2765.76,4605.5,7994.93,1977.15,10498.7,1592.16,1574.72,6215.25,8607.78,1931.14,2758.02,3101.0,3609.43,28944.2,12947.45,13203.85,2105.64,2432.63,3481.81,5294.29,5115.25,679.32,1989.92,3930.59,1937.09,2823.23
2021-07-30,2969.61,4659.64,3252.3,5867.48,7529.51,1964.63,11624.19,1625.51,1627.38,6187.65,7816.95,1751.45,2561.6,2915.78,3094.99,23385.34,10391.92,11884.84,2038.3,2147.21,3070.16,5506.4,4893.53,598.35,2080.72,3425.19,1732.17,2713.16
2021-08-31,3844.43,5240.33,3823.54,6923.62,8205.37,2145.51,12248.45,1773.21,1894.23,6669.58,7813.68,1801.76,2692.98,3055.45,3080.7,22384.45,10486.54,10859.69,2274.8,2303.58,3224.52,5122.78,4815.22,595.63,1958.46,3520.28,1806.3,2999.41
2021-09-30,3976.45,5039.58,3311.04,5669.68,7563.9,2107.8,11879.27,1656.66,1699.69,6076.62,7734.73,1736.29,2604.93,2999.21,3371.1,25180.06,11254.97,11397.99,2636.32,2356.04,3394.35,4921.4,4756.16,605.38,1931.85,3553.63,1824.54,2635.01
2021-10-29,3444.71,5021.18,2924.2,5634.4,7265.33,2054.18,13269.23,1634.21,1768.74,6678.2,7682.11,1715.91,2527.31,3034.49,3461.92,25628.28,11623.88,10931.26,2430.18,2315.48,3092.67,5005.13,4752.45,609.97,1922.81,3672.76,1783.94,2672.24
2021-11-30,3278.75,5003.66,2952.97,6132.59,7238.71,2076.5,13713.37,1756.9,1998.4,7026.94,7690.51,1814.93,2671.79,3050.0,3472.41,26012.16,9692.11,11331.86,2412.71,2308.12,3159.96,5432.09,5113.82,637.98,2139.8,3517.5,1776.08,2599.28
2021-12-31,3426.43,4882.643,2917.259,5548.763,8188.584,2225.731,12097.35,1736.778,1887.489,6720.308,8070.057,1802.77,2832.581,3084.591,3715.584,28046.4,10605.62,11192.61,2659.247,2429.497,3350.791,5441.299,5080.081,694.714,2125.864,3539.424,1853.353,2650.19
2022-03-31,,4452.85,2695.51,5257.04,7216.02,2217.05,10307.48,1427.25,1517.32,5258.49,6523.76,1656.22,2449.53,2639.46,3681.18,21537.74,9645.16,10157.23,2236.24,2268.3,3616.68,4095.16,4315.16,593.61,1936.99,3586.03,1594.37,2822.62
