month,ppi_yoy,ppi_mp_yoy,ppi_mp_qm_yoy,ppi_mp_rm_yoy,ppi_mp_p_yoy,ppi_cg_yoy,ppi_cg_f_yoy,ppi_cg_c_yoy,ppi_cg_adu_yoy,ppi_cg_dcg_yoy,ppi_mom,ppi_mp_mom,ppi_mp_qm_mom,ppi_mp_rm_mom,ppi_mp_p_mom,ppi_cg_mom,ppi_cg_f_mom,ppi_cg_c_mom,ppi_cg_adu_mom,ppi_cg_dcg_mom,ppi_accu,ppi_mp_accu,ppi_mp_qm_accu,ppi_mp_rm_accu,ppi_mp_p_accu,ppi_cg_accu,ppi_cg_f_accu,ppi_cg_c_accu,ppi_cg_adu_accu,ppi_cg_dcg_accu
202202,8.8,11.4,33.0,17.9,6.6,0.9,0.5,1.4,1.5,0.7,0.5,0.7,1.3,1.9,0.1,0.1,0.2,-0.1,0.2,-0.1,8.9,11.6,34.0,18.1,6.8,0.8,0.5,1.4,1.4,0.6
202201,9.1,11.8,35.0,18.2,7.0,0.8,0.5,1.4,1.3,0.6,-0.2,-0.2,-1.3,0.6,-0.5,0.0,-0.1,0.2,0.1,0.2,9.1,11.8,35.0,18.2,7.0,0.8,0.5,1.4,1.3,0.6
202112,10.3,13.4,44.2,19.7,8.2,1.0,1.4,1.0,1.4,0.4,-1.2,-1.6,-6.8,-1.7,-0.9,0.0,0.1,-0.3,0.1,-0.1,8.1,10.7,34.4,15.8,6.6,0.4,1.4,-0.2,0.5,-0.6
202111,12.9,17.0,60.5,25.0,10.1,1.0,1.6,1.2,1.4,0.1,0.0,-0.1,-2.1,0.9,-0.3,0.4,0.8,0.4,0.4,-0.2,7.9,10.4,33.5,15.4,6.5,0.3,1.4,-0.3,0.4,-0.7
202110,13.5,17.9,66.5,25.7,10.8,0.6,1.0,0.8,0.8,-0.1,2.5,3.3,12.1,4.4,1.8,0.1,0.2,0.3,0.3,-0.2,7.3,9.8,30.7,14.5,6.1,0.2,1.4,-0.5,0.3,-0.8
202109,10.7,14.2,49.4,20.4,8.9,0.4,0.7,0.4,0.4,0.2,1.2,1.5,5.5,1.9,0.9,0.0,-0.1,0.2,-0.1,0.0,6.7,8.9,26.7,13.2,5.6,0.2,1.5,-0.6,0.2,-0.8
202108,9.5,12.7,41.8,18.3,8.0,0.3,0.9,0.0,0.1,-0.1,0.7,0.9,3.0,0.9,0.7,0.0,0.0,0.3,0.0,-0.2,6.2,8.2,23.9,12.3,5.2,0.2,1.6,-0.7,0.2,-1.0
202107,9.0,12.0,38.7,17.9,7.5,0.3,1.0,-0.4,0.5,-0.3,0.5,0.6,5.2,0.8,0.1,0.1,0.0,0.2,0.0,0.2,5.7,7.6,21.4,11.5,4.8,0.2,1.6,-0.8,0.2,-1.1
202106,8.8,11.8,35.1,18.0,7.4,0.3,1.4,-0.8,0.3,-0.6,0.3,0.5,3.9,0.2,0.3,-0.2,-0.5,-0.3,-0.2,0.1,5.1,6.8,18.5,10.4,4.3,0.1,1.8,-0.9,0.2,-1.2
202105,9.0,12.0,36.4,18.8,7.4,0.5,2.2,-0.6,0.5,-0.8,1.6,2.1,6.5,2.1,1.7,0.1,0.0,0.0,0.4,0.1,4.4,5.8,15.4,9.0,3.7,0.1,1.8,-0.9,0.2,-1.3
202104,6.8,9.1,24.9,15.2,5.4,0.3,1.8,-0.6,0.3,-0.9,0.9,1.2,1.8,0.8,1.3,0.1,-0.3,0.2,0.3,0.4,3.3,4.4,10.7,6.7,2.8,0.0,1.7,-1.0,0.1,-1.5
202103,4.4,5.8,12.3,10.1,3.4,0.1,2.0,-0.8,0.0,-1.4,1.6,2.0,1.0,3.9,1.3,0.2,0.2,0.3,0.0,0.3,2.1,2.8,6.6,4.0,2.0,-0.1,1.7,-1.1,0.0,-1.7
202102,1.7,2.3,6.8,2.9,1.7,-0.2,1.6,-1.3,-0.1,-1.8,0.8,1.1,2.8,2.1,0.4,0.0,0.2,0.0,0.0,-0.2,1.0,1.4,3.9,1.0,1.3,-0.2,1.6,-1.3,0.0,-1.8
202101,0.3,0.5,1.0,-0.8,1.0,-0.2,1.6,-1.3,0.0,-1.8,1.0,1.2,5.5,1.8,0.7,0.2,0.7,-0.2,0.1,-0.1,0.3,0.5,1.0,-0.8,1.0,-0.2,1.6,-1.3,0.0,-1.8
202012,-0.4,-0.5,-0.4,-1.6,0.0,-0.4,0.9,-1.8,-0.4,-1.8,1.1,1.4,3.3,2.6,0.8,0.1,0.5,-0.2,0.0,-0.3,-1.8,-2.7,-5.2,-5.6,-1.3,0.5,2.9,-1.0,-0.3,-1.8
202011,-1.5,-1.8,-3.6,-4.2,-0.8,-0.8,0.1,-1.8,-0.5,-1.8,0.5,0.7,0.8,1.5,0.4,0.1,0.3,0.0,0.0,-0.2,-2.0,-2.9,-5.7,-5.9,-1.4,0.5,3.1,-1.0,-0.3,-1.8
202010,-2.1,-2.7,-5.1,-6.0,-1.2,-0.5,0.8,-1.7,-0.7,-1.8,0.0,0.1,-0.1,0.2,0.0,-0.1,-0.2,-0.1,-0.1,0.0,-2.0,-3.0,-5.9,-6.1,-1.5,0.7,3.4,-0.9,-0.3,-1.8
202009,-2.1,-2.8,-4.8,-6.2,-1.3,-0.1,2.1,-1.7,-0.8,-1.9,0.1,0.2,0.6,0.3,0.1,-0.1,0.0,-0.2,-0.1,-0.3,-2.0,-3.0,-6.0,-6.1,-1.5,0.8,3.7,-0.8,-0.3,-1.8
202008,-2.0,-3.0,-5.8,-6.4,-1.4,0.6,3.1,-1.3,-0.4,-1.5,0.3,0.4,1.6,0.5,0.2,0.1,0.2,-0.2,0.5,-0.4,-2.0,-3.0,-6.1,-6.1,-1.6,0.9,3.9,-0.7,-0.2,-1.8
202007,-2.4,-3.5,-7.1,-6.9,-1.8,0.7,3.7,-1.1,-0.8,-1.6,0.4,0.5,3.1,0.9,0.1,0.1,0.6,-0.3,-0.2,0.0,-2.0,-3.0,-6.1,-6.1,-1.6,1.0,4.0,-0.6,-0.2,-1.9
202006,-3.0,-4.2,-10.5,-8.5,-2.0,0.6,3.2,-0.8,-0.3,-1.8,0.4,0.5,4.9,0.7,0.2,0.1,0.3,-0.1,0.0,-0.1,-1.9,-3.0,-6.0,-5.9,-1.5,1.0,4.1,-0.5,-0.1,-1.9
202005,-3.7,-5.1,-14.8,-9.9,-2.4,0.5,2.9,-0.6,-0.2,-1.7,-0.4,-0.5,-1.7,-1.1,-0.2,-0.3,-0.5,-0.1,-0.1,-0.2,-1.7,-2.7,-5.0,-5.4,-1.5,1.1,4.3,-0.5,0.0,-1.9
202004,-3.1,-4.5,-11.6,-8.8,-2.2,0.9,3.7,-0.6,-0.1,-1.7,-1.3,-1.8,-7.2,-3.3,-0.7,-0.1,-0.1,-0.2,-0.1,-0.1,-1.2,-2.1,-2.5,-4.3,-1.2,1.2,4.6,-0.4,0.0,-2.0
202003,-1.5,-2.4,-4.0,-5.2,-1.2,1.2,4.5,-0.5,0.1,-1.9,-1.0,-1.2,-3.5,-2.7,-0.5,-0.2,-0.3,-0.3,-0.2,-0.1,-0.6,-1.3,0.6,-2.7,-0.9,1.3,4.9,-0.4,0.1,-2.0
202002,-0.4,-1.0,1.1,-2.2,-0.7,1.4,5.1,-0.3,0.1,-2.0,-0.5,-0.7,-2.3,-1.3,-0.3,0.0,0.0,-0.1,0.1,-0.2,-0.2,-0.7,2.9,-1.5,-0.7,1.4,5.1,-0.3,0.1,-2.1
202001,0.1,-0.4,4.7,-0.8,-0.6,1.3,5.1,-0.3,0.0,-2.3,0.0,0.0,0.8,0.3,-0.1,0.0,0.0,0.0,-0.1,-0.1,0.1,-0.4,4.7,-0.8,-0.6,1.3,5.1,-0.3,0.0,-2.3
201912,-0.5,-1.2,2.6,-2.6,-0.9,1.3,5.0,-0.1,0.1,-2.4,0.0,0.0,0.1,0.0,0.1,-0.2,-0.3,-0.2,-0.1,-0.3,-0.3,-0.8,2.4,-2.6,-0.3,0.9,2.7,1.1,0.4,-1.2
201911,-1.4,-2.5,-1.4,-5.0,-1.6,1.6,5.4,0.3,0.1,-2.1,-0.1,-0.2,-0.8,-0.4,-0.1,0.3,1.1,0.0,-0.3,-0.2,-0.3,-0.7,2.3,-2.6,-0.3,0.9,2.4,1.2,0.4,-1.1
201910,-1.6,-2.6,-1.9,-5.6,-1.5,1.4,4.4,0.6,0.4,-1.8,0.1,0.0,0.2,0.0,-0.1,0.3,1.1,0.0,-0.2,-0.1,-0.2,-0.5,2.7,-2.3,-0.1,0.8,2.1,1.3,0.5,-1.0
201909,-1.2,-2.0,0.6,-4.8,-1.2,1.1,3.3,0.9,0.8,-1.8,0.1,0.0,-0.5,0.0,0.0,0.5,1.0,0.1,0.3,0.1,0.0,-0.3,3.3,-2.0,0.0,0.8,1.9,1.4,0.5,-1.0
201908,-0.8,-1.3,2.8,-3.5,-0.8,0.7,2.6,0.9,0.6,-2.0,-0.1,-0.2,0.2,0.0,-0.3,0.2,0.8,0.0,0.1,-0.5,0.1,-0.1,3.6,-1.6,0.2,0.7,1.7,1.5,0.4,-0.8
201907,-0.3,-0.7,3.2,-2.9,-0.2,0.8,2.0,1.3,0.8,-1.2,-0.2,-0.3,-0.7,-0.8,-0.1,0.0,0.0,0.1,0.2,-0.1,0.2,0.1,3.8,-1.3,0.3,0.7,1.6,1.6,0.4,-0.7
201906,0.0,-0.3,4.5,-2.1,0.0,0.9,2.2,1.6,0.5,-0.9,-0.3,-0.4,-0.1,-1.0,-0.2,0.0,0.0,0.0,0.1,0.0,0.3,0.2,3.8,-1.1,0.4,0.7,1.5,1.6,0.3,-0.6
201905,0.6,0.6,6.1,-0.6,0.5,0.9,2.2,1.5,0.4,-0.8,0.2,0.2,1.9,0.2,0.0,0.1,0.4,0.0,0.1,-0.2,0.4,0.3,3.7,-0.9,0.5,0.7,1.4,1.6,0.3,-0.5
201904,0.9,0.9,5.3,0.0,0.9,0.9,1.9,1.7,0.3,-0.6,0.3,0.4,0.8,0.5,0.3,0.2,0.6,-0.1,0.0,-0.2,0.3,0.3,3.1,-0.9,0.5,0.6,1.2,1.6,0.3,-0.5
201903,0.4,0.3,4.2,-0.6,0.4,0.5,1.2,1.7,0.3,-0.7,0.1,0.2,1.7,0.3,0.0,0.0,0.2,-0.1,-0.1,-0.2,0.2,0.0,2.4,-1.2,0.3,0.5,0.9,1.6,0.2,-0.4
201902,0.1,-0.1,1.8,-1.5,0.3,0.4,0.8,1.6,0.2,-0.6,-0.1,0.0,1.1,0.1,-0.2,-0.1,0.1,-0.1,-0.1,-0.5,0.1,-0.1,1.5,-1.5,0.3,0.5,0.8,1.6,0.2,-0.3
201901,0.1,-0.1,1.2,-1.6,0.3,0.6,0.8,1.6,0.3,0.0,-0.6,-0.8,-1.2,-1.5,-0.4,0.0,-0.1,0.2,0.0,-0.1,0.1,-0.1,1.2,-1.6,0.3,0.6,0.8,1.6,0.3,0.0
201812,0.9,1.0,3.8,0.8,0.8,0.7,0.9,1.6,0.4,0.2,-1.0,-1.3,-3.9,-2.5,-0.6,0.0,0.1,0.2,-0.1,0.0,3.5,4.6,8.8,6.3,3.5,0.5,0.5,0.8,1.0,-0.2
201811,2.7,3.3,9.2,4.6,2.2,0.8,1.1,1.5,0.8,0.1,-0.2,-0.3,-1.3,-1.1,0.0,0.2,0.2,0.4,0.1,0.1,3.8,4.9,9.3,6.9,3.7,0.5,0.5,0.7,1.1,-0.2
201810,3.3,4.2,12.4,6.7,2.5,0.7,0.9,1.2,1.0,-0.1,0.4,0.6,2.8,0.9,0.2,0.0,-0.1,0.3,0.2,-0.2,3.9,5.1,9.3,7.1,3.9,0.4,0.4,0.6,1.1,-0.2
201809,3.6,4.6,11.7,7.3,2.9,0.8,0.9,1.1,1.1,0.2,0.6,0.7,1.6,1.4,0.4,0.1,0.3,0.0,0.1,-0.1,4.0,5.2,9.0,7.1,4.0,0.4,0.4,0.6,1.1,-0.2
201808,4.1,5.2,12.1,7.8,3.5,0.7,0.7,1.1,1.2,0.2,0.4,0.5,0.6,0.6,0.4,0.3,0.3,0.4,0.3,0.2,4.0,5.2,8.6,7.1,4.2,0.4,0.3,0.5,1.1,-0.3
201807,4.6,6.0,13.4,9.0,4.1,0.6,0.7,0.7,1.1,-0.2,0.1,0.1,0.6,-0.1,0.1,0.2,0.2,0.4,-0.1,0.2,4.0,5.2,8.1,7.0,4.3,0.3,0.2,0.4,1.1,-0.4
201806,4.7,6.1,11.5,8.8,4.6,0.4,0.7,0.3,1.1,-0.5,0.3,0.4,1.3,0.6,0.3,0.0,0.1,-0.1,0.0,0.0,3.9,5.1,7.3,6.7,4.3,0.3,0.2,0.4,1.1,-0.4
201805,4.1,5.4,8.1,7.4,4.4,0.3,0.3,0.3,1.1,-0.7,0.4,0.5,1.1,0.8,0.3,0.0,0.1,0.1,0.0,-0.1,3.7,4.9,6.5,6.3,4.2,0.2,0.1,0.4,1.1,-0.4
201804,3.4,4.5,6.1,5.7,3.9,0.1,0.1,0.2,0.9,-0.6,-0.2,-0.2,-0.2,-0.1,-0.2,-0.1,-0.1,-0.2,0.0,-0.2,3.6,4.8,6.1,6.0,4.2,0.2,0.0,0.4,1.1,-0.3
201803,3.1,4.1,5.0,5.1,3.7,0.2,0.0,0.3,0.9,-0.3,-0.2,-0.2,-0.8,-0.5,0.0,-0.2,-0.2,-0.2,-0.1,-0.1,3.7,4.9,6.1,6.1,4.3,0.3,0.0,0.5,1.1,-0.2
201802,3.7,4.8,6.4,5.9,4.2,0.3,0.0,0.5,1.1,-0.1,-0.1,-0.1,0.6,0.0,-0.2,0.0,0.0,0.0,-0.1,0.1,4.0,5.2,6.6,6.6,4.6,0.3,0.0,0.6,1.3,-0.2
201801,4.3,5.7,6.8,7.3,4.9,0.3,0.0,0.8,1.4,-0.3,0.3,0.3,1.3,0.9,0.0,0.1,0.0,0.2,0.1,0.0,4.3,5.7,6.8,7.3,4.9,0.3,0.0,0.8,1.4,-0.3
201712,4.9,6.4,9.1,8.1,5.5,0.5,0.2,0.6,1.6,-0.2,0.8,0.9,1.1,1.2,0.8,0.2,0.2,0.2,0.3,0.0,6.3,8.3,20.7,11.5,6.1,0.7,0.6,1.2,1.3,-0.1
201711,5.8,7.5,10.8,9.7,6.3,0.6,0.4,0.7,1.7,0.0,0.5,0.6,1.7,1.0,0.3,0.1,0.0,0.1,0.2,-0.1,6.4,8.5,21.9,11.9,6.1,0.7,0.6,1.2,1.3,-0.1
201710,6.9,9.0,14.7,11.6,7.5,0.8,0.6,0.9,1.9,0.0,0.7,0.9,2.1,1.4,0.6,0.1,-0.1,0.1,0.3,0.1,6.5,8.6,23.2,12.1,6.1,0.7,0.7,1.3,1.2,-0.1
201709,6.9,9.1,17.2,11.9,7.3,0.7,0.7,1.2,1.3,0.0,1.0,1.3,2.0,1.9,1.0,0.1,0.2,0.1,0.2,-0.1,6.5,8.6,24.2,12.2,6.0,0.7,0.7,1.3,1.2,-0.1
201708,6.3,8.3,18.2,11.0,6.4,0.6,0.7,1.4,0.8,0.0,0.9,1.2,1.8,1.7,1.0,0.1,0.3,0.0,0.2,-0.1,6.4,8.5,25.2,12.2,5.8,0.6,0.7,1.3,1.2,-0.2
201707,5.5,7.3,15.8,9.3,5.8,0.5,0.4,1.2,0.6,0.0,0.2,0.2,-1.1,-0.2,0.5,0.0,0.1,0.0,-0.1,0.0,6.4,8.6,26.2,12.4,5.7,0.7,0.6,1.3,1.2,-0.2
201706,5.5,7.3,18.3,10.0,5.4,0.5,0.1,1.3,1.0,0.1,-0.2,-0.2,-1.7,-0.7,0.1,-0.1,-0.2,0.0,0.0,-0.2,6.6,8.8,28.1,12.9,5.7,0.7,0.7,1.3,1.3,-0.2
201705,5.5,7.3,22.7,11.1,4.6,0.6,0.3,1.5,1.1,0.2,-0.3,-0.4,-0.8,-0.7,-0.2,-0.1,-0.2,0.0,-0.2,0.0,6.8,9.1,30.2,13.5,5.8,0.7,0.8,1.3,1.4,-0.3
201704,6.4,8.4,28.3,13.0,5.2,0.7,0.5,1.5,1.4,-0.1,-0.4,-0.6,-1.2,-0.8,-0.4,-0.1,-0.2,0.0,-0.1,0.1,7.2,9.5,32.2,14.1,6.0,0.8,0.9,1.3,1.5,-0.4
201703,7.6,10.1,33.7,14.9,6.5,0.7,0.7,1.3,1.4,-0.4,0.3,0.5,0.6,0.3,0.5,0.0,-0.2,0.0,0.1,0.1,7.4,9.9,33.6,14.5,6.3,0.8,1.1,1.2,1.5,-0.5
201702,7.8,10.4,36.1,15.5,6.6,0.8,1.1,1.3,1.5,-0.6,0.6,0.7,1.0,1.2,0.5,0.1,0.0,0.2,0.2,-0.1,7.3,9.7,33.5,14.2,6.2,0.8,1.2,1.2,1.5,-0.6
201701,6.9,9.1,31.0,12.9,5.9,0.8,1.3,1.1,1.5,-0.6,0.8,1.1,3.5,1.7,0.6,0.2,0.3,0.0,0.4,0.1,6.9,9.1,31.0,12.9,5.9,0.8,1.3,1.1,1.5,-0.6
201612,5.5,7.2,21.1,9.8,5.1,0.8,1.3,1.3,1.3,-0.8,1.6,2.0,2.7,2.7,1.6,0.3,0.4,0.3,0.4,0.1,-1.4,-1.8,-4.6,-3.3,-1.0,0.0,0.6,0.9,0.0,-1.5
201611,3.3,4.3,14.8,5.8,2.9,0.4,0.9,1.1,0.7,-1.0,1.5,2.0,5.2,2.7,1.4,0.2,0.3,0.2,0.4,0.0,-2.0,-2.6,-6.7,-4.4,-1.6,-0.1,0.5,0.8,-0.1,-1.5
201610,1.2,1.6,7.9,1.9,0.9,0.1,0.6,0.9,0.2,-1.2,0.7,1.0,4.4,1.7,0.4,0.0,0.0,0.4,-0.3,0.0,-2.5,-3.3,-8.7,-5.4,-2.0,-0.2,0.4,0.8,-0.2,-1.6
201609,0.1,0.1,2.1,-0.2,0.1,0.0,0.3,0.7,0.5,-1.5,0.5,0.6,2.9,1.1,0.2,0.0,0.1,0.2,-0.2,-0.1,-2.9,-3.8,-10.4,-6.1,-2.3,-0.2,0.4,0.8,-0.2,-1.6
201608,-0.8,-1.0,-3.2,-2.3,-0.4,0.0,0.1,0.8,0.7,-1.3,0.2,0.3,-0.3,0.1,0.4,-0.1,-0.1,-0.2,0.0,0.0,-3.2,-4.3,-11.9,-6.9,-2.6,-0.2,0.4,0.8,-0.3,-1.6
201607,-1.7,-2.3,-5.6,-4.5,-1.2,0.0,0.2,1.1,0.6,-1.4,0.2,0.3,1.0,0.4,0.1,0.0,-0.2,0.1,0.3,0.1,-3.6,-4.7,-13.0,-7.5,-2.9,-0.2,0.5,0.8,-0.4,-1.7
201606,-2.6,-3.5,-8.2,-6.1,-2.0,-0.1,0.6,1.0,0.0,-1.7,-0.2,-0.3,1.9,0.3,-0.6,0.0,0.0,0.2,0.1,-0.1,-3.9,-5.1,-14.2,-8.0,-3.2,-0.3,0.5,0.8,-0.6,-1.7
201605,-2.8,-3.7,-9.6,-7.2,-1.8,-0.2,0.6,0.7,-0.3,-1.7,0.5,0.7,3.8,0.9,0.4,0.0,0.0,-0.1,0.1,-0.3,-4.1,-5.5,-15.4,-8.3,-3.5,-0.3,0.5,0.7,-0.7,-1.7
201604,-3.4,-4.5,-13.0,-7.7,-2.5,-0.2,0.7,0.7,-0.5,-1.7,0.7,1.0,2.9,0.9,0.9,-0.1,0.1,-0.2,-0.1,-0.2,-4.5,-5.9,-16.9,-8.6,-3.9,-0.4,0.5,0.7,-0.8,-1.7
201603,-4.3,-5.7,-16.3,-8.8,-3.6,-0.2,0.7,0.8,-0.6,-1.7,0.5,0.7,2.4,0.8,0.5,0.1,0.2,0.0,0.2,-0.1,-4.8,-6.4,-18.1,-8.9,-4.3,-0.4,0.4,0.7,-0.9,-1.7
201602,-4.9,-6.5,-18.2,-8.9,-4.5,-0.4,0.4,0.7,-1.0,-1.7,-0.3,-0.5,-2.8,-1.0,-0.1,0.1,0.2,0.0,0.2,-0.1,-5.1,-6.7,-19.0,-9.0,-4.7,-0.5,0.3,0.7,-1.1,-1.7
201601,-5.3,-6.9,-19.8,-9.1,-4.9,-0.5,0.2,0.7,-1.2,-1.6,-0.5,-0.7,-4.3,-1.1,-0.2,0.1,0.2,0.3,0.1,-0.1,-5.3,-6.9,-19.8,-9.1,-4.9,-0.5,0.2,0.7,-1.2,-1.6
201512,-5.9,-7.6,-19.7,-10.3,-5.4,-0.4,-0.1,0.7,-0.9,-1.1,-0.6,-0.8,-2.7,-1.1,-0.5,0.0,0.1,0.1,-0.1,-0.1,-5.2,-6.7,-19.7,-9.5,-4.3,-0.3,0.0,0.7,-0.7,-0.8
201511,-5.9,-7.6,-19.9,-10.7,-5.2,-0.4,-0.2,0.7,-0.9,-1.0,-0.5,-0.7,-1.1,-1.1,-0.5,-0.1,-0.1,0.0,-0.1,-0.2,-5.2,-6.7,-19.7,-9.5,-4.2,-0.3,0.0,0.7,-0.7,-0.8
201510,-5.9,-7.6,-20.8,-10.8,-4.9,-0.4,-0.2,0.8,-1.0,-0.8,-0.4,-0.5,-1.1,-0.5,-0.4,-0.1,-0.3,0.1,0.0,-0.1,-5.1,-6.6,-19.7,-9.4,-4.1,-0.2,0.0,0.7,-0.7,-0.7
201509,-5.95,-7.72,-21.23,-11.36,-4.82,-0.25,0.03,0.83,-1.02,-0.58,-0.4,-0.56,-2.19,-0.93,-0.27,0.07,-0.09,0.39,0.06,0.12,-4.99,-6.46,-19.54,-9.21,-3.97,-0.23,0.02,0.64,-0.63,-0.74
201508,-5.92,-7.66,-20.87,-11.11,-4.86,-0.33,0.14,0.59,-1.15,-0.78,-0.78,-1.03,-2.46,-1.96,-0.52,-0.03,0.05,0.04,-0.13,-0.09,-4.87,-6.31,-19.34,-8.95,-3.86,-0.22,0.02,0.62,-0.58,-0.76
201507,-5.37,-6.95,-19.44,-9.68,-4.53,-0.28,0.17,0.54,-1.0,-0.75,-0.68,-0.88,-1.48,-1.2,-0.7,-0.05,0.13,0.01,-0.24,-0.17,-4.72,-6.12,-19.13,-8.64,-3.72,-0.21,0.0,0.63,-0.5,-0.75
201506,-4.81,-6.24,-18.52,-8.48,-4.05,-0.23,0.06,0.51,-0.73,-0.65,-0.43,-0.56,-0.11,-0.86,-0.47,-0.03,0.0,0.01,-0.15,0.01,-4.61,-5.98,-19.08,-8.47,-3.58,-0.2,-0.03,0.64,-0.42,-0.75
201505,-4.61,-5.95,-19.22,-7.91,-3.79,-0.29,0.11,0.48,-0.58,-1.07,-0.09,-0.11,-0.5,0.32,-0.25,-0.05,0.06,0.02,-0.02,-0.27,-4.57,-5.93,-19.19,-8.47,-3.49,-0.19,-0.05,0.67,-0.36,-0.78
201504,-4.57,-5.92,-19.63,-8.27,-3.53,-0.23,0.09,0.51,-0.55,-0.87,-0.26,-0.32,-1.09,-0.4,-0.23,-0.07,0.09,-0.21,-0.08,-0.19,-4.56,-5.92,-19.18,-8.61,-3.42,-0.17,-0.09,0.71,-0.3,-0.7
201503,-4.56,-5.93,-19.56,-8.37,-3.5,-0.14,-0.03,0.74,-0.4,-0.62,-0.07,-0.09,-0.29,0.44,-0.3,-0.01,0.0,-0.02,-0.07,0.06,-4.56,-5.92,-19.04,-8.72,-3.38,-0.14,-0.15,0.78,-0.22,-0.64
201502,-4.8,-6.24,-20.12,-9.21,-3.53,-0.13,-0.14,0.75,-0.18,-0.63,-0.73,-0.97,-4.08,-1.16,-0.62,0.02,0.03,-0.01,0.02,0.01,-4.56,-5.92,-18.78,-8.89,-3.32,-0.14,-0.2,0.8,-0.13,-0.66
201501,-4.32,-5.6,-17.45,-8.58,-3.1,-0.15,-0.26,0.84,-0.08,-0.68,-1.09,-1.42,-4.5,-2.41,-0.71,-0.06,-0.05,0.22,-0.09,-0.2,-4.32,-5.6,-17.45,-8.58,-3.1,-0.15,-0.26,0.84,-0.08,-0.68
201412,-3.32,-4.29,-13.2,-6.36,-2.51,-0.16,-0.29,0.57,0.01,-0.58,-0.63,-0.82,-2.84,-1.53,-0.34,-0.03,-0.07,0.09,-0.08,0.0,-1.89,-2.47,-6.5,-2.99,-1.84,-0.02,0.16,0.69,0.09,-0.83
201411,-2.69,-3.49,-10.65,-4.69,-2.25,-0.13,-0.15,0.5,0.07,-0.69,-0.49,-0.64,-2.26,-1.24,-0.23,-0.04,-0.09,0.12,-0.16,0.03,-1.76,-2.3,-5.91,-2.68,-1.78,0.0,0.2,0.7,0.1,-0.85
201410,-2.24,-2.95,-8.87,-3.68,-2.05,0.04,0.17,0.51,0.28,-0.69,-0.4,-0.6,-1.71,-1.05,-0.31,0.02,-0.05,0.17,-0.09,0.12,-1.67,-2.19,-5.44,-2.48,-1.74,0.01,0.24,0.72,0.1,-0.87
201409,-1.8,-2.39,-6.68,-2.72,-1.83,0.11,0.35,0.65,0.36,-0.83,-0.4,-0.5,-1.74,-0.64,-0.31,0.0,0.03,0.16,-0.07,-0.08,-1.6,-2.1,-5.06,-2.35,-1.7,0.01,0.25,0.75,0.08,-0.89
201408,-1.2,-1.65,-4.44,-1.48,-1.45,0.24,0.62,0.67,0.44,-0.78,-0.2,-0.27,-0.71,-0.39,-0.17,0.02,0.09,-0.01,0.02,-0.05,-1.58,-2.07,-4.87,-2.31,-1.69,-0.01,0.24,0.76,0.04,-0.9
201407,-0.87,-1.22,-3.37,-0.78,-1.19,0.26,0.71,0.74,0.42,-0.88,-0.09,-0.12,-0.36,0.12,-0.2,0.0,0.02,-0.01,0.03,-0.07,-1.63,-2.13,-4.93,-2.42,-1.72,-0.04,0.18,0.77,-0.02,-0.91
201406,-1.11,-1.53,-4.0,-1.46,-1.31,0.23,0.69,0.79,0.31,-0.89,-0.21,-0.25,-0.96,-0.24,-0.19,-0.09,0.05,-0.02,0.0,-0.43,-1.76,-2.27,-5.17,-2.69,-1.81,-0.09,0.09,0.78,-0.09,-0.92
201405,-1.45,-1.95,-4.87,-2.04,-1.62,0.17,0.41,0.82,0.17,-0.6,-0.06,-0.08,-1.01,-0.07,0.01,0.01,0.04,0.05,0.02,-0.07,-1.88,-2.42,-5.4,-2.93,-1.91,-0.15,-0.03,0.77,-0.17,-0.92
201404,-2.0,-2.61,-6.06,-3.06,-2.07,-0.06,0.08,0.73,-0.05,-0.78,-0.25,-0.33,-1.0,-0.5,-0.19,0.02,-0.03,0.01,0.07,0.07,-1.99,-2.54,-5.53,-3.14,-1.98,-0.24,-0.13,0.76,-0.25,-1.0
201403,-2.3,-2.95,-6.66,-3.81,-2.21,-0.21,-0.22,0.83,-0.11,-0.94,-0.32,-0.42,-0.99,-0.47,-0.34,0.0,-0.11,-0.01,0.15,0.04,-1.99,-2.51,-5.35,-3.17,-1.95,-0.29,-0.21,0.77,-0.32,-1.08
201402,-2.02,-2.54,-5.33,-3.22,-1.97,-0.33,-0.3,0.77,-0.33,-1.06,-0.2,-0.3,-0.88,-0.48,-0.17,0.0,-0.09,0.07,0.11,-0.04,-1.8,-2.3,-4.69,-2.85,-1.82,-0.34,-0.2,0.74,-0.42,-1.15
201401,-1.64,-2.05,-4.05,-2.48,-1.66,-0.35,-0.09,0.72,-0.51,-1.24,-0.05,-0.05,0.43,-0.04,-0.1,-0.06,-0.08,-0.05,0.01,-0.1,-1.64,-2.05,-4.05,-2.48,-1.66,-0.35,-0.09,0.72,-0.51,-1.24
201312,-1.36,-1.78,-4.05,-2.04,-1.45,0.01,0.58,1.08,-0.39,-1.14,0.01,0.01,0.0,0.22,-0.08,0.0,0.08,0.03,-0.02,-0.11,-1.91,-2.57,-5.71,-3.08,-2.03,0.19,0.71,1.22,-0.15,-0.9
201311,-1.42,-1.91,-4.18,-2.45,-1.44,0.11,0.76,1.19,-0.41,-1.04,-0.03,-0.08,-0.3,-0.19,-0.02,0.12,0.23,0.13,0.05,0.03,-1.96,-2.64,-5.86,-3.17,-2.09,0.21,0.73,1.23,-0.13,-0.88
201310,-1.51,-1.97,-4.09,-2.57,-1.5,-0.03,0.53,1.21,-0.64,-1.05,0.0,-0.03,0.65,-0.07,-0.08,0.09,0.13,0.31,-0.01,-0.02,-2.01,-2.71,-6.02,-3.24,-2.15,0.22,0.72,1.23,-0.1,-0.87
201309,-1.34,-1.75,-4.0,-2.04,-1.4,-0.06,0.4,1.03,-0.58,-0.93,0.23,0.26,0.63,0.62,0.06,0.13,0.3,0.17,0.01,-0.03,-2.07,-2.8,-6.23,-3.31,-2.22,0.25,0.74,1.24,-0.04,-0.85
201308,-1.63,-2.14,-4.18,-2.36,-1.85,0.0,0.48,1.08,-0.41,-0.98,0.14,0.17,0.39,0.32,0.09,0.04,0.17,0.06,0.0,-0.16,-2.16,-2.92,-6.49,-3.47,-2.32,0.28,0.79,1.26,0.02,-0.84
201307,-2.27,-2.98,-5.99,-3.23,-2.58,-0.02,0.41,1.04,-0.51,-0.86,-0.33,-0.43,-1.0,-0.57,-0.32,-0.03,0.0,0.04,-0.08,-0.06,-2.23,-3.03,-6.8,-3.62,-2.39,0.32,0.83,1.29,0.09,-0.81
201306,-2.7,-3.53,-8.55,-4.18,-2.75,-0.03,0.38,1.03,-0.52,-0.81,-0.55,-0.68,-1.85,-0.83,-0.51,-0.15,-0.23,0.01,-0.15,-0.14,-2.23,-3.04,-6.93,-3.68,-2.36,0.38,0.9,1.33,0.18,-0.81
201305,-2.87,-3.79,-8.99,-5.13,-2.65,0.09,0.44,1.23,-0.27,-0.81,-0.62,-0.75,-2.26,-1.11,-0.44,-0.22,-0.28,-0.04,-0.2,-0.25,-2.13,-2.95,-6.61,-3.59,-2.28,0.46,1.01,1.39,0.33,-0.81
201304,-2.62,-3.52,-8.23,-4.79,-2.46,0.29,0.57,1.31,0.09,-0.6,-0.55,-0.68,-1.63,-1.27,-0.33,-0.13,-0.34,0.11,0.01,-0.09,-1.95,-2.74,-6.02,-3.2,-2.19,0.56,1.15,1.43,0.48,-0.8
201303,-1.92,-2.68,-5.61,-3.2,-2.15,0.51,1.18,1.38,0.27,-0.79,-0.03,0.0,0.42,0.13,-0.11,-0.12,-0.19,-0.07,-0.07,-0.08,-1.73,-2.47,-5.27,-2.67,-2.1,0.65,1.34,1.48,0.61,-0.87
201302,-1.63,-2.37,-5.22,-2.59,-1.98,0.74,1.56,1.5,0.63,-0.84,0.15,0.21,0.46,0.28,0.15,-0.02,0.13,0.02,-0.07,-0.22,-1.63,-2.37,-5.1,-2.4,-2.08,0.71,1.42,1.52,0.78,-0.91
201301,-1.64,-2.37,-4.97,-2.2,-2.18,0.68,1.28,1.54,0.93,-0.98,0.24,0.22,0.43,0.4,0.12,0.29,0.59,0.31,0.13,0.0,-1.64,-2.37,-4.97,-2.2,-2.18,0.68,1.28,1.54,0.93,-0.98
201212,-1.94,-2.71,-6.1,-2.44,-2.49,0.53,0.88,1.32,0.8,-0.77,-0.06,-0.11,-0.14,-0.19,-0.07,0.1,0.25,0.14,-0.04,-0.02,-1.72,-2.49,-2.42,-1.98,-2.74,0.82,1.4,2.05,0.86,-0.92
201211,-2.2,-2.99,-5.34,-2.74,-2.87,0.34,0.5,1.51,0.62,-0.92,-0.12,-0.15,-0.21,-0.31,-0.07,-0.01,0.01,0.14,-0.18,0.02,-1.7,-2.47,-2.09,-1.94,-2.76,0.84,1.45,2.12,0.87,-0.94
201210,-2.76,-3.68,-6.44,-3.44,-3.5,0.23,0.3,1.55,0.53,-1.01,0.16,0.2,0.74,0.48,0.02,0.06,0.0,0.13,0.05,0.1,-1.65,-2.42,-1.76,-1.86,-2.75,0.89,1.55,2.18,0.89,-0.94
201209,-3.55,-4.68,-7.84,-4.95,-4.24,0.14,0.27,1.61,0.28,-1.12,-0.06,-0.14,0.45,0.3,-0.39,0.2,0.38,0.22,0.18,-0.09,-1.53,-2.28,-1.23,-1.69,-2.66,0.97,1.69,2.25,0.93,-0.93
201208,-3.48,-4.59,-8.3,-5.23,-3.94,0.2,0.46,1.68,0.27,-1.22,-0.52,-0.69,-1.51,-0.58,-0.66,0.01,0.1,0.03,-0.09,-0.04,-1.27,-1.97,-0.39,-1.28,-2.47,1.07,1.87,2.34,1.02,-0.91
201207,-2.87,-3.87,-6.15,-4.5,-3.36,0.44,0.79,1.94,0.62,-1.21,-0.77,-1.0,-3.69,-1.54,-0.49,-0.03,-0.04,0.03,-0.1,-0.01,-0.95,-1.6,0.78,-0.7,-2.25,1.2,2.08,2.43,1.12,-0.86
201206,-2.08,-2.93,-2.88,-2.99,-2.91,0.73,1.29,2.11,0.91,-1.21,-0.73,-0.94,-2.33,-1.8,-0.41,-0.04,-0.17,0.2,0.11,-0.14,-0.63,-1.22,1.97,-0.06,-2.07,1.33,2.29,2.51,1.21,-0.81
201205,-1.4,-2.09,-1.46,-1.12,-2.58,0.91,1.8,2.08,0.95,-1.24,-0.37,-0.48,-1.44,-0.76,-0.25,-0.02,-0.14,0.03,0.16,-0.04,-0.34,-0.87,2.97,0.54,-1.9,1.45,2.49,2.6,1.27,-0.72
201204,-0.7,-1.24,2.19,0.12,-2.21,1.14,2.18,2.14,1.11,-1.08,0.16,0.18,1.17,0.38,-0.01,0.1,0.26,0.18,0.19,-0.29,-0.07,-0.56,4.14,0.96,-1.73,1.59,2.67,2.73,1.35,-0.59
201203,-0.32,-0.83,3.69,0.82,-2.03,1.4,2.39,2.59,1.22,-0.72,0.27,0.32,0.84,0.76,0.07,0.11,0.18,0.06,0.29,-0.13,0.15,-0.33,4.82,1.25,-1.57,1.74,2.84,2.92,1.43,-0.43
201202,0.03,-0.47,4.7,1.2,-1.75,1.69,2.63,3.06,1.45,-0.4,0.14,0.21,0.72,0.68,-0.05,-0.08,-0.15,0.06,0.23,-0.36,0.38,-0.08,5.4,1.46,-1.34,1.9,3.06,3.09,1.53,-0.29
201201,0.73,0.32,6.12,1.73,-0.92,2.11,3.49,3.12,1.61,-0.17,-0.1,-0.1,-0.8,0.2,-0.2,0.1,0.2,0.1,0.0,0.2,0.73,0.32,6.12,1.73,-0.92,2.11,3.49,3.12,1.61,-0.17
201112,1.69,1.43,9.42,2.87,-0.03,2.52,4.29,3.6,2.1,-0.46,-0.3,-0.4,0.7,-0.5,-0.5,-0.1,-0.1,0.3,-0.2,-0.2,6.03,6.6,15.39,9.21,4.58,4.17,7.41,4.22,4.02,-0.56
201111,2.72,2.61,10.6,4.12,1.12,3.09,5.23,3.82,2.83,-0.41,-0.7,-0.9,-1.4,-1.0,-0.7,-0.1,-0.2,0.2,-0.3,-0.1,6.44,7.09,15.97,9.81,5.01,4.33,7.7,4.28,4.2,-0.57
201110,5.0,5.24,15.12,7.86,3.1,4.22,7.36,4.48,3.86,-0.34,-0.7,-0.8,-0.8,-1.1,-0.7,0.0,0.0,0.2,-0.2,0.0,6.82,7.55,16.54,10.41,5.41,4.45,7.96,4.32,4.34,-0.59
201109,6.52,7.11,17.16,10.65,4.56,4.62,8.25,4.54,4.43,-0.6,0.0,-0.1,-0.1,0.0,-0.1,0.3,0.6,0.3,0.2,-0.2,7.02,7.81,16.7,10.7,5.67,4.48,8.03,4.31,4.4,-0.62
201108,7.25,8.01,18.75,11.59,5.39,4.79,8.32,4.64,4.67,-0.32,0.1,0.07,0.8,0.18,-0.06,0.26,0.43,0.28,0.25,-0.02,7.09,7.9,16.64,10.71,5.81,4.46,8.0,4.28,4.39,-0.62
201107,7.54,8.4,18.09,12.07,5.85,4.75,8.59,4.45,4.46,-0.49,0.0,-0.04,-0.33,0.02,-0.03,0.25,0.46,0.2,0.19,-0.01,7.06,7.88,16.33,10.58,5.87,4.41,7.96,4.23,4.35,-0.66
201106,7.12,7.88,16.74,11.13,5.57,4.65,8.46,4.44,4.23,-0.48,0.0,-0.08,-0.9,0.09,-0.07,0.14,0.33,0.18,0.15,-0.18,6.98,7.8,16.04,10.34,5.87,4.36,7.85,4.19,4.33,-0.69
201105,6.79,7.45,17.1,9.89,5.41,4.6,8.3,4.39,4.36,-0.53,0.3,0.38,2.21,0.48,0.14,0.21,0.23,0.09,0.32,0.13,6.96,7.78,15.9,10.18,5.94,4.3,7.73,4.14,4.35,-0.73
201104,6.82,7.49,17.43,9.9,5.46,4.64,8.4,4.5,4.41,-0.64,0.5,0.6,2.65,1.09,0.17,0.36,0.47,0.62,0.3,0.07,7.0,7.86,15.58,10.25,6.07,4.22,7.58,4.07,4.35,-0.78
201103,7.31,8.22,16.83,10.5,6.39,4.36,7.97,4.13,4.48,-0.93,0.6,0.68,1.83,1.14,0.35,0.4,0.41,0.52,0.52,0.19,7.06,7.99,14.95,10.37,6.28,4.08,7.31,3.93,4.33,-0.83
201102,7.23,8.21,14.26,10.56,6.59,4.09,7.32,3.89,4.33,-0.8,0.8,1.0,2.09,1.21,0.8,0.33,0.69,0.12,0.38,-0.13,6.94,7.87,14.01,10.3,6.22,3.94,6.98,3.83,4.26,-0.78
201101,6.64,7.5,13.75,10.0,5.8,3.8,6.6,3.8,4.2,-0.8,0.9,0.97,2.32,1.29,0.69,0.54,0.97,0.54,0.49,-0.08,6.64,7.53,13.75,10.04,5.85,3.8,6.64,3.76,4.19,-0.76
201012,5.93,6.67,12.58,8.86,4.91,3.53,5.87,3.34,3.86,-0.27,0.7,,,,,,,,,,5.54,6.64,22.19,10.06,3.08,1.99,3.77,2.0,1.87,-0.61
201011,6.06,6.94,14.6,9.79,4.66,3.25,6.17,2.71,3.06,-0.67,1.4,,,,,,,,,,5.51,6.64,23.06,10.17,2.91,1.85,3.57,1.87,1.68,-0.64
201010,5.04,5.8,11.75,8.49,3.79,2.58,5.29,1.8,2.22,-0.66,0.7,,,,,,,,,,5.45,6.61,23.91,10.2,2.74,1.72,3.32,1.79,1.55,-0.63
201009,4.33,4.9,10.35,7.05,3.21,2.46,4.72,1.8,2.1,-0.17,0.6,,,,,,,,,,5.5,6.7,25.26,10.39,2.62,1.62,3.1,1.79,1.47,-0.63
201008,4.32,4.99,14.8,7.8,2.45,2.17,4.0,1.72,2.2,-0.36,0.4,,,,,,,,,,5.64,6.92,27.11,10.81,2.55,1.51,2.89,1.79,1.39,-0.69
201007,4.84,5.69,15.2,8.67,3.1,2.09,3.57,1.97,2.19,-0.2,-0.4,,,,,,,,,,5.83,7.2,28.87,11.24,2.56,1.42,2.73,1.8,1.28,-0.73
201006,6.41,7.79,25.5,11.8,3.67,1.96,3.3,1.94,2.14,-0.3,-0.3,,,,,,,,,,6.0,7.45,31.15,11.67,2.47,1.31,2.6,1.77,1.13,-0.82
201005,7.13,8.79,31.1,13.8,3.61,1.8,3.22,1.94,1.66,-0.34,0.6,,,,,,,,,,5.9,7.4,32.3,11.6,2.2,1.2,2.5,1.7,0.9,-0.9
201004,6.81,8.5,30.9,13.56,3.29,1.4,2.56,1.64,1.42,-0.58,1.0,,,,,,,,,,5.61,7.03,32.55,11.11,1.89,1.02,2.26,1.68,0.74,-1.07
201003,5.91,7.38,30.3,12.15,2.26,1.17,2.3,1.47,0.92,-0.55,0.5,,,,,,,,,,5.21,6.54,33.1,10.29,1.42,0.9,2.16,1.69,0.51,-1.24
201002,5.39,6.76,37.6,10.12,1.26,0.97,1.96,2.61,0.62,-1.38,0.4,,,,,,,,,,4.86,6.13,34.53,9.36,1.01,0.76,2.1,1.81,0.31,-1.58
201001,4.32,5.49,31.4,8.59,0.75,0.55,2.23,1.0,0.0,-1.79,0.5,,,,,,,,,,4.32,5.49,31.43,8.59,0.75,0.55,2.23,1.0,0.0,-1.79
200912,1.7,1.98,17.6,3.58,-0.74,0.8,2.56,1.74,-0.45,-1.38,1.0,,,,,,,,,,-5.39,-6.71,-15.84,-8.15,-4.87,-1.2,-1.38,0.12,-0.81,-2.26
200911,-2.08,-2.67,-4.1,-1.72,-2.93,-0.22,0.63,1.11,-1.12,-1.6,0.6,,,,,,,,,,-6.04,-7.5,-18.88,-9.21,-5.24,-1.38,-1.74,-0.02,-0.84,-2.34
200910,-5.85,-7.23,-16.3,-8.26,-5.59,-1.44,-1.25,-0.82,-1.49,-2.14,0.1,,,,,,,,,,-6.43,-7.98,-20.36,-9.96,-5.47,-1.49,-1.98,-0.14,-0.81,-2.42
200909,-6.99,-8.62,-20.3,-10.15,-6.41,-1.8,-2.05,-0.34,-1.9,-2.36,0.6,,,,,,,,,,-6.5,-8.06,-20.8,-10.15,-5.46,-1.5,-2.06,-0.06,-0.74,-2.45
200908,-7.86,-9.75,-25.9,-11.47,-6.89,-1.86,-2.3,-0.38,-1.79,-2.32,0.8,,,,,,,,,,-6.44,-7.99,-20.86,-10.15,-5.34,-1.46,-2.06,-0.03,-0.59,-2.46
200907,-8.22,-10.07,-23.8,-12.12,-7.37,-2.33,-3.09,-0.6,-1.91,-2.83,,,,,,,,,,,-6.24,-7.74,-20.14,-9.96,-5.12,-1.4,-2.03,0.02,-0.42,-2.48
200906,-7.8,-9.6,-23.5,-11.0,-7.17,-2.15,-3.05,-0.24,-1.42,-2.89,,,,,,,,,,,-5.9,-7.35,-19.54,-9.6,-4.75,-1.25,-1.85,0.13,-0.17,-2.42
200905,-7.2,-8.84,-21.8,-10.87,-6.24,-1.93,-2.79,-0.22,-0.79,-3.02,,,,,,,,,,,-5.52,-6.91,-18.75,-9.32,-4.26,-1.07,-1.61,0.2,0.07,-2.33
200904,-6.6,-8.11,-21.5,-10.27,-5.4,-1.72,-2.69,-0.15,-0.41,-2.72,,,,,,,,,,,-5.1,-6.42,-17.98,-8.93,-3.77,-0.85,-1.32,0.31,0.29,-2.16
200903,-5.99,-7.43,-19.9,-10.22,-4.53,-1.37,-2.14,-0.1,-0.02,-2.52,,,,,,,,,,,-4.6,-5.86,-16.82,-8.49,-3.23,-0.57,-0.86,0.46,0.52,-1.97
200902,-4.47,-5.72,-17.4,-8.43,-2.97,-0.45,-0.69,0.55,0.64,-1.9,,,,,,,,,,,-3.9,-5.1,-15.3,-7.6,-2.6,-0.2,-0.2,0.7,0.8,-1.7
200901,-3.35,-4.43,-13.2,-6.82,-2.18,0.12,0.24,0.93,0.95,-1.49,,,,,,,,,,,-3.35,-4.43,-13.18,-6.82,-2.18,0.12,0.24,0.93,0.95,-1.49
200812,-1.14,-1.87,-7.0,-3.88,-0.27,1.19,1.65,1.91,2.13,-1.0,,,,,,,,,,,6.87,7.74,23.22,8.93,5.21,4.08,8.33,2.22,3.58,-0.49
200811,1.99,1.95,6.6,0.44,2.07,2.12,3.26,2.32,2.86,-0.52,,,,,,,,,,,7.6,8.62,25.97,10.1,5.71,4.34,8.93,2.24,3.72,-0.45
200810,6.59,7.67,22.7,8.98,5.14,3.13,5.43,2.56,3.55,-0.37,,,,,,,,,,,8.16,9.28,27.91,11.07,6.07,4.57,9.5,2.24,3.8,-0.44
200809,9.13,10.83,30.1,13.04,7.34,3.65,6.84,2.07,4.02,-0.43,,,,,,,,,,,8.34,9.46,28.49,11.3,6.17,4.73,9.95,2.2,3.83,-0.45
200808,10.06,11.95,35.1,14.41,7.85,3.97,7.38,2.39,4.31,-0.41,,,,,,,,,,,8.2,9.3,28.3,11.1,6.0,4.9,10.3,2.2,3.8,-0.4
200807,10.03,11.71,34.1,14.26,7.66,4.6,9.07,2.35,4.28,-0.22,,,,,,,,,,,8.0,8.9,27.3,10.6,5.8,5.0,10.8,2.2,3.7,-0.4
200806,8.84,10.1,29.26,11.17,7.16,4.78,9.65,2.41,4.11,-0.23,,,,,,,,,,,7.6,8.4,26.2,10.0,5.5,5.1,11.1,2.2,3.6,-0.5
200805,8.22,9.19,25.96,10.9,6.26,5.11,10.95,2.4,3.89,-0.5,,,,,,,,,,,7.4,8.1,25.6,9.8,5.1,5.1,11.3,2.1,3.6,-0.5
200804,8.12,8.96,27.2,10.37,5.98,5.41,11.91,2.32,3.74,-0.49,,,,,,,,,,,7.2,7.8,25.5,9.5,4.8,5.1,11.4,2.1,3.5,-0.6
200803,7.95,8.72,29.0,10.18,5.45,5.48,12.34,1.96,3.77,-0.6,,,,,,,,,,,6.9,7.5,24.9,9.2,4.4,5.0,11.3,2.0,3.4,-0.6
200802,6.62,7.16,25.3,8.81,4.06,4.9,11.03,1.76,3.4,-0.57,,,,,,,,,,,6.4,6.9,22.9,8.7,3.9,4.8,10.7,2.0,3.2,-0.6
200801,6.07,6.53,20.5,8.52,3.81,4.63,10.39,2.15,2.95,-0.57,,,,,,,,,,,6.07,6.53,20.46,8.52,3.81,4.63,10.39,2.15,2.95,-0.57
200712,5.43,6.01,22.1,7.69,2.89,3.71,8.76,1.33,2.36,-0.65,,,,,,,,,,,3.1,3.2,3.8,5.6,2.0,2.8,7.0,1.2,1.5,-1.0
200711,4.55,4.83,15.1,6.8,2.38,3.72,9.1,0.95,2.31,-0.79,,,,,,,,,,,2.9,3.0,2.2,5.4,1.9,2.7,6.9,1.1,1.5,-1.0
200710,3.21,3.11,5.37,4.78,1.93,3.5,8.55,1.29,1.91,-0.71,,,,,,,,,,,2.8,2.8,0.9,5.3,1.8,2.6,6.7,1.2,1.4,-1.1
200709,2.71,2.5,1.2,4.18,1.84,3.32,8.21,0.95,1.91,-0.74,,,,,,,,,,,2.7,2.8,0.4,5.3,1.8,2.5,6.5,1.1,1.3,-1.1
200708,2.56,2.23,1.4,3.92,1.49,3.53,8.57,1.2,1.83,-0.53,,,,,,,,,,,2.7,2.8,0.3,5.5,1.8,2.4,6.2,1.2,1.2,-1.2
200707,2.39,2.15,-0.1,4.26,1.41,3.07,7.75,0.99,1.82,-1.1,,,,,,,,,,,2.7,2.9,0.1,5.7,1.9,2.3,5.9,1.2,1.1,-1.2
200706,2.49,2.48,-1.0,5.17,1.61,2.54,6.68,0.87,1.42,-1.27,,,,,,,,,,,2.8,3.0,0.2,6.0,1.9,2.1,5.6,1.2,1.0,-1.3
200705,2.76,2.87,0.3,5.73,1.8,2.44,6.34,1.34,1.17,-1.28,,,,,,,,,,,2.8,3.1,0.4,6.1,2.0,2.0,5.4,1.3,1.0,-1.3
200704,2.87,3.13,0.5,6.14,1.98,2.13,5.49,1.22,1.05,-1.13,,,,,,,,,,,2.9,3.2,0.4,6.2,2.0,1.9,5.1,1.2,0.9,-1.3
200703,2.65,2.93,-2.2,6.12,2.03,1.85,5.21,1.04,0.76,-1.41,,,,,,,,,,,2.9,3.2,0.4,6.2,2.0,1.9,5.0,1.2,0.9,-1.3
200702,2.6,2.83,-1.2,5.84,1.88,1.91,4.99,1.3,0.98,-1.27,,,,,,,,,,,3.0,3.3,1.7,6.3,2.1,1.9,4.9,1.4,0.9,-1.3
200701,3.3,3.82,4.69,6.74,2.22,1.81,4.77,1.39,0.8,-1.27,,,,,,,,,,,3.3,3.8,4.7,6.7,2.2,1.8,4.8,1.4,0.8,-1.3
200612,3.05,3.6,2.66,6.35,2.33,1.46,3.93,1.16,1.01,-1.61,,,,,,,,,,,3.0,3.9,14.1,6.6,1.1,0.2,0.5,1.3,0.8,-2.0
200611,2.78,3.38,1.88,5.92,2.3,1.0,2.56,1.33,1.27,-1.97,,,,,,,,,,,3.0,4.0,15.2,6.7,1.0,0.0,0.2,1.4,0.8,-2.0
200610,2.9,3.8,7.46,6.25,2.08,0.57,1.52,1.37,0.78,-1.8,,,,,,,,,,,3.0,4.0,16.5,6.7,0.9,0.0,-0.1,1.4,0.7,-2.0
200609,3.45,4.41,13.6,7.21,1.73,0.62,1.13,1.59,1.22,-1.63,,,,,,,,,,,3.0,4.0,17.5,6.8,0.8,-0.1,-0.3,1.4,0.7,-2.1
200608,3.4,4.46,15.7,7.31,1.47,0.28,0.69,1.27,0.95,-1.93,,,,,,,,,,,2.9,4.0,18.0,6.7,0.7,-0.2,-0.4,1.3,0.7,-2.1
200607,3.58,4.8,16.0,8.13,1.58,0.0,0.13,1.22,0.63,-1.91,,,,,,,,,,,2.9,3.9,18.3,6.6,0.5,-0.3,-0.6,1.3,0.6,-2.1
200606,3.52,4.8,16.7,8.47,1.3,-0.24,-0.37,1.24,0.56,-2.13,,,,,,,,,,,2.7,3.8,18.7,6.4,0.4,-0.3,-0.7,1.4,0.6,-2.2
200605,2.43,3.39,12.9,6.03,0.75,-0.39,-0.79,1.22,0.49,-2.09,,,,,,,,,,,2.57,3.56,19.11,5.97,0.18,-0.35,-0.79,1.37,0.62,-2.19
200604,1.87,2.64,12.1,5.4,-0.07,-0.39,-0.86,1.2,0.51,-1.96,,,,,,,,,,,2.6,3.6,20.7,6.0,0.0,-0.3,-0.8,1.4,0.7,-2.2
200603,2.49,3.45,20.2,5.63,0.01,-0.33,-0.82,1.31,0.68,-2.03,,,,,,,,,,,2.9,3.9,23.5,6.1,0.1,-0.3,-0.8,1.5,0.7,-2.3
200602,3.01,4.16,25.2,6.4,0.09,-0.39,-0.98,1.73,0.69,-2.41,,,,,,,,,,,3.0,4.2,25.2,6.4,0.1,-0.3,-0.7,1.6,0.7,-2.4
200601,3.05,4.17,25.2,6.4,0.11,-0.26,-0.48,1.42,0.75,-2.45,,,,,,,,,,,3.1,4.2,25.2,6.4,0.1,-0.3,-0.5,1.4,0.8,-2.4
200512,3.22,4.55,22.35,6.95,0.5,-0.48,0.82,0.7,0.96,-3.44,,,,,,,,,,,4.9,6.8,25.8,9.8,2.2,-0.2,1.0,0.8,1.9,-3.2
200511,3.21,4.53,20.14,6.94,0.78,-0.47,0.51,0.64,1.1,-3.05,,,,,,,,,,,5.1,7.0,26.2,10.0,2.3,-0.2,1.0,0.8,2.0,-3.1
200510,4.01,5.62,25.95,8.31,1.02,-0.46,0.29,1.16,1.52,-3.24,,,,,,,,,,,5.3,7.2,26.8,10.3,2.5,-0.1,1.0,0.8,2.1,-3.1
200509,4.5,6.2,26.5,9.1,1.5,-0.4,0.2,1.0,1.7,-2.8,,,,,,,,,,,5.4,7.4,26.9,10.5,2.6,-0.1,1.1,0.8,2.1,-3.1
200508,5.26,7.26,28.98,10.56,2.08,-0.32,0.48,0.68,1.86,-2.9,,,,,,,,,,,5.5,7.5,26.9,10.7,2.8,-0.1,1.2,0.7,2.2,-3.2
200507,5.19,7.13,26.61,10.01,2.54,-0.24,0.56,0.64,2.29,-2.93,,,,,,,,,,,5.6,7.6,26.6,10.7,2.9,0.0,1.3,0.7,2.2,-3.2
200506,5.24,7.22,28.09,9.72,2.67,-0.28,0.59,0.66,2.16,-3.05,,,,,,,,,,,5.6,7.7,26.7,10.9,2.9,0.0,1.5,0.7,2.2,-3.3
200505,5.9,8.24,34.1,11.13,2.72,-0.35,0.72,0.94,1.91,-3.48,,,,,,,,,,,5.7,7.7,26.4,11.1,3.0,0.1,1.6,0.7,2.2,-3.3
200504,5.78,7.9,29.87,11.37,2.58,-0.16,0.95,0.68,2.6,-3.33,,,,,,,,,,,5.7,7.6,24.5,11.1,3.0,0.2,1.9,0.7,2.3,-3.3
200503,5.64,7.61,26.89,11.08,2.68,0.15,1.72,0.64,2.48,-3.17,,,,,,,,,,,5.6,7.5,22.7,11.0,3.2,0.3,2.2,0.7,2.2,-3.2
200502,5.38,7.14,21.65,10.41,3.01,0.41,2.45,0.85,2.08,-3.14,,,,,,,,,,,5.6,7.5,20.6,11.0,3.4,0.3,2.4,0.8,2.1,-3.3
200501,5.81,7.8,19.58,11.49,3.79,0.25,2.33,0.65,2.06,-3.4,,,,,,,,,,,5.8,7.8,19.6,11.5,3.8,0.3,2.3,0.7,2.1,-3.4
200412,7.07,9.44,29.2,13.2,4.25,0.48,2.8,0.6,2.09,-3.22,,,,,,,,,,,6.1,7.8,18.8,10.2,4.8,1.2,5.2,1.0,1.9,-3.8
200411,8.1,10.7,35.1,15.0,4.6,0.9,3.9,0.8,2.4,-3.5,,,,,,,,,,,6.0,7.7,17.9,9.9,4.8,1.3,5.4,1.0,1.9,-3.8
200410,8.43,10.85,32.5,14.63,5.38,1.67,5.56,1.18,3.02,-3.48,,,,,,,,,,,5.8,7.4,16.2,9.4,4.8,1.3,5.5,1.0,1.8,-3.9
200409,7.9,10.19,26.79,13.95,5.47,1.69,6.28,1.13,2.46,-4.01,,,,,,,,,,,5.5,7.0,14.3,8.8,4.8,1.3,5.5,1.0,1.7,-3.9
200408,6.81,8.67,23.19,11.4,4.9,1.61,6.02,1.15,1.72,-3.6,,,,,,,,,,,5.2,6.6,12.8,8.2,4.7,1.3,5.4,1.0,1.6,-3.9
200407,6.38,8.15,22.13,10.43,4.73,1.43,6.02,1.16,1.48,-4.1,,,,,,,,,,,4.9,6.3,11.3,7.7,4.6,1.2,5.3,1.0,1.5,-3.9
200406,6.4,8.06,19.21,10.28,5.07,1.75,6.0,1.32,1.88,-3.33,,,,,,,,,,,4.7,5.9,9.5,7.3,4.6,1.2,5.2,0.9,1.6,-3.9
200405,5.7,7.12,12.6,8.93,5.19,1.74,6.17,1.01,2.26,-3.61,,,,,,,,,,,4.3,5.5,7.6,6.7,4.5,1.1,5.1,0.9,1.5,-4.0
200404,5.01,6.16,9.26,7.13,5.09,1.81,6.09,1.05,1.84,-3.09,,,,,,,,,,,4.0,5.1,6.3,6.1,4.4,0.9,4.8,0.8,1.3,-4.1
200403,3.99,5.07,4.2,5.48,4.95,0.96,5.26,0.92,1.37,-4.53,,,,,,,,,,,3.7,4.8,5.3,5.7,4.1,0.6,4.4,0.7,1.1,-4.5
200402,3.54,4.6,4.1,5.4,4.2,0.5,4.0,0.9,1.0,-4.3,,,,,,,,,,,3.5,4.6,5.9,5.9,3.7,0.4,3.9,0.6,1.0,-4.4
200401,3.47,4.62,7.57,6.31,3.14,0.26,3.84,0.38,0.95,-4.56,,,,,,,,,,,3.5,4.6,7.5,6.3,3.1,0.3,3.8,0.4,1.0,-4.6
200312,2.99,4.08,7.94,5.94,2.37,-0.07,3.58,0.24,0.13,-4.84,,,,,,,,,,,2.3,3.6,13.3,6.7,0.2,-1.1,0.9,-0.2,-0.5,-4.4
200311,1.92,2.7,4.4,4.2,1.6,-0.3,2.9,0.1,-0.3,-4.5,,,,,,,,,,,2.3,3.6,13.7,6.8,0.0,-1.2,0.7,-0.3,-0.6,-4.3
200310,1.2,2.1,4.3,3.4,0.9,-1.1,1.0,-0.1,-0.5,-4.5,,,,,,,,,,,2.3,3.6,14.7,7.1,-0.1,-1.3,0.4,-0.3,-0.6,-4.3
200309,1.37,2.35,6.28,4.78,0.27,-1.35,0.2,-0.27,-0.3,-4.37,,,,,,,,,,,2.4,3.8,15.8,7.5,-0.2,-1.3,0.4,-0.3,-0.6,-4.3
200308,1.38,2.37,6.58,5.1,0.07,-1.36,0.3,-0.1,-0.47,-4.53,,,,,,,,,,,2.6,4.0,17.0,7.8,-0.3,-1.3,0.4,-0.3,-0.7,-4.3
200307,1.39,2.37,7.08,5.06,0.02,-1.35,0.45,-0.25,-0.72,-4.45,,,,,,,,,,,2.8,4.2,18.5,8.2,-0.3,-1.3,0.4,-0.3,-0.7,-4.3
200306,1.34,2.26,7.54,4.87,-0.14,-1.23,0.43,-0.1,-0.49,-4.25,,,,,,,,,,,3.0,4.5,20.5,8.7,-0.4,-1.3,0.4,-0.4,-0.7,-4.2
200305,1.96,3.15,13.8,5.71,0.02,-1.34,0.58,-0.46,-0.44,-4.6,,,,,,,,,,,3.3,5.0,23.1,9.5,-0.5,-1.3,0.4,-0.4,-0.7,-4.2
200304,3.62,5.34,22.7,9.58,0.16,-1.18,0.58,-0.41,-0.68,-4.04,,,,,,,,,,,3.6,5.4,25.4,10.4,-0.6,-1.3,0.3,-0.4,-0.8,-4.1
200303,4.6,6.7,31.1,11.8,-0.1,-1.2,0.3,-0.4,-0.7,-3.8,,,,,,,,,,,3.6,5.5,26.3,10.7,-0.8,-1.4,0.3,-0.4,-0.8,-4.2
200302,3.97,5.86,27.5,11.78,-0.97,-1.27,0.32,-0.58,-0.79,-3.81,,,,,,,,,,,3.2,4.9,23.8,10.2,-1.2,-1.4,0.2,-0.3,-0.9,-4.3
200301,2.38,3.83,20.2,8.5,-1.44,-1.65,0.12,-0.26,-1.02,-4.86,,,,,,,,,,,2.4,3.8,20.2,8.5,-1.4,-1.6,0.1,-0.3,-1.0,-4.9
200212,0.41,1.31,13.64,3.73,-2.4,-1.71,0.13,-0.72,-2.09,-4.66,,,,,,,,,,,-2.2,,,,,,,,,
200211,-0.41,0.24,10.8,1.9,-2.63,-1.96,-0.44,-1.16,-2.11,-4.51,,,,,,,,,,,-2.47,,,,,,,,,
200210,-1.03,-0.65,6.03,1.01,-2.91,-1.94,-0.34,-1.0,-2.28,-4.55,,,,,,,,,,,-2.68,,,,,,,,,
200209,-1.38,-1.22,3.41,0.11,-2.92,-1.76,0.04,-1.05,-2.32,-4.3,,,,,,,,,,,-2.86,,,,,,,,,
200208,-1.73,-1.7,2.78,-0.79,-3.09,-1.81,-0.43,-0.97,-2.13,-4.07,,,,,,,,,,,-3.04,,,,,,,,,
200207,-2.34,-2.56,0.44,-2.12,-3.38,-1.82,-0.46,-1.03,-2.27,-3.89,,,,,,,,,,,-3.23,,,,,,,,,
200206,-2.48,-2.59,1.46,-2.67,-3.2,-2.23,-0.5,-1.14,-2.26,-5.4,,,,,,,,,,,-3.38,,,,,,,,,
200205,-2.63,-2.74,1.07,-2.83,-3.31,-2.35,-0.6,-1.17,-2.08,-5.86,,,,,,,,,,,-3.56,,,,,,,,,
200204,-3.06,-3.38,-1.2,-4.08,-3.22,-2.29,-0.71,-1.48,-1.77,-5.5,,,,,,,,,,,-3.79,,,,,,,,,
200203,-3.98,-4.5,-3.9,-5.68,-3.74,-2.74,-0.14,-2.9,-1.74,-6.96,,,,,,,,,,,-4.01,,,,,,,,,
200202,-4.1,-4.74,-5.29,-6.17,-3.3,-2.89,-0.2,-1.7,-2.58,-7.31,,,,,,,,,,,-4.04,,,,,,,,,
200201,-4.0,-4.8,-7.1,-6.13,-3.4,-2.3,-0.2,-0.7,-2.22,-5.97,,,,,,,,,,,-4.04,,,,,,,,,
200112,-3.97,-4.78,-8.1,-6.14,-3.27,-2.05,0.37,-2.09,-1.91,-5.6,,,,,,,,,,,-1.3,,,,,,,,,
200111,-3.72,-4.51,-9.3,-5.22,-3.23,-1.83,1.16,-2.48,-2.16,-5.36,,,,,,,,,,,-1.04,,,,,,,,,
200110,-3.1,-3.72,-6.4,-4.33,-2.84,-1.39,1.1,-0.89,-2.54,-4.34,,,,,,,,,,,-0.77,,,,,,,,,
200109,-2.9,-3.49,-3.1,-4.45,-2.84,-1.47,0.83,-0.95,-1.91,-4.85,,,,,,,,,,,-0.51,,,,,,,,,
200108,-1.99,-2.17,-3.54,-1.82,-2.22,-1.57,0.64,-1.36,-2.26,-4.38,,,,,,,,,,,-0.21,,,,,,,,,
200107,-1.27,-1.3,0.47,-0.85,-1.92,-1.17,0.48,-0.4,-1.07,-4.25,,,,,,,,,,,0.04,,,,,,,,,
200106,-0.56,-0.24,4.25,0.75,-1.69,-1.32,0.55,-0.72,-1.25,-4.57,,,,,,,,,,,0.27,,,,,,,,,
200105,-0.2,0.1,3.9,1.6,-1.6,-1.1,1.0,-0.8,-1.3,-4.1,,,,,,,,,,,0.44,,,,,,,,,
200104,-0.12,0.35,0.42,2.44,-1.2,-1.24,0.7,-0.51,-1.46,-4.44,,,,,,,,,,,0.6,,,,,,,,,
200103,0.22,1.04,2.95,3.42,-1.02,-1.74,-0.06,-1.74,-1.52,-4.3,,,,,,,,,,,0.83,,,,,,,,,
200102,0.9,1.8,7.9,4.5,-1.1,-1.4,-0.3,-0.1,-1.5,-3.9,,,,,,,,,,,1.15,,,,,,,,,
200101,1.43,2.71,11.2,5.99,-1.08,-1.64,-0.27,0.27,-1.59,-5.13,,,,,,,,,,,1.4,,,,,,,,,
200012,2.8,4.6,21.6,8.0,-0.7,-1.6,-1.1,0.5,-1.9,-3.8,,,,,,,,,,,2.8,,,,,,,,,
200011,3.5,5.8,26.6,9.6,-0.3,-2.1,-2.0,0.3,-2.1,-4.0,,,,,,,,,,,2.74,,,,,,,,,
200010,3.6,6.12,26.8,10.15,-0.2,-2.46,-2.71,-0.1,-1.84,-4.36,,,,,,,,,,,2.66,,,,,,,,,
200009,3.7,6.36,25.4,11.08,-0.16,-2.75,-2.32,-1.19,-2.63,-4.65,,,,,,,,,,,2.56,,,,,,,,,
200008,3.92,6.4,27.8,10.6,-0.25,-2.05,-2.65,-0.02,-1.42,-3.22,,,,,,,,,,,2.41,,,,,,,,,
200007,4.5,7.15,26.33,11.54,-1.5,-0.27,-4.63,4.62,-0.59,-2.24,,,,,,,,,,,2.2,,,,,,,,,
200006,2.95,5.47,19.06,10.1,-1.95,-1.59,-5.04,1.91,-2.07,-1.6,,,,,,,,,,,1.82,,,,,,,,,
200005,2.5,4.9,19.4,8.5,-1.8,-1.8,-4.7,0.9,-2.2,-3.4,,,,,,,,,,,1.6,,,,,,,,,
200004,2.59,5.32,33.87,7.2,-2.53,-2.38,-5.03,0.36,-2.15,-3.8,,,,,,,,,,,1.38,,,,,,,,,
200003,1.87,4.42,28.45,6.15,-2.36,-2.76,-5.4,0.04,-2.31,-4.83,,,,,,,,,,,0.97,,,,,,,,,
200002,1.0,3.06,24.58,4.57,-2.94,-2.65,-6.39,0.98,-2.83,-2.96,,,,,,,,,,,0.5,,,,,,,,,
200001,0.03,1.96,18.74,3.06,-2.65,-3.46,-5.54,-1.56,-2.76,-4.97,,,,,,,,,,,0.0,,,,,,,,,
199912,-0.83,0.98,16.72,1.31,-2.62,-4.12,-7.01,-1.81,-3.13,-5.16,,,,,,,,,,,-2.4,,,,,,,,,
199911,-1.04,0.66,12.42,1.59,-2.77,-4.1,-5.4,-2.72,-3.54,-5.81,,,,,,,,,,,-3.09,,,,,,,,,
199910,-0.74,0.54,12.55,1.53,-2.97,-3.07,-2.81,-2.74,-3.61,-3.47,,,,,,,,,,,-3.29,,,,,,,,,
199909,-2.1,-0.99,7.06,-0.96,-2.73,-4.11,-4.2,-3.68,-3.95,-5.38,,,,,,,,,,,-3.58,,,,,,,,,
199908,-2.3,-1.42,6.11,-2.14,-2.32,-3.91,-3.52,-3.28,-3.94,-6.64,,,,,,,,,,,-3.76,,,,,,,,,
199907,-2.51,-1.98,2.05,-2.2,-2.65,-3.45,-3.46,-3.01,-3.83,-3.83,,,,,,,,,,,-3.97,,,,,,,,,
199906,-3.6,-3.01,-0.03,-3.43,-3.23,-4.67,-2.66,-6.56,-4.25,-5.58,,,,,,,,,,,-4.22,,,,,,,,,
199905,-3.42,-3.27,-0.14,-4.21,-2.98,-3.7,-1.19,-6.06,-3.02,-5.04,,,,,,,,,,,-4.34,,,,,,,,,
199904,-3.86,-3.73,-4.31,-4.54,-2.74,-4.09,-1.1,-6.81,-3.84,-4.8,,,,,,,,,,,-4.58,,,,,,,,,
199903,-4.62,-4.68,-5.29,-5.56,-3.61,-4.5,-0.04,-7.57,-5.03,-6.54,,,,,,,,,,,-4.8,,,,,,,,,
199902,-4.89,-5.31,-5.26,-6.47,-4.06,-4.15,-0.2,-7.04,-4.25,-6.17,,,,,,,,,,,-4.9,,,,,,,,,
199901,-4.92,-5.23,-3.61,-7.17,-3.54,-4.36,-1.32,-7.2,-4.04,-5.31,,,,,,,,,,,-4.9,,,,,,,,,
199812,-3.8,-6.16,-4.6,-8.0,-4.5,-3.98,-1.02,-6.12,-3.5,-6.69,,,,,,,,,,,-4.1,,,,,,,,,
199811,-5.4,-6.17,-3.74,-8.39,-4.36,-4.79,-1.56,-6.67,-4.76,-8.02,,,,,,,,,,,-4.18,,,,,,,,,
199810,-5.7,-6.22,-6.15,-4.5,-4.0,-1.8,-1.78,-5.29,-4.1,-5.82,,,,,,,,,,,-4.06,,,,,,,,,
199809,-4.19,-6.06,-1.74,-8.65,-4.21,-0.88,5.24,-4.1,-3.92,-2.0,,,,,,,,,,,-3.88,,,,,,,,,
199808,-5.54,-6.0,-3.91,-8.37,-3.87,-4.73,-2.08,-6.51,-4.32,-7.65,,,,,,,,,,,-3.84,,,,,,,,,
199807,-4.96,-5.51,-3.46,-8.2,-3.02,-3.98,-2.17,-5.49,-3.91,-4.74,,,,,,,,,,,-3.6,,,,,,,,,
199806,-4.88,-5.36,-2.31,-7.57,-3.65,-4.03,-2.71,-4.97,-3.27,-6.46,,,,,,,,,,,-3.37,,,,,,,,,
199805,-4.47,-5.42,-2.78,-7.3,-3.99,-2.82,-3.28,-0.97,-3.57,-5.22,,,,,,,,,,,-3.06,,,,,,,,,
199804,-3.69,-3.81,2.43,-6.0,-2.82,-3.46,-2.94,-2.26,-4.04,-6.97,,,,,,,,,,,-2.7,,,,,,,,,
199803,-3.2,-3.55,0.76,-4.6,-3.28,-2.57,-3.15,1.48,-3.92,-9.19,,,,,,,,,,,-2.37,,,,,,,,,
199802,-2.65,-2.71,0.8,-3.6,-2.51,-2.54,-2.44,0.22,-3.48,-8.32,,,,,,,,,,,-1.95,,,,,,,,,
199801,-1.32,-1.57,2.67,-1.5,-2.53,-0.89,-2.1,2.95,-2.33,-5.03,,,,,,,,,,,-1.3,,,,,,,,,
199712,-0.92,-0.58,3.2,-0.7,-1.3,-1.54,-2.29,-1.4,0.58,-4.23,,,,,,,,,,,-0.33,,,,,,,,,
199711,-0.61,-0.35,3.43,-0.1,-1.58,-1.09,-2.56,2.64,-1.63,-6.22,,,,,,,,,,,-0.28,,,,,,,,,
199710,-0.92,-0.75,3.76,0.11,-2.74,-1.23,-2.32,1.79,-1.43,-6.11,,,,,,,,,,,-0.25,,,,,,,,,
199709,-0.95,-0.73,3.99,0.2,-2.79,-1.34,-2.0,1.25,-2.29,-4.69,,,,,,,,,,,-0.18,,,,,,,,,
199708,-0.89,-0.77,4.15,0.21,-2.98,-1.11,-1.33,1.54,-2.43,-4.86,,,,,,,,,,,-0.18,,,,,,,,,
199707,-0.65,-0.16,5.27,1.2,-2.89,-1.51,-1.17,0.6,-2.23,-6.25,,,,,,,,,,,0.03,,,,,,,,,
199706,-0.37,-0.37,4.66,0.35,-2.38,-0.39,1.47,1.34,-2.48,-6.0,,,,,,,,,,,0.13,,,,,,,,,
199705,0.07,0.2,5.66,0.7,-1.81,-0.15,2.06,-0.3,-0.26,-5.18,,,,,,,,,,,0.24,,,,,,,,,
199704,0.06,0.32,4.94,0.61,-1.28,-0.38,1.08,0.71,-0.83,-5.88,,,,,,,,,,,0.28,,,,,,,,,
199703,0.47,0.74,7.69,0.1,-0.39,0.07,2.71,-1.39,0.3,-4.0,,,,,,,,,,,0.33,,,,,,,,,
199702,0.44,0.94,9.4,0.6,-0.97,-0.3,3.52,-3.09,-0.6,-2.65,,,,,,,,,,,0.25,,,,,,,,,
199701,0.12,0.61,8.05,0.5,-1.27,-0.59,2.66,-2.74,-0.01,-5.09,,,,,,,,,,,0.1,,,,,,,,,
199612,0.43,1.05,10.1,0.4,-0.7,-0.47,2.83,-1.53,-1.34,-5.53,,,,,,,,,,,2.71,,,,,,,,,
199611,0.04,0.67,9.7,-0.9,0.1,-0.88,3.79,-4.31,0.03,-6.2,,,,,,,,,,,2.92,,,,,,,,,
199610,0.34,0.82,8.7,-0.9,0.7,-0.37,4.57,-4.61,0.8,-4.23,,,,,,,,,,,3.21,,,,,,,,,
199609,,,,,,,,,,,,,,,,,,,,,3.53,,,,,,,,,
199608,,,,,,,,,,,,,,,,,,,,,3.88,,,,,,,,,
199607,,,,,,,,,,,,,,,,,,,,,4.21,,,,,,,,,
199606,,,,,,,,,,,,,,,,,,,,,4.63,,,,,,,,,
199605,,,,,,,,,,,,,,,,,,,,,5.1,,,,,,,,,
199604,,,,,,,,,,,,,,,,,,,,,5.7,,,,,,,,,
199603,,,,,,,,,,,,,,,,,,,,,6.6,,,,,,,,,
199602,,,,,,,,,,,,,,,,,,,,,7.75,,,,,,,,,
199601,,,,,,,,,,,,,,,,,,,,,8.4,,,,,,,,,
199512,14.9,,,,,,,,,,,,,,,,,,,,14.74,,,,,,,,,
199511,,,,,,,,,,,,,,,,,,,,,15.28,,,,,,,,,
199510,,,,,,,,,,,,,,,,,,,,,15.7,,,,,,,,,
199509,,,,,,,,,,,,,,,,,,,,,16.06,,,,,,,,,
199508,,,,,,,,,,,,,,,,,,,,,16.45,,,,,,,,,
199507,,,,,,,,,,,,,,,,,,,,,16.96,,,,,,,,,
199506,,,,,,,,,,,,,,,,,,,,,17.53,,,,,,,,,
199505,,,,,,,,,,,,,,,,,,,,,18.28,,,,,,,,,
199504,,,,,,,,,,,,,,,,,,,,,19.38,,,,,,,,,
199503,,,,,,,,,,,,,,,,,,,,,20.13,,,,,,,,,
199502,,,,,,,,,,,,,,,,,,,,,20.45,,,,,,,,,
199501,,,,,,,,,,,,,,,,,,,,,20.7,,,,,,,,,
199412,19.5,,,,,,,,,,,,,,,,,,,,18.88,,,,,,,,,
199411,,,,,,,,,,,,,,,,,,,,,18.79,,,,,,,,,
199410,,,,,,,,,,,,,,,,,,,,,18.68,,,,,,,,,
199409,,,,,,,,,,,,,,,,,,,,,18.73,,,,,,,,,
199408,,,,,,,,,,,,,,,,,,,,,18.76,,,,,,,,,
199407,,,,,,,,,,,,,,,,,,,,,18.86,,,,,,,,,
199406,,,,,,,,,,,,,,,,,,,,,18.65,,,,,,,,,
199405,,,,,,,,,,,,,,,,,,,,,18.56,,,,,,,,,
199404,,,,,,,,,,,,,,,,,,,,,18.15,,,,,,,,,
199403,,,,,,,,,,,,,,,,,,,,,17.67,,,,,,,,,
199402,,,,,,,,,,,,,,,,,,,,,17.55,,,,,,,,,
199401,,,,,,,,,,,,,,,,,,,,,18.6,,,,,,,,,
199312,24.0,,,,,,,,,,,,,,,,,,,,22.98,,,,,,,,,
199311,,,,,,,,,,,,,,,,,,,,,23.07,,,,,,,,,
199310,,,,,,,,,,,,,,,,,,,,,23.13,,,,,,,,,
199309,,,,,,,,,,,,,,,,,,,,,23.02,,,,,,,,,
199308,,,,,,,,,,,,,,,,,,,,,22.83,,,,,,,,,
199307,,,,,,,,,,,,,,,,,,,,,22.39,,,,,,,,,
199306,,,,,,,,,,,,,,,,,,,,,21.83,,,,,,,,,
199305,,,,,,,,,,,,,,,,,,,,,21.14,,,,,,,,,
199304,,,,,,,,,,,,,,,,,,,,,19.93,,,,,,,,,
199303,,,,,,,,,,,,,,,,,,,,,19.13,,,,,,,,,
199302,,,,,,,,,,,,,,,,,,,,,18.05,,,,,,,,,
199301,,,,,,,,,,,,,,,,,,,,,17.9,,,,,,,,,
199212,6.8,,,,,,,,,,,,,,,,,,,,,,,,,,,,,
199112,6.2,,,,,,,,,,,,,,,,,,,,,,,,,,,,,
199012,4.1,,,,,,,,,,,,,,,,,,,,,,,,,,,,,
198912,18.6,,,,,,,,,,,,,,,,,,,,,,,,,,,,,
198812,-3.5,,,,,,,,,,,,,,,,,,,,,,,,,,,,,
198712,7.9,,,,,,,,,,,,,,,,,,,,,,,,,,,,,
198612,3.8,,,,,,,,,,,,,,,,,,,,,,,,,,,,,
198512,8.7,,,,,,,,,,,,,,,,,,,,,,,,,,,,,
198412,1.4,,,,,,,,,,,,,,,,,,,,,,,,,,,,,
198312,-0.1,,,,,,,,,,,,,,,,,,,,,,,,,,,,,
198212,-0.2,,,,,,,,,,,,,,,,,,,,,,,,,,,,,
198112,0.2,,,,,,,,,,,,,,,,,,,,,,,,,,,,,
198012,0.5,,,,,,,,,,,,,,,,,,,,,,,,,,,,,
197912,1.5,,,,,,,,,,,,,,,,,,,,,,,,,,,,,
197812,0.1,,,,,,,,,,,,,,,,,,,,,,,,,,,,,
