date,相聚芒格一期复权净值,远望角投资1期复权净值,同犇智慧1号复权净值,东方点赞12号复权净值,石锋资产厚积一号复权净值,明汯稳健增长1期A复权净值,明汯稳健增长2期1号复权净值,景林丰收2号复权净值,明河优质企业复权净值,泓澄优选10号复权净值,泰旸创新成长2号复权净值,中欧瑞博7期成长价值基金复权净值,聚鸣多策略7号复权净值,无量9期私募证券投资基金复权净值,睿泉成长5号复权净值,循远成长一号复权净值,泾溪中国优质成长5号复权净值,鸣石春天十三号复权净值,因诺天丰1号私募基金复权净值,仁桥泽源2期复权净值,弘酬安盈2号复权净值,弘酬安盈3号复权净值,弘酬安兴复权净值,弘酬安盈东北证券融耀8号复权净值,朋锦永宁复权净值,沣杨锦绣3号复权净值,思勰投资金兴混合一号复权净值,河床创新成长基金复权净值,宏量鼎诚私募证券投资基金复权净值,华赢7号牧鑫1期复权净值,弘源星原1号复权净值,上海泓倍三号投资基金复权净值,展弘稳进1号9期复权净值,福瑞福元壹号复权净值,福瑞福元贰号复权净值,平石U3期权对冲私募证券投资基金复权净值,大岩定晖复权净值,衍盛量化精选一期复权净值,金锝16号复权净值,明汯中性融汇1号复权净值,因诺天机48号私募证券投资基金复权净值,启林市场中性20号私募证券投资基金复权净值,启林量化对冲多策略1号复权净值,因诺天机46号私募证券投资基金复权净值,稳博创新一号私募证券投资基金复权净值,明汯多策略对冲1号基金5期复权净值,幻方量化专享2号2期复权净值,九章量化对冲7号复权净值,中量投CTA一号私募基金复权净值,黑翼CTA三号A复权净值,蓝色天际-宽宏1号证券投资基金复权净值,思齐三十四号复权净值,黑翼CTA-T2私募证券投资基金复权净值,元盛中国多元化金选五号复权净值,黑翼策略精选2号复权净值,均成宏观对冲一号复权净值,盛冠达CTA基本面量化1号复权净值,明汯CTA白羊二号复权净值,明世伙伴胜杯28号复权净值
2018-11-02,1.4210,1.4540,1.6608,0.9697,1.5190,2.8700,1.1512,2.5289,2.5860,0.8889,1.3803,1.3786,1.0090,0.8050,,1.2849,,0.8560,0.8160,,0.9590,,,1.2046,,,,1.2494,,,,1.1893,1.0672,1.0625,,,,1.0000,1.0142,0.9701,,,,,,,,,1.0191,1.1860,1.7120,,,,,,,2.6409,
2018-11-09,1.4130,1.4520,1.6677,0.9636,1.5010,2.7660,1.1094,2.4299,2.5040,0.8663,1.3539,1.3502,1.0050,0.8060,,1.2882,,0.8490,0.8110,,0.9573,,,1.1896,,,,1.2371,,,,1.1859,1.0704,1.0618,,,,1.0000,1.0113,0.9742,,,,,,,,,1.0162,1.1752,1.7090,,,,,,,2.7192,
2018-11-16,1.4150,1.5030,1.6585,0.9794,1.5120,2.8200,1.1310,2.4770,2.5740,0.9001,1.3538,1.4278,1.0410,0.8230,,1.3072,,0.8670,0.8190,,0.9580,,,1.2256,,,,1.2697,,,,1.1860,1.0746,1.0681,,,,1.0000,1.0131,0.9674,,,,,,,,,1.0140,1.1805,1.7290,,,,,,,2.6520,
2018-11-23,1.4020,1.4900,1.6507,0.9692,1.5050,2.7140,1.0882,2.3762,2.4720,0.8653,1.3444,1.3306,1.0220,0.7710,,1.2989,,0.8460,0.8060,,0.9570,,,1.1969,,,,1.2225,,,,1.1806,1.0736,1.0694,,,,1.0000,1.0218,0.9699,,,,,,,,,1.0125,1.1887,1.7850,,,,,,,2.8772,
2018-11-30,1.4060,1.4930,1.6556,0.9749,1.5050,2.7390,1.0990,2.3987,2.5040,0.8784,1.3547,1.3559,1.0190,0.7980,,1.3042,,0.8570,0.8060,,0.9710,1.0000,,1.2108,,,,1.2270,,,,1.1729,1.0778,1.0722,,,,0.9950,1.0305,0.9752,,,,,,,,,1.0013,1.1996,1.8140,,,,,,,3.0257,
2018-12-07,1.4000,1.4850,1.6469,0.9864,1.5220,2.7420,1.0955,2.3872,2.5120,0.8682,1.3380,1.3884,1.0250,0.8090,,1.2909,,0.8666,0.8100,,0.9628,1.0000,,1.2154,,,,1.2135,,,,1.1820,1.0799,1.0750,,,,1.0290,1.0299,0.9747,,,,,,,,,1.0180,1.1728,1.8030,,,,,,,3.0583,
2018-12-14,1.3880,1.4660,1.6394,0.9836,1.5310,2.7340,1.0932,2.3903,2.5000,0.8604,1.3422,1.3941,1.0140,0.7940,,1.2879,,0.8560,0.8060,,0.9514,1.0000,,1.1963,,,,1.2146,,,,1.1837,1.0746,1.0772,,,,1.0140,1.0299,0.9698,,,,,,,,,1.0228,1.1670,1.8020,,,,,,,3.3307,
2018-12-21,1.3670,1.4460,1.6214,0.9665,1.4660,2.6270,1.0497,2.2690,2.4010,0.8200,1.2916,1.3231,0.9920,0.7720,,1.2852,,0.8450,0.8030,,0.9254,1.0000,,1.1751,,,,1.1853,,,,1.1823,1.0842,1.0798,,,,0.9930,1.0288,0.9682,,,,,,,,,1.0222,1.1809,1.8220,,,,,,,3.4205,
2018-12-28,1.3760,1.4370,1.6239,0.9630,1.5020,2.6270,1.0503,2.2852,2.4330,0.8231,1.3069,1.2951,0.9910,0.7630,,1.2856,,0.8542,0.7990,1.0001,0.9199,1.0000,,1.1724,,,,1.1865,,,,1.1797,1.0895,1.0846,,,,0.9770,1.0345,0.9773,,,,,,,,,1.0241,1.1777,1.8150,,,,,,,3.4300,
2019-01-04,1.3680,1.4310,1.6209,0.9594,1.5020,2.6450,1.0591,2.2591,2.4360,0.8134,1.3009,1.2868,0.9910,0.7700,,1.2866,,0.8461,0.8050,0.9998,0.9233,1.0000,,1.1700,,,,1.1831,,,,1.1778,1.0884,1.0857,,,,0.9880,1.0287,0.9739,,,,,,,,,1.0234,1.2135,1.7990,,,,,,,3.6209,
2019-01-11,1.3770,1.4510,1.6310,0.9600,1.5120,2.6940,1.0799,2.3551,2.4480,0.8360,1.3260,1.3228,0.9970,0.8110,,1.2933,,0.8524,0.8180,1.0000,0.9432,0.9990,,1.1766,,,,1.1865,,,,1.1813,1.0927,1.0873,,,,1.0200,1.0305,0.9784,,,,,,,,,1.0364,1.1905,1.8090,,,,,,,3.6300,
2019-01-18,1.3840,1.4590,1.6525,0.9715,1.5300,2.7630,1.1088,2.4593,2.4990,0.8568,1.3433,1.3508,1.0020,0.8320,,1.3016,,0.8658,0.8240,1.0027,0.9536,0.9990,1.0000,1.1969,,,,1.1910,,,,1.1871,1.0993,1.0890,,,,1.0140,1.0288,0.9772,,,,,,,,,1.0382,1.2064,1.8110,,,,,,,3.6054,
2019-01-25,1.3920,1.4680,1.6573,0.9722,1.5440,2.7850,1.1189,2.4986,2.5660,0.8657,1.3396,1.3607,1.0020,0.8330,,1.3051,,0.8725,0.8310,1.0030,0.9548,1.0010,1.0000,1.1984,,,,1.1898,,,,1.1942,1.1015,1.0882,1.0000,,,1.0200,1.0251,0.9782,,,,,,,,,1.0430,1.2032,1.8220,,,,,,,3.6851,
2019-02-01,1.3920,1.4710,1.6721,0.9795,1.5780,2.8450,1.1447,2.5627,2.5900,0.8828,1.3451,1.3761,1.0050,0.8170,,1.3319,,0.8844,0.8190,1.0026,0.9551,1.0150,1.0000,1.2091,,,,1.2033,,,,1.2006,1.1036,1.0930,1.0000,,,1.0000,1.0181,0.9834,,,,,,,,,1.0605,1.2054,1.8390,,,,,,,3.7263,
2019-02-15,1.4250,1.4850,1.7236,0.9996,1.6160,2.9300,1.1791,2.6406,2.6020,0.9057,1.3798,1.4442,1.0330,0.9080,,1.3478,,0.9367,0.8930,1.0094,0.9795,1.0530,1.0000,1.2351,,,,1.2258,,,,1.2008,1.1047,1.0946,0.9996,,,1.0510,1.0256,0.9906,,,,,,,,,1.0595,1.1920,1.8660,,,,,,,3.7848,
2019-02-22,1.4560,1.5650,1.7397,1.0338,1.6420,3.0800,1.2421,2.7494,2.6470,0.9438,1.4096,1.5297,1.0820,1.0010,,1.4612,,0.9794,0.9460,1.0188,1.0286,1.0860,0.9990,1.2652,,,,1.3102,,,,1.1974,1.1091,1.0994,0.9995,,,1.0820,1.0320,0.9985,,,,,,,,,1.0625,1.2042,1.8810,,,,,,,3.6726,
2019-03-01,1.4990,1.6390,1.8540,1.0533,1.7220,3.2860,1.3253,2.8802,2.8080,0.9788,1.4535,1.6758,1.1110,1.0950,,1.4771,,1.0285,1.0210,1.0375,1.0771,1.1290,0.9990,1.3133,,,,1.3045,,,,1.1999,1.1124,1.1021,1.0016,,,1.0970,1.0343,1.0074,,,,,,,,,1.0696,1.2185,1.8910,,,,,,,3.6063,
2019-03-08,1.5480,1.6690,1.7986,1.0721,1.6830,3.2400,1.3052,2.7972,2.7330,0.9535,1.4084,1.6349,1.1830,1.1950,,1.4745,,1.0694,1.0740,1.0351,1.1097,1.1260,0.9990,1.3231,,,,1.2731,,,,1.1940,1.1178,1.1057,1.0028,,,1.1390,1.0361,1.0041,,,,,,,,,1.0686,1.2139,1.8670,,,,,,,3.7911,
2019-03-15,1.5540,1.7640,1.9283,1.1191,1.8450,3.3350,1.3453,2.8612,2.7710,0.9802,1.4565,1.7611,1.2060,1.2770,,1.5332,,1.0816,1.1340,1.0599,1.1595,1.1550,0.9990,1.3372,,,,1.2742,,,,1.2056,1.1232,1.1102,1.0066,,,1.1870,1.0661,1.0418,,,,,,,,,1.0751,1.2157,1.9030,,,,,,,3.6924,
2019-03-22,1.5720,1.8250,2.0287,1.1658,1.8990,3.4220,1.3800,2.8955,2.8750,1.0063,1.4876,1.8428,1.2100,1.3680,,1.5412,,1.1322,1.1920,1.0704,1.1865,1.1780,0.9990,1.3432,,,,1.2866,,,,1.2176,1.1265,1.1132,1.0094,,,1.1840,1.0755,1.0509,,,,,,,,,1.0838,1.2020,1.9000,,,,,,,3.6186,
2019-03-29,1.6220,1.8680,2.1874,1.2212,2.0000,3.4770,1.4024,2.9685,2.9380,1.0123,1.5746,1.8381,1.1860,1.3830,,1.6270,,1.1279,1.2020,1.0751,1.1905,1.1660,0.9990,1.3515,,,,1.3113,,,,1.2196,1.1254,1.1149,1.0110,,,1.1900,1.0889,1.0676,,,,,,,,,1.1041,1.2185,1.8970,,,,,,,3.5656,
2019-04-04,1.6510,1.8960,2.2420,1.2839,1.9890,3.6750,1.4810,3.0577,3.0630,1.0513,1.6026,2.0349,1.2660,1.5060,,1.6553,,1.2018,1.2970,1.0930,1.2697,1.1660,0.9990,1.4144,,,,1.3507,,,,1.2258,1.1277,1.1158,1.0132,,,1.2118,1.0840,1.0769,,,,,,,,,1.1041,1.2579,1.9230,,,,,,,3.4825,
2019-04-12,1.6000,1.8560,2.2470,1.2539,1.9490,3.6280,1.4633,3.0664,2.9730,1.0333,1.6072,1.9607,1.2330,1.4790,,1.6129,,1.1802,1.3100,1.0846,1.2480,1.1620,0.9840,1.3678,,,,1.3135,,,,1.2239,1.1311,1.1178,1.0141,,,1.2201,1.0979,1.0978,,,,,,,,,1.1114,1.2948,1.9600,,,,,,1.0000,3.4880,
2019-04-19,1.6080,1.9100,2.3053,1.2809,1.9880,3.7470,1.5246,3.1281,2.9490,1.0744,1.6648,1.9687,1.2390,1.5450,,1.6632,,1.2229,1.3310,1.0871,1.2748,1.1760,0.9980,1.3819,,1.0000,,1.3799,,,,1.2238,1.1322,1.1211,1.0198,,,1.2160,1.1001,1.1186,,,,,,,,,1.1073,1.2764,1.9500,,,,,,0.9998,3.5170,
2019-04-26,1.5710,1.8130,2.3255,1.2407,1.9740,3.5480,1.4450,3.0606,2.8340,1.0119,1.5947,1.8875,1.1950,1.4860,,1.6202,,1.1533,1.2620,1.0673,1.1971,1.1410,0.9740,1.3373,,1.0000,,1.3135,,,,1.2253,1.1322,1.1245,1.0230,,,1.1984,1.0979,1.1220,,,,,,,,,1.1215,1.2938,1.9800,,,,,,0.9989,3.4709,
2019-04-30,1.5740,1.8100,2.3597,1.2385,2.0190,3.5720,1.4560,3.0798,2.8910,1.0161,1.6090,1.9174,1.1800,1.4330,,1.6448,,1.1217,1.2390,1.0752,1.1901,1.1380,0.9720,1.3068,,1.0000,,1.3147,,,,1.2253,1.1322,1.1257,1.0236,,,1.1953,1.1050,1.1347,,,,,,,,,1.1215,1.2898,1.9720,,,0.9814,,,1.0008,3.4779,
2019-05-10,1.5390,1.7480,2.2309,1.2143,1.9560,3.4350,1.4010,2.9681,2.8140,0.9816,1.5789,1.8098,1.1520,1.3950,,1.5855,,1.0953,1.2150,1.0604,1.1617,1.1060,0.9480,1.2856,,1.0000,,1.2359,,,,1.2232,1.1344,1.1327,1.0307,,,1.2046,1.1115,1.1652,,,,,,,,,1.1238,1.3170,1.9570,1.0780,,0.9814,,,1.0005,3.4398,
2019-05-17,1.5270,1.7450,2.3454,1.2146,1.9650,3.3610,1.3728,2.9655,2.8590,0.9554,1.5816,1.7881,1.1290,1.3790,,1.6027,,1.0702,1.2070,1.0429,1.1372,1.0940,0.9440,1.2576,,1.0000,,1.1527,,,,1.2237,1.1356,1.1353,1.0345,,,1.1942,1.1125,1.1785,,,,,,,,,1.1232,1.3459,1.9830,1.0790,,0.9814,,,1.0050,3.6054,
2019-05-24,1.5190,1.7300,2.2341,1.1947,1.9410,3.3270,1.3606,2.8859,2.8470,0.9457,1.5440,1.7403,1.0980,1.3450,,1.5841,,1.0276,1.1840,1.0444,1.1217,1.0930,0.9470,1.2381,,1.0000,,1.1089,,1.0530,1.0000,1.2281,1.1367,1.1390,1.0374,,,1.1963,1.1096,1.1778,,,,,,,,,1.1236,1.3855,1.9860,1.0800,,0.9814,,,1.0107,3.6225,
2019-05-31,1.5440,1.7370,2.2483,1.2026,2.0090,3.3730,1.3805,2.9238,2.9130,0.9541,1.5518,1.7280,1.1210,1.4080,,1.5779,,1.0776,1.2240,1.0539,1.1469,1.0970,0.9460,1.2382,,0.9990,,1.1415,,1.0530,1.0000,1.2227,1.1367,1.1408,1.0388,,,1.2160,1.1207,1.2014,,,,,,,,0.9994,1.1210,1.3610,1.9830,1.0750,,0.9899,,,1.0104,3.6205,
2019-06-06,1.5130,1.7170,2.1584,1.1861,1.9510,3.3200,1.3587,2.8521,2.8620,0.9404,1.5104,1.6305,1.0910,1.3430,,1.5601,,1.0321,1.1570,1.0345,1.1023,1.0790,0.9300,1.1975,,0.9920,,1.1325,,1.0530,0.9990,1.2142,1.1401,1.1423,1.0403,,,1.1828,1.1163,1.2036,,,,,,,,0.9909,1.1210,1.3677,1.9880,1.0730,,0.9899,,,1.0078,3.6748,
2019-06-14,1.5260,1.7270,2.2885,1.2010,2.0210,3.4110,1.3962,2.9327,2.9370,0.9578,1.5557,1.6722,1.1020,1.4000,,1.5610,1.0165,1.0615,1.2000,1.0409,1.1332,1.0890,0.9470,1.2126,,0.9990,,1.1460,,1.0740,1.0030,1.2203,1.1434,1.1431,1.0422,,,1.2097,1.1221,1.2138,,,,,,,,0.9956,1.1254,1.3676,1.9920,1.0740,,0.9899,,,1.0139,3.7277,
2019-06-21,1.5370,1.7420,2.4371,1.2235,2.1000,3.6050,1.4768,3.0610,3.0370,1.0075,1.6058,1.7981,1.1470,1.4760,,1.5756,1.0173,1.1223,1.2700,1.0537,1.1953,1.1040,0.9590,1.2193,,1.0260,,1.1988,,1.0790,1.0120,1.2230,1.1468,1.1459,1.0432,,,1.2315,1.1200,1.2094,,,1.0000,,,,,1.0032,1.1347,1.3780,1.9850,1.0770,,0.9899,,,1.0193,3.7232,
2019-06-28,1.5420,1.7590,2.5461,1.2259,2.1581,3.6050,1.4782,3.1086,3.0050,1.0146,1.6259,1.8151,1.1370,1.4670,,1.5855,1.0180,1.0921,1.2430,1.0529,1.1895,1.1090,0.9670,1.2238,,1.0300,,1.2472,,1.0750,1.0150,1.2329,1.1524,1.1472,1.0468,,,1.2252,1.1237,1.2193,,,1.0000,,,,,1.0080,1.1563,1.4044,1.9930,1.0680,,0.9899,,,1.0403,3.6236,
2019-07-05,1.5570,1.7670,2.6857,1.2306,2.1930,3.7080,1.5119,3.1565,3.0410,1.0366,1.6648,1.8679,1.1630,1.4920,,1.5814,1.0180,1.1131,1.2660,1.0611,1.2279,1.1300,0.9810,1.2438,,1.0431,,1.2652,,1.0710,1.0230,1.2368,1.1547,1.1509,1.0490,,,1.2408,1.1267,1.2282,,,1.0000,,,,,1.0083,1.1653,1.3853,2.0140,1.0680,,0.9899,,,1.0439,3.7618,
2019-07-12,1.5110,1.7331,2.6598,1.2216,2.1581,3.6480,1.4893,3.0855,2.9660,1.0192,1.6397,1.8428,1.1490,1.4500,,1.5804,1.0196,1.0770,1.2220,1.0488,1.1971,1.1230,0.9830,1.2371,,1.0300,,1.2472,,1.0760,1.0280,1.2374,1.1569,1.1523,1.0509,,,1.2252,1.1310,1.2366,,,1.0000,,,,,1.0120,1.1821,1.3855,2.0270,1.0720,,0.9899,,,1.0600,3.9883,
2019-07-19,1.5080,1.7210,2.5743,1.2420,2.1085,3.6550,1.4921,3.1151,2.9630,1.0193,1.6334,1.8101,1.1460,1.4550,,1.5693,0.9995,1.0969,1.2205,1.0489,1.2151,1.1220,0.9790,1.2527,,1.0370,,1.2742,,1.0680,1.0360,1.2261,1.1603,1.1530,1.0511,,,1.2501,1.1284,1.2367,,,1.0000,,,,,1.0101,1.1806,1.3571,2.0510,1.0810,,0.9899,,,1.0592,3.8299,
2019-07-26,1.5160,1.7560,2.5755,1.2551,2.1444,3.7040,1.5133,3.1814,3.0030,1.0517,1.6698,1.8796,1.1490,1.4630,,1.5835,0.9995,1.0969,1.2329,1.0664,1.2136,1.1410,0.9900,1.2549,,1.0471,,1.3743,,1.0640,1.0370,1.2239,1.1637,1.1537,1.0522,,,1.2521,1.1273,1.2359,,,1.0000,,,,,1.0170,1.1780,1.3239,2.0430,1.0970,,0.9899,,,1.0556,3.7320,
2019-08-02,1.4930,1.7340,2.5197,1.2266,2.1381,3.6090,1.4742,3.0777,2.9280,1.0326,1.6447,1.8576,1.1430,1.4620,,1.5981,0.9995,1.0834,1.2017,1.0590,1.1898,1.1250,0.9700,1.2379,,1.0330,,1.3597,,1.0640,1.0350,1.2243,1.1626,1.1545,1.0556,,,1.2470,1.1257,1.2350,,,1.0000,,,,,1.0074,1.1798,1.3029,2.0320,1.0960,,0.9899,,,1.0543,3.9124,
2019-08-09,1.4740,1.7170,2.5194,1.2060,2.1264,3.5210,1.4366,3.0630,2.8830,1.0099,1.6384,1.8873,1.1300,1.4480,,1.6425,0.9995,1.0430,1.1551,1.0506,1.1281,1.1010,0.9350,1.2380,,1.0119,,1.3574,,1.0580,1.0280,1.2244,1.1682,1.1562,1.0567,,,1.2449,1.1273,1.2407,,,1.0000,,,,,1.0152,1.1754,1.3407,2.0740,1.0960,,0.9899,,,1.0393,4.6263,
2019-08-16,1.5030,1.7850,2.6814,1.2427,2.1824,3.5990,1.4687,3.1421,2.9170,1.0454,1.6911,1.9989,1.1800,1.5250,,1.7074,0.9995,1.0714,1.2028,1.0672,1.1530,1.1100,0.9420,1.2794,,1.0240,,1.4283,,1.0650,1.0270,1.2255,1.1671,1.1577,1.0588,,,1.2697,1.1261,1.2336,,,1.0000,,,,,1.0121,1.1838,1.3218,2.0800,1.0950,,0.9899,0.9998,,1.0431,4.8087,
2019-08-23,1.5350,1.8060,2.8115,1.2778,2.2458,3.7060,1.5136,3.2882,2.9220,1.0866,1.7299,2.0597,1.1970,1.5880,,1.7470,0.9995,1.1142,1.2680,1.1055,1.1964,1.1290,0.9500,1.3205,,1.0461,,1.4710,,1.0800,1.0280,1.2263,1.1704,1.1596,1.0606,,,1.2883,1.1255,1.2325,,,1.0000,,,,,1.0123,1.1845,1.3190,2.0940,1.0960,,0.9899,0.9995,,1.0398,5.0066,
2019-08-30,1.5790,1.7770,2.9626,1.2807,2.2626,3.6900,1.5058,3.3566,2.9150,1.0652,1.7525,2.0710,1.2140,1.5660,,1.7385,0.9995,1.1238,1.2634,1.1098,1.1877,1.1290,0.9500,1.3397,,1.0592,,1.4609,,1.0830,1.0310,1.2271,1.1704,1.1610,1.0618,,,1.2842,1.1257,1.2354,,,1.0000,,,,,1.0104,1.1757,1.3256,2.1030,1.1040,,0.9899,1.0045,,1.0347,5.3399,
2019-09-06,1.6660,1.8700,2.9333,1.3234,2.2943,3.8590,1.5755,3.4102,2.9560,1.1211,1.7726,2.1763,1.2490,1.6530,,1.7394,0.9995,1.1867,1.3621,1.1248,1.2454,1.1610,0.9730,1.3544,,1.0813,,1.5981,,1.0960,1.0310,1.2272,1.1738,1.1619,1.0608,,,1.3256,1.1231,1.2270,,,1.0000,,,,,1.0105,1.1744,1.3339,2.1190,1.1160,,0.9899,1.0327,,1.0318,5.1010,
2019-09-12,1.7070,1.8670,2.8188,1.3382,2.2753,3.8930,1.5887,3.3889,2.9610,1.1242,1.7500,2.1861,1.2530,1.7050,,1.7377,0.9995,1.2067,1.4018,1.1339,1.2815,1.1630,0.9780,1.3374,,1.0974,,1.5958,,1.0990,1.0340,1.2275,1.1772,1.1625,1.0634,,,1.3462,1.1235,1.2239,,,1.0000,,,,0.9993,1.0042,1.1744,1.3318,2.1320,1.1180,,0.9899,1.0458,,1.0311,4.7466,
2019-09-20,1.7240,1.8910,2.8904,1.3509,2.3418,3.8560,1.5743,3.4330,2.9570,1.1346,1.7801,2.2242,1.2540,1.7000,,1.7285,0.9995,1.2157,1.4018,1.1410,1.2561,1.1590,0.9710,1.3768,,1.1024,,1.6498,,1.1050,1.0350,1.2278,1.1783,1.1638,1.0657,,,1.3400,1.1292,1.2330,,,1.0000,,,,0.9993,1.0132,1.1591,1.3092,2.1340,1.1200,,0.9899,1.0265,,1.0173,4.7607,
2019-09-27,1.7130,1.8550,2.8710,1.3091,2.3492,3.7720,1.5427,3.3568,2.9250,1.1094,1.7638,2.1711,1.1950,1.6170,,1.7159,0.9995,1.1895,1.3347,1.1138,1.1921,1.1460,0.9510,1.3673,,1.0924,,1.5981,,1.1100,1.0370,1.2283,1.1806,1.1643,1.0671,,,1.3080,1.1290,1.2244,,,1.0000,,,,1.0013,1.0141,1.1740,1.3056,2.1140,1.1300,,0.9899,1.0057,,1.0275,4.7207,
2019-09-30,1.7060,1.8340,2.8131,1.2935,2.3355,3.7240,1.5234,3.3180,2.8890,1.0912,1.7487,2.1596,1.1870,1.5870,,1.7147,0.9995,1.1773,1.2952,1.1065,1.1802,1.1410,0.9510,1.3673,1.0000,1.0924,,1.5756,,1.1090,1.0370,1.2285,1.1828,1.1686,1.0719,,,1.3059,1.1283,1.2244,,,1.0000,,,,1.0009,1.0135,1.1740,1.3047,2.1170,1.1290,,1.0655,1.0017,,1.0281,4.7195,
2019-10-11,1.7340,1.8560,2.8690,1.3235,2.3735,3.8390,1.5723,3.3789,2.9790,1.1175,1.7914,2.2105,1.2400,1.6140,,1.7266,0.9995,1.2050,1.3511,1.1492,1.2274,1.1530,0.9650,1.3907,1.0187,1.1044,,1.5801,,1.1210,1.0380,1.2295,1.1817,1.1664,1.0692,,,1.3193,1.1283,1.2322,,1.0000,1.0000,,,,1.0042,1.0195,1.1708,1.2907,2.1200,1.1180,,1.0655,1.0149,,1.0256,4.7949,
2019-10-18,1.7190,1.8440,2.8417,1.3026,2.3904,3.7930,1.5548,3.3263,3.0030,1.0976,1.8114,2.1807,1.2350,1.5740,,1.7229,0.9995,1.1721,1.3241,1.1391,1.2118,1.1500,0.9580,1.4047,1.0012,1.1034,,1.5508,,1.1300,1.0390,1.2291,1.1839,1.1675,1.0707,,,1.3111,1.1349,1.2381,,1.0000,1.0000,,,,1.0082,1.0267,1.1760,1.3069,2.1340,1.1110,,1.0655,1.0102,,1.0287,4.7831,
2019-10-25,1.7140,1.8610,2.8291,1.3008,2.3746,3.8330,1.5733,3.3327,3.0000,1.1116,1.8478,2.1856,1.2420,1.5670,,1.7118,0.9995,1.2009,1.3384,1.1357,1.2311,1.1540,0.9660,1.4298,1.0103,1.1116,,1.6104,1.0280,1.1320,1.0390,1.2286,1.1851,1.1681,1.0716,,,1.3131,1.1345,1.2321,,1.0000,1.0000,,,,1.0042,1.0238,1.1871,1.3088,2.1370,1.1120,,1.0655,1.0117,,1.0410,4.8812,
2019-11-01,1.7280,1.8790,2.9531,1.3040,2.3661,3.9130,1.6111,3.3552,3.0340,1.1259,1.8854,2.2384,1.2590,1.5570,,1.7372,0.9995,1.2193,1.3336,1.1278,1.2201,1.1620,0.9750,1.4658,1.0077,1.1248,,1.6543,1.0280,1.1350,1.0410,1.1353,1.1873,1.1690,1.0726,,,1.3100,1.1351,1.2418,,1.0000,1.0000,,,,1.0100,1.0329,1.2069,1.3036,2.1450,1.1100,,1.0655,1.0131,,1.0442,5.0443,
2019-11-08,1.7140,1.9250,2.9536,1.3130,2.4020,3.9550,1.6334,3.4273,3.0630,1.1423,1.9092,2.2966,1.2670,1.5730,,1.7642,0.9995,1.2332,1.3463,1.1316,1.2453,1.1650,0.9820,1.4785,1.0144,1.1452,,1.6914,1.0280,1.1350,1.0410,1.1356,1.1907,1.1701,1.0736,,,1.3152,1.1342,1.2493,,1.0030,1.0000,,,,1.0085,1.0309,1.2054,1.3096,2.1320,1.1120,,1.0655,1.0136,,1.0462,5.1803,
2019-11-15,1.6860,1.9260,2.9583,1.3030,2.4168,3.9050,1.6134,3.4152,3.0310,1.1319,1.9192,2.2664,1.2690,1.5490,,1.7278,0.9995,1.2152,1.3194,1.1318,1.2054,1.1520,0.9680,1.4806,0.9936,1.1350,,1.6892,1.0280,1.1450,1.0420,1.0699,1.1930,1.1697,1.0733,,,1.2997,1.1330,1.2607,,1.0090,1.0000,,,,1.0079,1.0288,1.2183,1.3257,2.1260,1.1150,,1.0655,1.0030,,1.0501,5.1545,
2019-11-22,1.6880,1.9190,2.8867,1.2823,2.3682,3.8610,1.6054,3.4042,2.9870,1.1295,1.8415,2.2660,1.2990,1.5350,,1.7533,0.9995,1.2113,1.3304,1.1430,1.2150,1.1470,0.9680,1.4647,1.0021,1.1453,,1.6723,1.0280,1.1330,1.0450,1.0679,1.1907,1.1730,1.0764,,,1.2986,1.1400,1.2580,,1.0100,1.0000,,,,0.9989,1.0208,1.2212,1.3361,2.1300,1.1240,,1.0655,1.0161,,1.0425,5.1396,
2019-11-29,1.6710,1.9000,2.8044,1.2847,2.3080,3.8200,1.5884,3.4069,2.9480,1.1132,1.8152,2.2476,1.2920,1.5180,,1.7446,0.9995,1.2067,1.3225,1.1304,1.2179,1.1440,0.9660,1.4433,0.9962,1.1381,,1.6802,1.0280,1.1280,1.0450,1.0681,1.1930,1.1740,1.0772,,,1.2780,1.1366,1.2468,,1.0000,1.0000,,,,0.9879,1.0096,1.2242,1.3405,2.1380,1.1220,,1.0655,1.0142,,1.0472,5.0497,
2019-12-06,1.7180,1.9820,2.8640,1.3278,2.3323,3.9270,1.6297,3.5196,2.9780,1.1472,1.8754,2.3176,1.2980,1.5660,,1.7901,0.9995,1.2539,1.3572,1.1574,1.2448,1.1610,0.9930,1.4969,1.0210,1.1504,,1.7465,1.0280,1.1340,1.0440,1.0696,1.1907,1.1758,1.0797,,,1.2873,1.1378,1.2532,,1.0030,1.0000,,,,0.9839,1.0051,1.2154,1.3311,2.1490,1.1190,,1.0655,1.0183,,1.0443,5.0865,
2019-12-13,1.7730,2.0050,2.8404,1.3506,2.3513,3.9930,1.6642,3.5367,3.0330,1.1590,1.8616,2.3663,1.3120,1.6130,,1.7958,0.9995,1.2768,1.3811,1.1659,1.2619,1.1770,1.0080,1.4903,1.0391,1.1576,,1.8129,1.0280,1.1290,1.0460,1.0704,1.1930,1.1755,1.0796,,,1.2976,1.1367,1.2458,,1.0000,1.0000,,,,0.9805,1.0020,1.2152,1.3480,2.1550,1.1110,,1.0655,1.0365,,1.0442,5.3268,
2019-12-20,1.8130,2.0750,2.8189,1.3599,2.3028,4.0310,1.6824,3.5847,3.1410,1.1710,1.8390,2.3545,1.3420,1.6600,,1.8102,0.9995,1.3044,1.4369,1.1895,1.2842,1.1870,1.0160,1.4755,1.0594,1.1853,,1.8174,1.0280,1.1330,1.0490,1.0675,1.1930,1.1769,1.0819,,,1.3028,1.1260,1.2292,,0.9930,1.0000,,,,0.9705,0.9936,1.2202,1.3578,2.1590,1.1160,,1.0655,1.0522,,1.0410,5.3813,
2019-12-27,1.8230,2.0530,2.8326,1.3742,2.3091,4.0360,1.6855,3.6574,3.1310,1.1747,1.8327,2.4289,1.3290,1.6580,,1.8078,0.9995,1.2966,1.4464,1.2071,1.2856,1.1870,1.0180,1.4728,1.0652,1.2007,,1.8489,1.0280,1.1300,1.0530,1.0683,1.1941,1.1781,1.0839,,,1.3256,1.1356,1.2415,,1.0020,1.0000,,,,0.9848,1.0074,1.2081,1.3587,2.1510,1.1240,,1.0655,1.0550,,1.0323,5.7622,
2019-12-31,1.8230,2.0710,2.9093,1.3899,2.3440,4.1040,1.7144,3.6865,3.1720,1.1989,1.8616,2.4870,1.3390,1.6680,,1.8078,0.9995,1.2966,1.4609,1.2237,1.3012,1.1870,1.0180,1.4913,1.0652,1.2111,,1.8489,1.0280,1.1300,1.0530,1.0730,1.1941,1.1810,1.0865,,,1.3225,1.1356,1.2406,,1.0020,1.0000,,,,0.9841,1.0089,1.2082,1.3689,2.1510,1.1240,,1.1060,1.0632,,1.0338,6.0039,
2020-01-03,1.8760,2.1000,2.8678,1.4325,2.3228,4.1580,1.7376,3.7027,3.1920,1.2290,1.8515,2.5680,1.4050,1.7320,,1.8224,0.9995,1.3388,1.5157,1.2431,1.3275,1.2120,1.0430,1.4832,1.1015,1.2214,,1.8815,1.0280,1.1370,1.0570,1.0736,1.1977,1.1821,1.0867,,,1.3278,1.1368,1.2405,,1.0000,1.0000,,,,0.9834,1.0057,1.1999,1.3755,2.1550,1.1300,,1.1060,1.0877,,1.0369,6.0937,
2020-01-10,1.8490,2.1320,2.9685,1.4422,2.4157,4.2320,1.7679,3.8042,3.2370,1.2586,1.9105,2.7159,1.5390,1.7660,,1.8335,0.9995,1.3791,1.4970,1.2770,1.3470,1.2220,1.0510,1.5318,1.1254,1.2494,,1.9613,1.0280,1.1360,1.0600,1.0758,1.2024,1.1850,1.0892,1.0000,,1.3299,1.1409,1.2591,,1.0100,1.0000,,,,0.9876,1.0112,1.2062,1.3907,2.1570,1.1350,,1.1060,1.1190,,1.0422,6.2164,1.0000
2020-01-17,1.9340,2.1860,3.0201,1.4852,2.4918,4.2400,1.7723,3.8505,3.1710,1.2768,1.9481,2.7692,1.5360,1.7820,,1.8590,0.9995,1.3920,1.5012,1.2869,1.3591,1.2250,1.0500,1.5654,1.1303,1.2484,,2.0468,1.0280,1.1540,1.0630,1.0742,1.2048,1.1871,1.0908,0.9998,,1.3288,1.1388,1.2614,,1.0120,1.0000,,,,0.9835,1.0092,1.2025,1.3749,2.1580,1.1360,,1.1060,1.1055,,1.0261,5.5024,0.9995
2020-01-23,1.9120,2.1300,2.8452,1.4489,2.4284,4.0920,1.7177,3.5930,2.9960,1.2451,1.9130,2.5968,1.4970,1.7440,,1.8140,0.9995,1.3576,1.4562,1.2532,1.3081,1.2050,1.0250,1.5240,1.0948,1.2327,,2.0468,1.0280,1.1570,1.0660,1.0538,1.2084,1.1883,1.0909,0.9996,,1.3246,1.1448,1.2695,,1.0110,1.0000,,,,0.9809,1.0072,1.2025,1.3752,2.1580,1.1390,,1.1060,1.0931,,1.0202,5.5316,0.9993
2020-02-07,1.9650,2.0850,2.7504,1.4552,2.4242,4.0320,1.6997,3.6778,3.0080,1.2576,1.8841,2.7218,1.5270,1.7390,,1.8934,0.9995,1.3624,1.4310,1.2215,1.2537,1.2040,1.0050,1.5033,1.0781,1.2212,,2.1266,1.0733,1.2120,1.0660,1.0020,1.2036,1.1990,1.1063,0.9991,,1.3097,1.1438,1.2829,,1.0080,1.0000,,,,0.9923,1.0182,1.2126,1.4163,2.1970,1.1800,,1.1060,1.1125,,1.0140,5.9646,0.9985
2020-02-14,1.9360,2.1220,2.7932,1.4839,2.4844,4.1480,1.7537,3.8114,2.9910,1.2749,1.9543,2.8211,1.5440,1.7760,,1.8650,0.9995,1.4085,1.4590,1.2533,1.2985,1.2280,1.0110,1.5447,1.1155,1.2599,,2.1345,1.0850,1.1970,1.0710,1.0100,1.2108,1.1999,1.1060,0.9989,,1.3235,1.1519,1.2949,,1.0170,1.0000,,,,0.9960,1.0242,1.2085,1.4134,2.2180,1.1840,,1.1060,1.1325,,1.0126,5.7855,0.9982
2020-02-21,2.0730,2.2500,2.9321,1.5525,2.6005,4.3510,1.8417,3.8714,3.1000,1.3335,2.0145,2.9074,1.6720,1.9360,,1.9236,0.9995,1.5074,1.4310,1.3134,1.3970,1.2640,1.0380,1.5820,1.2019,1.3007,,2.2773,1.0985,1.2350,1.0740,1.0131,1.2132,1.2027,1.1092,0.9987,,1.3330,1.1556,1.3186,,1.0460,1.0000,,,,1.0219,1.0525,1.1949,1.4060,2.2200,1.1870,,1.1060,1.1629,,1.0033,5.7291,0.9979
2020-02-28,1.9460,2.1730,2.7580,1.4751,2.5182,4.1300,1.7550,3.6881,3.1160,1.2379,1.9531,2.6879,1.5900,1.8190,,1.8847,0.9995,1.4463,1.5000,1.2686,1.2735,1.2310,1.0250,1.5241,1.1474,1.2660,,2.1210,1.1400,1.2020,1.0800,1.0156,1.2120,1.2079,1.1138,0.9985,,1.3383,1.1607,1.3175,,1.0510,1.0000,,,,1.0138,1.0441,1.2228,1.4308,2.2030,1.2030,,1.1060,1.1352,,1.0311,5.2740,0.9976
2020-03-06,2.0010,2.2580,2.9549,1.5106,2.6544,4.3450,1.8387,3.8084,3.2030,1.2898,2.0371,2.8097,1.6700,1.9530,,1.9708,0.9995,1.5479,1.6258,1.3320,1.3838,1.2770,1.0640,1.5852,1.2276,1.3028,,2.1334,1.1179,1.1890,1.0840,1.0171,1.2180,1.2090,1.1152,0.9977,,1.3616,1.1716,1.3423,,1.0810,1.0000,,,,1.0508,1.0811,1.2320,1.4359,2.2260,1.2260,,1.1060,1.1783,,1.0549,5.7625,0.9973
2020-03-13,1.8750,2.1050,2.7887,1.4245,2.5023,4.0710,1.7275,3.4311,3.0610,1.2044,1.9318,2.5214,1.5480,1.8750,,1.8523,0.9995,1.4770,1.6774,1.2895,1.2865,1.2370,1.0290,1.4914,1.1658,1.2293,,2.0232,1.1179,1.2440,1.0990,1.0154,1.2120,1.2113,1.1209,0.9975,,1.3489,1.1672,1.3327,,1.0850,1.0000,,,,1.0419,1.0743,1.2592,1.4773,2.1390,1.2340,,1.1060,1.1721,,1.0902,5.1662,0.9970
2020-03-20,1.8380,2.0340,2.5150,1.3705,2.3799,3.8000,1.6154,3.1832,2.9400,1.1447,1.8240,2.3765,1.5080,1.7640,,1.8006,0.9995,1.4140,1.4698,1.2460,1.2290,1.1900,0.9840,1.3862,1.1296,1.1569,,1.9332,1.1179,1.2430,1.1020,1.0240,1.2060,1.2343,1.1423,0.9973,,1.3521,1.1751,1.3377,,1.0969,1.0000,,,,1.0376,1.0703,1.2764,1.5025,2.1520,1.2480,,1.1060,1.1559,,1.1199,5.0734,1.0023
2020-03-27,1.8550,2.0780,2.5995,1.3675,2.4728,3.8270,1.6325,3.3105,3.0150,1.1706,1.8691,2.4694,1.4970,1.7030,,1.8158,0.9995,1.3598,1.4298,1.2267,1.2078,1.1940,0.9980,1.4305,1.1317,1.1621,,1.9220,1.1179,1.2210,1.1030,1.0273,1.2060,1.2379,1.1462,0.9998,1.0000,1.3616,1.1747,1.3314,1.0000,1.0936,1.0000,,,,1.0167,1.0473,1.2842,1.5146,2.2160,1.2570,,1.1060,1.1571,,1.1425,5.2718,1.0130
2020-04-03,1.8410,2.0790,2.6271,1.3456,2.5129,3.8300,1.6330,3.2972,3.0190,1.1642,1.9117,2.4659,1.4860,1.7140,,1.8316,0.9995,1.3573,1.4464,1.2503,1.2064,1.1910,0.9950,1.4632,1.1421,1.1716,,1.9501,1.1179,1.2090,1.1070,1.0299,1.2120,1.2377,1.1466,1.0077,0.9990,1.3734,1.1829,1.3405,1.0000,1.1023,1.0000,,,,1.0390,1.0724,1.2864,1.4893,2.2200,1.2620,,1.1060,1.1450,,1.1372,5.3167,1.0106
2020-04-10,1.8670,2.1130,2.6789,1.3675,2.5836,3.9110,1.6670,3.3917,3.1060,1.1949,1.9443,2.5497,1.4940,1.7490,,1.8643,0.9995,1.3911,1.4754,1.2754,1.2428,1.2000,1.0040,1.4929,1.1665,1.1884,,1.9613,1.1179,1.2140,1.1040,1.0326,1.2120,1.2394,1.1477,1.0200,0.9990,1.3830,1.1859,1.3399,1.0000,1.1077,1.0000,,,,1.0450,1.0780,1.2838,1.4873,2.2300,1.2530,,1.1060,1.1438,,1.1343,5.5776,1.0134
2020-04-17,1.9030,2.1110,2.7252,1.3816,2.6512,4.0310,1.7184,3.4845,3.1340,1.2264,1.9869,2.6795,1.5280,1.8160,,1.9229,0.9995,1.4177,1.5154,1.2915,1.2792,1.2160,1.0200,1.5216,1.1874,1.1978,,2.0580,1.1179,1.2280,1.1060,1.0351,1.2120,1.2401,1.1490,1.0243,0.9990,1.3883,1.1948,1.3441,1.0000,1.1099,1.0000,,,,1.0494,1.0839,1.2808,1.4897,2.2370,1.2490,,1.1060,1.1549,,1.1320,5.7122,1.0140
2020-04-24,1.8870,2.1330,2.7678,1.3760,2.7409,4.0060,1.7087,3.4634,3.1030,1.2130,1.9681,2.7128,1.5280,1.7990,,1.9118,0.9995,1.4110,1.5071,1.2956,1.2770,1.1980,1.0050,1.5141,1.1843,1.1884,,2.0367,1.1179,1.2320,1.1040,1.0377,1.2168,1.2433,1.1516,1.0349,1.0100,1.3926,1.1970,1.3574,1.0000,1.1153,1.0000,,,,1.0544,1.0878,1.2768,1.4918,2.2080,1.2520,0.9995,1.1060,1.1521,,1.1213,5.6732,1.0178
2020-04-30,1.9320,2.1040,2.8289,1.3826,2.8581,4.1620,1.7777,3.5386,3.2080,1.2518,2.0057,2.7092,1.5680,1.8290,,1.9591,0.9995,1.4323,1.5099,1.3384,1.2944,1.2230,1.0210,1.5418,1.2096,1.2293,,2.1401,1.1179,1.2170,1.1030,1.0370,1.2215,1.2440,1.1523,1.0281,1.0030,1.3883,1.1992,1.3500,1.0000,1.0980,1.0000,,,,1.0586,1.0911,1.2768,1.4802,2.1860,1.2550,0.9992,1.1150,1.1509,,1.1118,5.6680,1.0235
2020-05-08,2.0370,2.1380,2.8707,1.4090,2.9310,4.2500,1.8143,3.6149,3.2100,1.2888,2.0797,2.7993,1.5830,1.9050,,2.0061,0.9995,1.4766,1.5596,1.3604,1.3302,1.2410,1.0300,1.5919,1.2503,1.2618,,2.1491,1.1179,1.2470,1.1070,1.0416,1.2215,1.2435,1.1537,1.0451,1.0180,1.3968,1.2106,1.3595,1.0000,1.1099,1.0000,,,,1.0769,1.1105,1.2583,1.4838,2.2110,1.2570,0.9992,1.1150,1.1690,,1.1196,6.3506,1.0358
2020-05-15,2.0420,2.1470,2.8860,1.3950,2.9986,4.2080,1.7979,3.7234,3.2350,1.2917,2.0947,2.7921,1.5710,1.9040,,1.9970,0.9995,1.4885,1.5652,1.3686,1.3284,1.2280,1.0190,1.6151,1.2523,1.2692,,2.1919,1.1179,1.2530,1.1050,1.0450,1.2239,1.2470,1.1558,1.0514,1.0390,1.3979,1.2094,1.3670,0.9982,1.1210,1.0000,,,,1.0768,1.1120,1.2606,1.4872,2.2270,1.2480,0.9994,1.1150,1.1712,,1.1177,6.3531,1.0339
2020-05-22,2.0070,2.0930,2.8334,1.3555,3.0440,4.0860,1.7502,3.6188,3.2310,1.2449,2.0559,2.7761,1.5590,1.8200,,1.9566,0.9995,1.4473,1.5044,1.3356,1.3028,1.2020,1.0020,1.5835,1.2134,1.2440,,2.1143,1.1179,1.2440,1.1070,1.0410,1.2251,1.2456,1.1555,1.0531,1.0390,1.3958,1.1995,1.3566,0.9816,1.1143,1.0000,,,,1.0634,1.0991,1.2702,1.5013,2.2740,1.2420,1.0052,1.1150,1.1656,,1.1233,6.4964,1.0347
2020-05-29,2.0260,2.1400,2.9376,1.3846,3.1886,4.1760,1.7895,3.8241,3.3370,1.2833,2.1023,2.8989,1.5870,1.8490,,2.0038,0.9995,1.4731,1.5389,1.3432,1.3284,1.2020,1.0070,1.6121,1.2416,1.3028,,2.1379,1.1179,1.2350,1.1090,1.0451,1.2239,1.2474,1.1578,1.0611,1.0120,1.4224,1.2172,1.3773,0.9951,1.1366,1.0000,,,,1.0719,1.1121,1.2862,1.4956,2.2530,1.2470,1.0018,1.0929,1.1778,,1.1495,6.8717,1.0405
2020-06-05,2.0960,2.2090,3.0024,1.4231,3.2836,4.3620,1.8681,4.0724,3.4120,1.3427,2.1725,3.0144,1.6190,1.9310,,2.0782,0.9995,1.5318,1.6080,1.3627,1.3725,1.2340,1.0320,1.6753,1.2857,1.3332,,2.2380,1.1179,1.2610,1.1120,1.0479,1.2263,1.2490,1.1590,1.0675,1.0400,1.4235,1.2172,1.3862,1.0079,1.1522,1.0000,,,,1.0794,1.1197,1.2872,1.5082,2.2800,1.2560,1.0051,1.0929,1.2006,,1.1664,7.2357,1.0542
2020-06-12,2.1630,2.2010,2.9911,1.4646,3.2953,4.3470,1.8712,4.1201,3.3950,1.3620,2.2301,3.0473,1.6460,1.9450,,2.0827,0.9995,1.5481,1.6301,1.3702,1.3902,1.2440,1.0410,1.7052,1.2989,1.3448,,2.2200,1.1179,1.2560,1.1110,1.0489,1.2311,1.2495,1.1607,1.0720,1.0760,1.4309,1.2172,1.3912,1.0147,1.1611,1.0000,,,,1.0835,1.1249,1.3101,1.5136,2.2890,1.2490,1.0081,1.0929,1.2130,,1.1832,7.3970,1.0642
2020-06-19,2.2340,2.2420,3.1472,1.5053,3.4262,4.4430,1.9116,4.3466,3.3870,1.4182,2.3267,3.1648,1.7080,2.0060,,2.1638,0.9995,1.6008,1.6867,1.4089,1.4485,1.2650,1.0570,1.7893,1.3376,1.4020,,2.3426,1.1179,1.2630,1.1170,1.0503,1.2335,1.2410,1.1528,1.0770,1.0870,1.4267,1.2172,1.3906,1.0191,1.1633,1.0000,,,,1.0850,1.1282,1.3152,1.5188,2.2880,1.2530,1.0168,1.0929,1.2370,,1.1939,7.5881,1.0730
2020-06-24,2.2550,2.2620,3.2087,1.5281,3.5033,4.4990,1.9402,4.4492,3.3650,1.4471,2.3267,3.1375,1.7000,2.0200,,2.2005,0.9995,1.6209,1.6978,1.4178,1.4729,1.2700,1.0630,1.8375,1.3494,1.4020,1.0000,2.3426,1.1179,1.2620,1.1160,1.0499,1.2347,1.2486,1.1601,1.0829,1.1230,1.4331,1.2308,1.3984,1.0264,1.1689,1.0000,,,,1.1016,1.1446,1.3155,1.5162,2.2750,1.2520,1.0157,1.0929,1.2420,,1.1919,7.6748,1.0693
2020-07-03,2.3710,2.3450,3.2849,1.5898,3.5286,4.8120,2.0677,4.6784,3.6100,1.5074,2.4031,3.3850,1.7660,2.0860,,2.3121,0.9995,1.6767,1.7682,1.4635,1.5319,1.3050,1.0980,1.8866,1.4135,1.4529,1.0000,2.4685,1.1179,1.2950,1.1190,1.0472,1.2406,1.2543,1.1660,1.0794,1.1270,1.4145,1.2308,1.3777,1.0280,1.1655,1.0000,,,,1.0966,1.1403,1.3165,1.5178,2.2930,1.2430,1.0143,1.0929,1.2642,,1.1965,8.0341,1.0921
2020-07-10,2.5630,2.4560,3.5672,1.7172,3.8052,5.3230,2.2855,4.8637,3.8330,1.6218,2.5398,3.6931,1.9470,2.3200,,2.4572,0.9995,1.8555,1.9340,1.5882,1.6903,1.3250,1.1100,2.0180,1.5572,1.5647,1.0000,2.6170,1.1179,1.3830,1.1390,1.0166,1.2371,1.2582,1.1670,1.1022,1.1720,1.3993,1.2308,1.3677,1.0399,1.1588,1.0000,,,1.0000,1.0985,1.1394,1.3369,1.5497,2.3250,1.2420,1.0380,1.0929,1.3375,,1.2330,8.4301,1.1190
2020-07-17,2.3900,2.3460,3.5912,1.6320,3.9351,5.0850,2.1789,4.6356,3.6910,1.5878,2.5009,3.5796,1.9090,2.2110,,2.4560,0.9995,1.7580,1.8345,1.5520,1.6332,1.3060,1.0960,1.9301,1.5028,1.5320,1.0010,2.4933,1.1179,1.3740,1.1440,1.0215,1.2502,1.2640,1.1733,1.0956,1.2760,1.4166,1.2308,1.3667,1.0335,1.1711,1.0000,,,0.9884,1.1035,1.1467,1.3675,1.5480,2.3490,1.2470,1.0452,1.0929,1.3205,,1.2538,8.1482,1.1127
2020-07-24,2.3150,2.3400,3.5298,1.6639,3.9478,5.0460,2.1635,4.6371,3.6210,1.5704,2.4131,3.4770,1.9350,2.2150,,2.4747,0.9995,1.7642,1.8262,1.5675,1.6131,1.3070,1.0920,1.9108,1.5062,1.5352,1.0020,2.5113,1.1179,1.4080,1.1470,1.0227,1.2562,1.2664,1.1777,1.0980,1.2320,1.4242,1.2390,1.3762,1.0430,1.1800,1.0000,,,0.9903,1.1154,1.1572,1.3587,1.5774,2.3580,1.2650,1.0637,1.0929,1.3455,,1.2777,8.6732,1.1039
2020-07-31,2.3830,2.3890,3.7362,1.8022,4.2086,5.2580,2.2662,4.8068,3.7020,1.6745,2.5686,3.6667,2.0640,2.3460,,2.4985,0.9995,1.8763,1.9243,1.6025,1.6704,1.3370,1.1150,2.0430,1.6003,1.5985,0.9990,2.5821,1.1179,1.3950,1.1510,1.0253,1.2574,1.2704,1.1811,1.1094,1.2330,1.4415,1.2434,1.3925,1.0593,1.1867,1.0000,,,1.0134,1.1378,1.1780,1.3562,1.5795,2.3560,1.2590,1.0688,1.2547,1.3856,,1.2894,9.3782,1.1310
2020-08-07,2.5190,2.4700,3.7724,1.8230,4.2751,5.2870,2.2794,4.8757,3.6980,1.6678,2.4996,3.7701,2.1440,2.4150,,2.5145,0.9995,1.9242,1.9616,1.6543,1.6662,1.3400,1.1190,2.0078,1.6425,1.6203,1.0050,2.5675,1.1179,1.4010,1.1510,1.0328,1.2633,1.2721,1.1845,1.1333,1.2980,1.4415,1.2418,1.3954,1.0635,1.1926,1.0000,,0.9990,1.0240,1.1380,1.1755,1.3497,1.6134,2.4030,1.2720,1.0833,1.2547,1.4112,,1.3087,9.9460,1.1548
2020-08-14,2.3950,2.5000,3.7576,1.7225,4.1104,5.2810,2.2797,4.7444,3.9390,1.6223,2.4833,3.6342,2.0790,2.3500,,2.4977,0.9995,1.8780,1.9216,1.6538,1.6620,1.3360,1.1210,1.9741,1.6339,1.6127,1.0120,2.5450,1.1179,1.3670,1.1560,1.0389,1.2681,1.2694,1.1830,1.1570,1.3160,1.4372,1.2353,1.3889,1.0529,1.1890,1.0000,,0.9980,1.0224,1.1312,1.1693,1.3336,1.5849,2.3650,1.2770,1.0648,1.2547,1.3879,,1.3070,10.1446,1.1709
2020-08-21,2.4060,2.5490,3.7695,1.7067,4.1853,5.2770,2.2810,4.8801,4.1160,1.6385,2.4934,3.7198,2.0610,2.3620,,2.4785,0.9995,1.8672,1.9216,1.6529,1.7005,1.3340,1.1160,2.0046,1.6567,1.5973,1.0150,2.4798,1.1179,1.3720,1.1560,1.0417,1.2681,1.2723,1.1843,1.1768,1.2960,1.4404,1.2348,1.3969,1.0573,1.1938,1.0000,,1.0010,1.0257,1.1417,1.1799,1.3329,1.5791,2.3520,1.2830,1.0652,1.2547,1.3981,,1.3013,9.9935,1.1832
2020-08-28,2.4410,2.5760,3.8945,1.7498,4.3775,5.4750,2.3800,5.0109,4.1810,1.7086,2.6175,3.8099,2.0630,2.3590,,2.5734,0.9995,1.8826,1.9409,1.6484,1.7121,1.3540,1.1310,2.1154,1.6926,1.6380,1.0200,2.4719,1.1179,1.3740,1.1550,1.0459,1.2741,1.2736,1.1858,1.1868,1.3190,1.4448,1.2348,1.4011,1.0569,1.1902,1.0000,,0.9970,1.0295,1.1417,1.2100,1.3261,1.5745,2.3300,1.2800,1.0614,1.2547,1.4018,,1.2924,10.2707,1.2018
2020-09-04,2.4540,2.5840,3.9120,1.7241,4.2624,5.3980,2.3496,4.8864,4.1420,1.6677,2.5836,3.7467,2.0320,2.3280,,2.5427,0.9995,1.8479,1.9188,1.6416,1.6749,1.3360,1.1180,2.0784,1.6955,1.6017,1.0250,2.5562,1.1179,1.3560,1.1580,1.0514,1.2789,1.2742,1.1868,1.1858,1.3370,1.4469,1.2348,1.4038,1.0521,1.1926,1.0000,,1.0070,1.0309,1.1722,1.2103,1.3415,1.5839,2.3410,1.2960,1.0737,1.2547,1.4150,,1.2909,10.2567,1.2024
2020-09-11,2.3860,2.4990,3.7758,1.6491,4.1114,5.2260,2.2747,4.7316,4.0090,1.6169,2.4570,3.5110,1.9330,2.1750,,2.4687,0.9995,1.7633,1.8028,1.5641,1.5647,1.3070,1.0950,1.9869,1.6335,1.5555,1.0240,2.4438,1.1179,1.3650,1.1570,1.0598,1.2824,1.2766,1.1887,1.1945,1.3170,1.4350,1.2348,1.3796,1.0261,1.1890,1.0000,,1.0040,1.0072,1.1570,1.1947,1.3345,1.5744,2.3680,1.3000,1.0612,1.2547,1.3691,,1.2780,9.4734,1.1880
2020-09-18,2.5070,2.6100,3.7726,1.6976,4.1294,5.3560,2.3375,4.7614,4.0770,1.6554,2.4520,3.7184,1.9700,2.2170,,2.5214,1.9668,1.8315,1.8566,1.6097,1.6161,1.3250,1.1080,2.0116,1.6733,1.5929,1.0170,2.5214,1.1179,1.3890,1.1570,1.0686,1.2836,1.2779,1.1894,1.2187,1.2470,1.4307,1.2464,1.3845,1.0322,1.1938,1.0000,,1.0040,1.0212,1.1576,1.1943,1.3422,1.5874,2.3630,1.2890,1.0731,1.2547,1.4038,,1.2868,10.4067,1.2291
2020-09-25,2.3600,2.4310,3.6247,1.6520,4.0998,5.1910,2.2674,4.5403,3.9410,1.6077,2.4332,3.4638,1.8970,2.1070,,2.4545,1.9165,1.7679,1.7917,1.5534,1.5655,1.3100,1.0980,1.9522,1.6224,1.5312,1.0260,2.4055,1.2157,1.3900,1.1570,1.0687,1.2800,1.2806,1.1924,1.2193,1.2810,1.4361,1.2464,1.3777,1.0281,1.1938,1.0000,,0.9970,1.0052,1.1576,1.2007,1.3448,1.5705,2.4020,1.2920,1.0560,1.2547,1.3597,,1.2851,9.6010,1.1894
2020-09-30,2.4180,2.4590,3.6994,1.6671,4.2318,5.2310,2.2877,4.6471,4.0040,1.6393,2.4633,3.5154,1.9010,2.1000,,2.4810,1.9533,1.7693,1.7945,1.5574,1.5727,1.3110,1.0970,2.0003,1.6238,1.5312,1.0190,2.4831,1.2157,1.3750,1.1580,1.0678,1.2824,1.2830,1.1955,1.2181,1.2460,1.4491,1.2464,1.3803,1.0281,1.1926,1.0000,,1.0010,1.0010,1.1576,1.2174,1.3475,1.5675,2.3730,1.2840,1.0564,1.2856,1.3628,,1.2852,9.5374,1.1901
2020-10-09,2.4640,2.5230,3.7783,1.7209,4.3110,5.3090,2.3219,4.8797,4.0360,1.7008,2.5184,3.6229,1.9430,2.1600,,2.5437,1.9944,1.8354,1.8511,1.5923,1.6246,1.3380,1.1190,2.0665,1.6641,1.5863,1.0180,2.6057,1.2157,1.4150,1.1590,1.0747,1.2824,1.2855,1.1956,1.2299,1.2460,1.4534,1.2574,1.3821,1.0434,1.1950,1.0000,,1.0040,1.0102,1.1884,1.2244,1.3449,1.5705,2.3650,1.2840,1.0615,1.2856,1.3840,,1.2841,10.7328,1.2131
2020-10-16,2.5110,2.6170,3.7701,1.7444,4.3849,5.4680,2.3886,4.9284,4.1600,1.7201,2.5836,3.7878,1.9370,2.2120,,2.6163,1.9673,1.8841,1.9064,1.5999,1.6634,1.3520,1.1350,2.0977,1.6909,1.5995,1.0140,2.5686,1.2157,1.4300,1.1650,1.0766,1.2836,1.2852,1.1961,1.2466,1.2940,1.4621,1.2597,1.3975,1.0503,1.1973,1.0000,,0.9980,1.0249,1.1951,1.2289,1.3331,1.5720,2.3860,1.2710,1.0551,1.2856,1.3866,,1.2788,10.9258,1.2355
2020-10-23,2.4330,2.6120,3.5933,1.6819,4.1431,5.3560,2.3401,4.8503,4.0650,1.6793,2.4896,3.6716,1.8930,2.1150,,2.5621,1.8581,1.8270,1.8414,1.5753,1.5979,1.3240,1.1090,2.0487,1.6501,1.5511,1.0130,2.5101,1.2157,1.4220,1.1630,1.0786,1.2848,1.2851,1.1963,1.2460,1.3190,1.4404,1.2538,1.3824,1.0325,1.1961,1.0000,,0.9900,1.0154,1.1739,1.2108,1.3361,1.5718,2.3790,1.2750,1.0525,1.2856,1.3525,,1.2809,11.0411,1.2409
2020-10-30,2.4810,2.6030,3.6233,1.7274,4.2867,5.4090,2.3719,4.9560,4.0290,1.7492,2.5510,3.6853,1.9130,2.1160,,2.5578,1.9192,1.8018,1.8401,1.5664,1.5736,1.3210,1.1080,2.1016,1.6542,1.5731,1.0060,2.5394,1.2157,1.4240,1.1670,1.0803,1.2848,1.2889,1.2003,1.2486,1.2840,1.4686,1.2616,1.3892,1.0436,1.1997,1.0000,,0.9930,1.0064,1.1996,1.2339,1.3675,1.5875,2.3790,1.2630,1.0638,1.3191,1.3741,,1.3138,10.9723,1.2195
2020-11-06,2.6060,2.8450,3.6838,1.8265,4.2972,5.5700,2.4443,5.3665,4.1410,1.8430,2.5887,3.9719,1.9550,2.1760,,2.6180,1.9756,1.8410,1.8967,1.6383,1.6034,1.3400,1.1200,2.1794,1.7061,1.6259,1.0050,2.7261,1.2157,1.4510,1.1700,1.0879,1.2872,1.2906,1.2018,1.2600,1.2910,1.4729,1.2644,1.3942,1.0534,1.2009,1.0000,,0.9930,1.0284,1.1998,1.2337,1.3721,1.5988,2.4030,1.2650,1.0715,1.3191,1.4022,,1.3289,11.6509,1.2479
2020-11-13,2.5760,2.8120,3.6725,1.8030,4.3416,5.5500,2.4377,5.2961,4.0890,1.8469,2.5435,3.9659,1.9570,2.1500,,2.6234,1.9248,1.7891,1.8884,1.6631,1.5828,1.3390,1.1180,2.1671,1.7113,1.6336,1.0050,2.6968,1.2157,1.4360,1.1690,1.0908,1.2884,1.2903,1.2013,1.2637,1.3000,1.4610,1.2660,1.3852,1.0516,1.1997,1.0000,,0.9920,1.0264,1.1945,1.2295,1.3841,1.6018,2.4080,1.2560,1.0758,1.3191,1.4077,1.0000,1.3234,11.4927,1.2441
2020-11-20,2.6410,2.8970,3.7071,1.8440,4.3226,5.6750,2.4935,5.2809,4.2300,1.8653,2.4896,4.0079,1.9850,2.1660,,2.6487,1.9248,1.8133,1.9188,1.6927,1.6130,1.3490,1.1240,2.1484,1.7372,1.6215,0.9970,2.6957,1.2157,1.4410,1.1750,1.0955,1.2908,1.2936,1.2052,1.2911,1.2920,1.4448,1.2661,1.3656,1.0500,1.1997,1.0000,,0.9910,1.0170,1.1745,1.2116,1.3878,1.6319,2.4460,1.2460,1.0903,1.3191,1.4380,1.0000,1.3316,12.6049,1.2680
2020-11-27,2.5830,2.8790,3.6660,1.8557,4.2297,5.6850,2.5010,5.3241,4.1900,1.8365,2.4583,3.9718,1.9630,2.1110,,2.6152,2.0370,1.7983,1.8870,1.6779,1.5786,1.3430,1.1200,2.0937,1.7180,1.6017,0.9910,2.6912,1.2157,1.4490,1.1790,1.0968,1.2872,1.2952,1.2054,1.3012,1.2770,1.4296,1.2649,1.3469,1.0379,1.2009,1.0000,,0.9890,1.0080,1.1570,1.1942,1.3996,1.6343,2.4440,1.2370,1.0937,1.3191,1.4255,1.0000,1.3362,12.3081,1.2985
2020-12-04,2.6530,2.8950,3.7653,1.8570,4.4693,5.7960,2.5526,5.2412,4.2590,1.8373,2.5385,4.0354,1.9820,2.1510,,2.6859,2.0864,1.8391,1.9202,1.6896,1.6035,1.3770,1.1480,2.1334,1.7373,1.6556,0.9880,2.6597,1.2157,1.4460,1.1770,1.0967,1.2920,1.2952,1.2062,1.3061,1.2570,1.4296,1.2608,1.3389,1.0497,1.2009,1.0000,,0.9880,1.0060,1.1850,1.2222,1.4056,1.6515,2.4630,1.2390,1.1117,1.3191,1.4571,1.0000,1.3413,12.7825,1.3216
2020-12-11,2.6360,2.8720,3.7446,1.9035,4.5517,5.6310,2.4844,5.2463,4.0910,1.8208,2.5535,4.0354,1.9730,2.0820,,2.6465,1.9964,1.8091,1.8774,1.6351,1.5417,1.3320,1.1020,2.1405,1.6856,1.6325,0.9890,2.6327,1.2157,1.4920,1.1820,1.1018,1.2920,1.2896,1.2021,1.3046,1.2620,1.4469,1.2656,1.3388,1.0524,1.2044,1.0000,,1.0250,0.9927,1.1977,1.2363,1.4184,1.6707,2.5000,1.2400,1.1203,1.3191,1.4453,1.0090,1.3690,13.0602,1.2970
2020-12-18,2.6960,3.0160,3.8957,2.0312,4.7745,5.7840,2.5542,5.3516,4.1910,1.8556,2.6476,4.2264,2.0220,2.1490,,2.7491,2.1167,1.8613,1.9188,1.6764,1.5694,1.3630,1.1230,2.2031,1.7216,1.6843,0.9850,2.7452,1.2157,1.4930,1.1840,1.1058,1.2956,1.3012,1.2102,1.3240,1.2450,1.4513,1.2656,1.3434,1.0617,1.2044,1.0000,,1.0350,0.9931,1.1977,1.2473,1.4080,1.6737,2.5160,1.2390,1.1249,1.3191,1.4646,1.0060,1.3854,14.6906,1.3026
2020-12-25,2.6950,2.9910,3.9800,2.1873,4.8009,5.8580,2.5907,5.3890,4.0670,1.8865,2.7692,4.4476,2.1060,2.2320,,2.8334,2.1558,1.9074,1.9547,1.6763,1.5784,1.3650,1.1280,2.2983,1.7381,1.7140,0.9950,2.9274,1.2367,1.4820,1.1870,1.1077,1.2968,1.3022,1.2116,1.3300,1.2530,1.4394,1.2656,1.3364,1.0741,1.2115,1.0000,,1.0750,0.9789,1.1977,1.2483,1.4084,1.6788,2.5350,1.2540,1.1274,1.3191,1.4679,1.0110,1.3793,15.4706,1.2842
2020-12-31,2.8220,3.0040,4.1519,2.3214,5.0300,6.0900,2.6977,5.6151,4.2350,1.9721,2.8644,4.6034,2.2150,2.2700,,2.8898,2.2082,1.9728,2.0003,1.6968,1.6098,1.3950,1.1550,2.3958,1.7678,1.7284,0.9940,3.0668,1.2367,1.4984,1.1860,1.1038,1.2980,1.3043,1.2131,1.3324,1.2340,1.4329,1.2643,1.3370,1.0842,1.2198,1.0000,,1.0800,0.9906,1.2262,1.2645,1.3945,1.6849,2.5540,1.2560,1.1314,1.4509,1.4909,1.0210,1.3662,15.7808,1.3076
2021-01-08,2.9190,3.0780,4.5647,2.4516,5.4587,6.3450,2.8127,5.8433,4.2140,2.0794,3.0036,5.1053,2.3240,2.3190,,2.9389,2.2754,2.0723,2.0169,1.7197,1.6654,1.4630,1.2150,2.5040,1.7985,1.8363,0.9850,3.2355,1.2367,1.5088,1.1890,1.0983,1.3032,1.3023,1.2115,1.3139,1.2370,1.4069,1.2505,1.3155,1.0809,1.2234,1.0000,,1.0850,0.9970,1.2092,1.2486,1.3793,1.7100,2.6120,1.2480,1.1474,1.4509,1.5226,1.0430,1.3868,17.4368,1.3248
2021-01-15,2.9540,3.0070,4.4515,2.3690,5.3056,6.3000,2.7931,5.7603,4.2910,2.0773,2.9246,4.8728,2.2790,2.2900,,2.8549,1.3393,2.0382,1.9948,1.7236,1.6895,1.4580,1.2110,2.4842,1.7828,1.8022,0.9860,3.1569,1.2367,1.5118,1.1970,1.1062,1.3057,1.3067,1.2155,1.3488,1.2480,1.4199,1.2583,1.3144,1.0866,1.2246,1.0000,,1.1070,0.9959,1.2265,1.2698,1.3652,1.6958,2.5720,1.2480,1.1483,1.4509,1.5149,1.0320,1.3739,16.8429,1.3494
2021-01-22,3.0820,3.1610,4.7620,2.5002,5.8103,6.4930,2.8839,6.2571,4.3140,2.1996,2.9961,5.1520,2.3940,2.3730,,2.9913,1.4133,2.1116,2.1025,1.7546,1.7794,1.4850,1.2310,2.6499,1.8544,1.9020,0.9910,3.2488,1.2367,1.5029,1.1960,1.1106,1.3096,1.3089,1.2175,1.3535,1.2320,1.4350,1.2661,1.3399,1.1169,1.2376,1.0000,,1.1820,1.0098,1.2424,1.2835,1.3783,1.6835,2.5470,1.2600,1.1348,1.4509,1.5382,0.9770,1.3599,16.1429,1.3543
2021-01-29,2.9470,2.9970,4.6718,2.3475,5.5062,6.2780,2.7929,5.9335,4.4000,2.1174,2.8908,4.7704,2.2800,2.2410,,2.8845,1.3443,2.0538,2.0086,1.6856,1.7023,1.4100,1.1870,2.5345,1.7834,1.7921,0.9900,3.0723,1.2367,1.4984,1.1940,1.1052,1.3096,1.3015,1.2117,1.3553,1.2660,1.4264,1.2728,1.3365,1.1045,1.2293,1.0000,,1.1930,0.9974,1.2304,1.2728,1.3675,1.6576,2.5430,1.2470,1.1111,1.4446,1.4789,1.0140,1.3588,15.0093,1.3418
2021-02-05,2.9080,3.0850,4.9800,2.3759,5.8662,6.4980,2.8906,6.3011,4.6920,2.2069,3.0888,4.9459,2.3120,2.2250,,3.0870,1.3683,2.0103,1.9768,1.6823,1.6976,1.4280,1.1910,2.6997,1.7810,1.8156,0.9880,2.9503,1.2367,1.5133,1.1950,1.1104,1.3109,1.3118,1.2212,1.3678,1.2570,1.4166,1.2828,1.3364,1.0941,1.2305,1.0000,,1.1980,1.0012,1.2036,1.2494,1.3365,1.6569,2.5300,1.2310,1.1071,1.4446,1.4690,0.9820,1.3491,15.1130,1.3586
2021-02-10,3.0310,3.3050,5.1230,2.5138,6.3160,6.8730,3.0586,6.5804,4.7170,2.3055,3.3295,5.2713,2.4330,2.3580,,3.2440,1.4503,2.1493,2.0894,1.7696,1.7753,1.4930,1.2420,2.8761,1.8490,1.8885,0.9890,3.0651,1.2367,1.5475,1.1950,1.1097,1.3135,1.3136,1.2212,1.3742,1.2570,1.4177,1.2837,1.3534,1.1194,1.2423,1.0000,,1.2120,1.0286,1.2128,1.2625,1.3365,1.6676,2.5650,1.2310,1.1136,1.4446,1.5101,1.0200,1.3586,16.7037,1.3686
2021-02-19,3.0430,3.4430,5.0732,2.5113,6.1006,6.7600,3.0060,6.5703,4.6870,2.2676,3.1778,5.2035,2.4690,2.3640,,3.3119,1.4163,2.1576,2.1275,1.8349,1.8265,1.4990,1.2600,2.7756,1.8958,1.8806,0.9910,3.0953,1.2367,1.5997,1.1960,1.1116,1.3148,1.3146,1.2238,1.3806,1.2840,1.4166,1.2727,1.3342,1.1196,1.2364,1.0000,,1.1990,1.0305,1.2236,1.2730,1.3584,1.6861,2.6060,1.2330,1.1232,1.4446,1.5358,1.0430,1.3790,18.6832,1.3869
2021-02-26,2.8990,3.2170,4.4774,2.3395,5.0142,6.1020,2.7147,5.8108,4.4200,2.0098,2.7667,4.6376,2.3150,2.2480,,3.0884,1.2713,2.0453,2.0057,1.7838,1.7398,1.4300,1.2030,2.4053,1.8238,1.7901,0.9980,2.7424,1.2367,1.6026,1.1940,1.1090,1.3135,1.3212,1.2286,1.3475,1.2570,1.4004,1.2698,1.2910,1.0960,1.2246,1.0000,,1.1750,0.9968,1.2274,1.2759,1.3718,1.6996,2.6250,1.2360,1.1338,1.5047,1.5178,1.0840,1.3832,20.0323,1.3630
2021-03-05,2.8830,3.1600,4.2805,2.2836,4.8283,5.9500,2.6509,5.6557,4.3580,2.0017,2.7228,4.5833,2.3060,2.2600,,3.0760,1.2364,2.0396,1.9996,1.7899,1.7767,1.4070,1.1890,2.3604,1.8350,1.7562,1.0080,2.7871,1.2367,1.6116,1.1930,1.1071,1.3187,1.3215,1.2296,1.3431,1.2640,1.3993,1.2698,1.2744,1.0849,1.2305,1.0000,,1.1580,0.9919,1.2274,1.2695,1.3728,1.7072,2.5780,1.2470,1.1334,1.5047,1.5324,1.1400,1.3904,19.0995,1.3716
2021-03-12,2.7630,3.0710,4.2580,2.2536,4.6341,5.7830,2.5794,5.5766,4.2630,1.9327,2.6576,4.4481,2.2560,2.1990,,3.0531,1.2234,2.0067,1.9631,1.7711,1.7414,1.3620,1.1480,2.3381,1.8081,1.7381,1.0150,2.6264,1.2367,1.5997,1.1980,1.1001,1.3187,1.3185,1.2253,1.3531,1.2390,1.3885,1.2729,1.2759,1.0909,1.2400,1.0000,,1.1570,0.9939,1.2243,1.2725,1.3665,1.7104,2.5650,1.2550,1.1385,1.5047,1.5208,1.2440,1.3835,19.9835,1.3600
2021-03-19,2.7170,3.0460,4.3863,2.2294,4.6077,5.6210,2.5090,5.4940,4.2620,1.9050,2.5987,4.4213,2.2630,2.1850,,3.0141,1.2034,1.9985,1.9464,1.7582,1.7425,1.3340,1.1240,2.2977,1.8103,1.7042,1.0190,2.6433,1.2367,1.5684,1.1950,1.0981,1.3226,1.3153,1.2231,1.3570,1.2420,1.3950,1.2763,1.2719,1.0847,1.2388,1.1000,,1.1560,0.9815,1.2029,1.2504,1.3652,1.6903,2.5870,1.2620,1.1233,1.5047,1.5113,1.2210,1.3787,17.9755,1.3423
2021-03-26,2.7330,3.0570,4.6089,2.2288,4.6773,5.6500,2.5246,5.2910,4.2880,1.8867,2.6726,4.4274,2.2750,2.1950,,3.0155,1.1984,2.0420,1.9586,1.7591,1.7646,1.3480,1.1350,2.3285,1.8105,1.7008,1.0200,2.6348,1.2367,1.5565,1.1930,1.1021,1.3252,1.3299,1.2347,1.3681,1.2590,1.4015,1.2741,1.2556,1.0833,1.2305,1.0990,,1.1550,0.9764,1.2060,1.2546,1.3743,1.6917,2.5650,1.2630,1.1225,1.5047,1.5152,1.2240,1.3770,18.0543,1.3533
2021-04-02,2.7890,3.0480,4.8293,2.2459,4.8378,5.7510,2.6043,5.5604,4.3190,1.9588,2.7804,4.5614,2.3110,2.2410,,3.0246,1.2464,2.1179,2.0073,1.7877,1.7846,1.3670,1.1520,2.4567,1.8143,1.7144,1.0230,2.7521,1.2367,1.5490,1.1920,1.1035,1.3291,1.3325,1.2357,1.3683,1.2680,1.4145,1.2806,1.2636,1.1005,1.2376,1.0100,,1.1640,0.9856,1.2457,1.2962,1.3601,1.6880,2.5270,1.2660,1.1167,1.5047,1.5179,1.1700,1.3851,19.8742,1.3746
2021-04-09,2.7920,3.0210,4.5891,2.2514,4.7534,5.6250,2.5502,5.4557,4.2530,1.9066,2.6777,4.4575,2.3000,2.2090,,3.0292,1.2234,2.1091,2.0301,1.7955,1.7955,1.3440,1.1310,2.3711,1.8217,1.7132,1.0240,2.7122,1.2367,1.5520,1.1970,1.1017,1.3330,1.3304,1.2343,1.3695,1.3140,1.4220,1.2813,1.2662,1.1051,1.2435,1.0100,,1.1640,0.9831,1.2244,1.2745,1.3641,1.6820,2.5340,1.2680,1.1116,1.5047,1.5170,1.1770,1.3694,18.9751,1.3576
2021-04-16,2.7770,2.9940,4.6449,2.2552,4.7586,5.5530,2.5182,5.5562,4.2650,1.9121,2.6363,4.5049,2.2640,2.1770,,3.0048,1.2204,2.0907,2.0149,1.7898,1.7739,1.3410,1.1270,2.3704,1.8295,1.7245,1.0230,2.7424,1.2367,1.5475,1.1950,1.1022,1.3343,1.3295,1.2328,1.3695,1.3140,1.4166,1.2775,1.2539,1.0906,1.2317,1.0080,,1.1490,0.9795,1.2026,1.2516,1.3523,1.6887,2.5450,1.2650,1.1158,1.5047,1.5191,1.1970,1.3759,19.3345,1.3618
2021-04-23,2.7990,3.0430,4.6975,2.2976,4.9329,5.7570,2.6122,5.6890,4.2990,1.9966,2.7767,4.6580,2.2900,2.2700,,3.0606,1.2594,2.1745,2.0727,1.7859,1.8050,1.3870,1.1650,2.5197,1.8478,1.7969,1.0260,2.8040,1.2367,1.5550,1.1940,1.1047,1.3317,1.3337,1.2370,1.3749,1.3450,1.4372,1.2775,1.2626,1.1056,1.2391,1.0080,,1.1740,0.9962,1.2026,1.2810,1.3514,1.7095,2.5580,1.2690,1.1251,1.5047,1.5440,1.2210,1.3879,20.6291,1.3675
2021-04-30,2.7620,3.0170,4.7126,2.3416,4.9994,5.7880,2.6290,5.6012,4.3500,1.9596,2.8043,4.6706,2.2980,2.3160,,3.0859,1.2773,2.1972,2.0742,1.7831,1.8085,1.3840,1.1600,2.5251,1.8474,1.7992,1.0320,2.7291,1.2367,1.5446,1.1930,1.1064,1.3330,1.3347,1.2363,1.3773,1.3510,1.4458,1.2775,1.2650,1.1006,1.2379,1.0080,,1.1980,0.9910,1.2026,1.2816,1.3534,1.7078,2.5640,1.2770,1.1283,1.5196,1.5442,1.1900,1.3782,21.2403,1.3484
2021-05-07,2.6970,2.9630,4.5365,2.2982,4.8938,5.6330,2.5575,5.5140,4.3340,1.8858,2.6814,4.5533,2.2670,2.2490,,3.0204,1.2514,2.1689,2.0377,1.8029,1.7929,1.3480,1.1270,2.4101,1.8345,1.7585,1.0310,2.5877,1.2367,1.5446,1.1880,1.1042,1.3291,1.3341,1.2353,1.3759,1.3450,1.4361,1.2775,1.2650,1.0840,1.2292,1.0090,,1.1820,0.9810,1.2026,1.2545,1.3692,1.7473,2.5970,1.2760,1.1601,1.5620,1.5560,1.2800,1.4119,21.6323,1.3455
2021-05-14,2.7050,2.9146,4.5330,2.3038,5.0807,5.7920,2.6302,5.4745,4.3300,1.8814,2.7830,4.6156,2.2570,2.2850,1.0510,3.0378,1.2364,2.1802,2.0970,1.7998,1.7874,1.4010,1.1650,2.4520,1.8582,1.7279,1.0400,2.6566,1.2450,1.5326,1.1900,1.1073,1.3317,1.3368,1.2374,1.3740,1.3620,1.4404,1.2686,1.2642,1.0954,1.2317,1.0050,,1.1810,0.9899,1.2108,1.2570,1.3796,1.7606,2.5930,1.2850,1.1736,1.5733,1.5745,1.2710,1.4271,22.1875,1.3621
2021-05-21,2.7510,2.9350,4.6789,2.3098,5.1440,5.8350,2.6571,5.6295,4.2540,1.9467,2.8143,4.7929,2.2880,2.3090,1.0710,3.0688,1.2863,2.2174,2.1290,1.8254,1.7873,1.4110,1.1740,2.5460,1.8620,1.7811,1.0390,2.7351,1.2454,1.5014,1.1870,1.1100,1.3356,1.3395,1.2400,1.3900,1.3560,1.4610,1.2685,1.2695,1.1031,1.2379,0.9960,,1.1910,1.0031,1.2267,1.2721,1.3660,1.7228,2.5920,1.2820,1.1536,1.5320,1.5617,1.2140,1.4011,22.2082,1.3527
2021-05-28,2.8220,2.9560,4.8270,2.3133,5.2148,6.1010,2.7774,5.7590,4.4400,2.0101,2.9259,4.9429,2.3320,2.4030,1.1030,3.0852,1.3113,2.2816,2.2310,1.8766,1.8146,1.4460,1.2070,2.6121,1.9100,1.8591,1.0390,2.8548,1.2478,1.4716,1.1900,1.1124,1.3356,1.3418,1.2397,1.3968,1.4200,1.4826,1.2811,1.2832,1.1319,1.2553,0.9800,,1.1900,1.0359,1.2455,1.2923,1.3806,1.7187,2.6030,1.2830,1.1480,1.5266,1.5805,1.2170,1.4120,23.3321,1.3777
2021-06-04,2.8450,2.9640,4.9049,2.2971,5.2517,6.0700,2.7662,5.8700,4.2960,2.0457,2.9020,5.0043,2.3440,2.4380,1.1140,3.0632,1.3323,2.3131,2.2766,1.8864,1.8597,1.4370,1.1970,2.6498,1.9276,1.8896,1.0370,2.9503,1.2505,1.4746,1.1910,1.1171,1.3304,1.3438,1.2427,1.4059,1.4210,1.5054,1.2955,1.2908,1.1531,1.2677,0.9850,,1.1910,1.0341,1.2543,1.3055,1.3756,1.7115,2.5710,1.2800,1.1454,1.5350,1.5950,1.2300,1.4284,22.5967,1.3690
2021-06-11,2.9400,3.0020,4.7537,2.3135,5.2412,6.0160,2.7453,5.7482,4.2040,2.0234,2.8845,5.0557,2.3460,2.4420,1.1140,3.0673,1.3593,2.3485,2.3040,1.9209,1.8790,1.4350,1.1970,2.6420,1.9440,1.9283,1.0380,3.0034,1.2480,1.4746,1.1950,1.1214,1.3369,1.3471,1.2450,1.4126,1.4360,1.5205,1.2955,1.2908,1.1605,1.2690,0.9850,1.0720,1.2010,1.0363,1.2543,1.2946,1.3724,1.7037,2.5600,1.2840,1.1370,1.5275,1.5969,1.2210,1.4195,22.6819,1.3684
2021-06-18,2.8870,3.0150,4.7171,2.3194,5.1915,5.8860,2.6899,5.7715,4.1000,2.0498,2.7942,4.9869,2.3580,2.4450,1.1030,3.0233,1.3573,2.3406,2.3405,1.8777,1.8559,1.4040,1.1720,2.6323,1.9305,1.9124,1.0360,3.2222,1.2498,1.4820,1.1940,1.1206,1.3395,1.3487,1.2460,1.4027,1.4430,1.5205,1.2955,1.2935,1.1754,1.2677,0.9890,1.0850,1.1990,1.0510,1.2363,1.2848,1.3675,1.6721,2.5670,1.2820,1.1098,1.5010,1.5665,1.2200,1.4039,22.5721,1.3599
2021-06-25,2.8950,3.1410,4.8101,2.3503,5.1852,6.0490,2.7608,6.1338,4.0830,2.1046,2.8732,5.2180,2.4300,2.4730,1.1170,3.0772,1.4013,2.4551,2.4501,1.9528,1.9026,1.4450,1.2090,2.7409,1.9854,1.9533,1.0370,3.3431,1.2551,1.4909,1.1930,1.1302,1.3421,1.3527,1.2481,1.4217,1.4850,1.5324,1.3044,1.2912,1.1972,1.2765,0.9840,1.0970,1.1990,1.0772,1.2442,1.2932,1.3755,1.6778,2.5520,1.2820,1.1110,1.5273,1.5976,1.2000,1.4119,24.2839,1.3861
2021-07-02,2.8500,3.1250,4.6329,2.3114,5.1155,5.9570,2.7104,5.9864,4.0860,2.0692,2.7817,5.2771,2.3990,2.4350,1.1040,3.0031,1.4023,2.4423,2.4471,1.9189,1.8808,1.4240,1.1910,2.6962,1.9588,1.9101,1.0430,3.2355,1.2529,1.4716,1.1940,1.1236,1.3447,1.3561,1.2522,1.4120,1.4630,1.5357,1.3044,1.2912,1.2099,1.2901,0.9810,1.1320,1.2080,1.0752,1.2442,1.3038,1.3803,1.6536,2.5310,1.2920,1.1030,1.5273,1.5820,1.1900,1.4024,23.7526,1.3593
2021-07-09,2.9460,3.2910,4.3914,2.3363,4.9920,5.9640,2.7146,6.0184,3.9460,2.0391,2.7065,5.4821,2.5220,2.4870,1.0970,2.9309,1.4321,2.5734,2.5125,1.9589,1.9429,1.4240,1.1920,2.6085,2.0123,1.9340,1.0400,3.2863,1.2580,1.4716,1.1930,1.1250,1.3460,1.3556,1.2509,1.4149,1.4840,1.5562,1.3331,1.3120,1.2253,1.3113,0.9740,1.1480,1.2050,1.0820,1.2422,1.2940,1.3714,1.6589,2.5070,1.2880,1.1050,1.5181,1.6076,1.2020,1.4039,23.5895,1.3622
2021-07-16,2.9710,3.3150,4.4631,2.3194,5.1704,6.0380,2.7471,6.2463,3.9610,2.0657,2.7830,5.4556,2.5320,2.5050,1.1040,3.0216,1.4347,2.7002,2.5658,2.0295,2.0317,1.4290,1.1900,2.6577,2.0587,1.9545,1.0450,3.1328,1.2613,1.4656,1.1970,1.1293,1.3473,1.3578,1.2528,1.4289,1.4770,1.5627,1.3335,1.3096,1.2340,1.3212,0.9890,1.1560,1.2090,1.0702,1.2439,1.2954,1.3866,1.6897,2.5040,1.2970,1.1326,1.5612,1.6648,1.2340,1.4435,23.4926,1.3735
2021-07-23,3.0760,3.4400,4.1820,2.3529,5.0965,6.0720,2.7662,5.9142,3.8360,2.0025,2.7491,5.4115,2.5510,2.5870,1.1160,3.0533,1.4305,2.7840,2.6434,2.0569,2.0214,1.4350,1.1930,2.5900,2.0893,1.9510,1.0440,3.1896,1.2621,1.4448,1.1980,1.1304,1.3499,1.3595,1.2541,1.4376,1.5420,1.5725,1.3396,1.3227,1.2547,1.3387,0.9890,1.1460,1.2070,1.1004,1.2647,1.3205,1.3917,1.6803,2.4890,1.2940,1.1345,1.5703,1.6674,1.2170,1.4413,23.4926,1.3917
2021-07-30,3.0290,3.6847,3.7558,2.2564,4.6520,5.7440,2.6120,6.0086,3.6010,1.8582,2.5335,5.3103,2.4670,2.5540,1.0550,2.9281,1.3993,2.7051,2.6023,2.0399,1.9324,1.4020,1.1690,2.4268,2.0800,1.9362,1.0520,3.2524,1.2709,1.4716,1.1970,1.1143,1.3525,1.3662,1.2578,1.4312,1.6310,1.5670,1.3417,1.3272,1.2680,1.3467,0.9930,1.1920,1.2070,1.0929,1.2679,1.3252,1.3975,1.7117,2.5070,1.3010,1.1500,1.5728,1.6542,1.2120,1.4585,23.4926,1.3372
2021-08-06,3.0310,3.7495,3.6910,2.2837,4.8093,5.9250,2.6981,5.9412,3.6260,1.8905,2.6212,5.5529,2.5800,2.5980,1.0620,2.9857,1.4024,2.7587,2.6860,2.0807,1.9882,1.4500,1.2110,2.4864,2.1711,2.0412,1.0440,3.2210,1.2730,1.4641,1.1980,1.1175,1.3538,1.3695,1.2586,1.4421,1.6810,1.5746,1.3414,1.3344,1.2862,1.3587,0.9810,1.1720,1.2160,1.1024,1.2911,1.3517,1.3936,1.6805,2.4750,1.2920,1.1292,1.5466,1.6501,1.1510,1.4357,23.4926,1.3683
2021-08-13,3.1210,3.7067,3.7725,2.2358,4.8410,6.0310,2.7468,5.7925,3.7310,1.9230,2.5999,5.4021,2.5960,2.6370,1.0450,2.9910,1.4005,2.8918,2.7666,2.1372,2.0578,1.4380,1.2010,2.4622,2.2321,2.0466,1.0390,3.1219,1.2675,1.4582,1.1990,1.1194,1.3564,1.3710,1.2594,1.4452,1.7310,1.5941,1.3570,1.3450,1.2999,1.3654,0.9880,1.2270,1.2230,1.1260,1.3092,1.3704,1.4083,1.7102,2.4950,1.2850,1.1449,1.5599,1.6960,1.1660,1.4501,23.4926,1.3969
2021-08-20,3.0500,3.5634,3.3726,2.1641,4.4577,5.8020,2.6381,5.6013,3.7050,1.8268,2.3655,5.1165,2.5700,2.5660,0.9950,2.9371,1.3889,2.8410,2.7073,2.1048,1.9946,1.3660,1.1360,2.2932,2.1796,1.9523,1.0470,3.0167,1.2613,1.4507,1.2000,1.1110,1.3590,1.3740,1.2626,1.4313,1.7640,1.5844,1.3495,1.3383,1.2953,1.3640,0.9850,1.2200,1.2300,1.1163,1.3057,1.3647,1.4017,1.6966,2.5140,1.2930,1.1369,1.5369,1.6637,1.1610,1.4345,23.4926,1.3858
2021-08-27,3.1380,3.8372,3.5129,2.2137,4.3543,5.9230,2.6931,5.9427,3.7310,1.8882,2.4884,5.3623,2.6720,2.6530,1.0060,2.9746,1.4378,3.0407,2.8001,2.1669,2.0627,1.4100,1.1700,2.4079,2.2641,1.9362,1.0480,3.0796,1.2622,1.4492,1.2020,1.1167,1.3629,1.3794,1.2649,1.4327,1.8240,1.5725,1.3563,1.3440,1.3120,1.3814,0.9980,1.2400,1.2520,1.1277,1.3316,1.3928,1.4105,1.7196,2.5160,1.2930,1.1506,1.5621,1.7142,1.1900,1.4578,23.4926,1.4459
2021-09-03,3.0800,3.9332,3.5757,2.1097,4.1663,6.0000,2.7289,6.0419,3.9120,1.9228,2.4432,5.3907,2.6080,2.6250,0.9800,2.9752,1.4273,3.1195,2.7651,2.2499,2.0564,1.4270,1.1890,2.3638,2.2783,1.9431,1.0480,2.9841,1.2654,1.4209,1.2040,1.1197,1.3655,1.3816,1.2662,1.4290,1.7840,1.5681,1.3511,1.3487,1.2924,1.3680,0.9930,1.2210,1.2450,1.1395,1.2995,1.3550,1.3981,1.7293,2.5150,1.2940,1.1605,1.5920,1.7245,1.1800,1.4840,23.4926,1.4630
2021-09-10,3.0950,3.9401,3.5418,2.1474,4.2561,6.2400,2.8424,6.0474,3.9930,1.9438,2.5561,5.5706,2.6430,2.7250,0.9990,3.0786,1.4335,3.3007,2.8701,2.2805,2.1311,1.4450,1.2080,2.4437,2.3836,1.9799,1.0530,2.5647,1.2698,1.4582,1.2050,1.1274,1.3693,1.3853,1.2669,1.4444,1.7900,1.5541,1.3637,1.3457,1.3098,1.3747,1.0440,1.2390,1.2460,1.1703,1.2938,1.3493,1.4020,1.7850,2.5480,1.3010,1.1955,1.6465,1.8019,1.2520,1.5240,23.4926,1.5284
2021-09-17,3.0620,3.8200,3.2575,2.0680,4.2920,6.1240,2.7884,5.7795,3.8690,1.8581,2.5987,5.3820,2.5250,2.6270,0.9730,3.0476,1.4107,3.2884,2.8366,2.2586,2.0666,1.4020,1.1750,2.4501,2.3560,1.9063,1.0510,2.7931,1.2721,1.4626,1.2050,1.1243,1.3706,1.3879,1.2694,1.4204,1.7560,1.5595,1.3674,1.3527,1.3066,1.3814,1.0280,1.2410,1.2430,1.1466,1.2939,1.3516,1.4131,1.7690,2.5480,1.2980,1.1874,1.6455,1.7667,1.2370,1.5039,25.6834,1.4829
2021-09-24,3.0180,3.9247,3.2387,2.0861,4.3110,6.1670,2.8084,5.7581,3.8300,1.8162,2.6075,5.3667,2.5190,2.6230,0.9560,3.0912,1.4109,3.2408,2.8229,2.2463,2.0421,1.4060,1.1790,2.4094,2.3459,1.8936,1.0480,2.7978,1.2684,1.4865,1.2100,1.1264,1.3719,1.3894,1.2700,1.4279,1.7260,1.5497,1.3673,1.3471,1.2989,1.3694,1.0230,1.2380,1.2350,1.1414,1.2819,1.3389,1.4122,1.7872,2.5510,1.2950,1.2021,1.6807,1.7765,1.2610,1.5225,25.6834,1.4843
2021-09-30,2.9580,3.8857,3.3903,2.0824,4.4461,6.1580,2.8036,5.7730,3.8330,1.8300,2.6639,5.3360,2.4550,2.5450,0.9560,3.0511,1.3813,3.0279,2.6981,2.2261,1.9494,1.4000,1.1740,2.4292,2.2581,1.8913,1.0570,2.7156,1.2683,1.4984,1.2140,1.1261,1.3771,1.3915,1.2717,1.4256,1.7030,1.5703,1.3673,1.3471,1.2713,1.3493,1.0230,1.2380,1.2330,1.1112,1.2819,1.3122,1.4088,1.7948,2.5710,1.3000,1.2164,1.7008,1.7496,1.2640,1.5443,25.9180,1.4584
2021-10-08,2.9210,3.8587,3.3467,2.0612,4.4757,6.1800,2.8164,5.7067,3.9330,1.8278,2.6639,5.3404,2.4220,2.4910,0.9560,3.0477,1.3896,2.9988,2.6434,2.2392,1.9501,1.4150,1.1880,2.3704,2.2489,1.9201,1.0560,2.6822,1.2687,1.5252,1.2170,1.1273,1.3758,1.3923,1.2723,1.4315,1.6990,1.5779,1.3645,1.3324,1.2524,1.3360,0.9790,1.1860,1.2330,1.1097,1.2473,1.2973,1.4119,1.8242,2.5720,1.2990,1.2387,1.7256,1.7711,1.2830,1.5533,25.7604,1.4460
2021-10-15,2.9460,3.8556,3.3973,2.0417,4.4704,6.1110,2.7797,5.7575,4.0640,1.8486,2.6902,5.4147,2.4760,2.4520,0.9820,3.0305,1.4143,2.9401,2.6236,2.2127,1.9362,1.4230,1.1910,2.3975,2.2088,1.9466,1.0600,2.7061,1.2686,1.5416,1.2170,1.1292,1.3745,1.3936,1.2733,1.4431,1.6870,1.5692,1.3545,1.3110,1.2450,1.3267,0.9980,1.1800,1.2320,1.0943,1.2461,1.2974,1.4139,1.8171,2.5940,1.3010,1.2421,1.7311,1.7602,1.2670,1.5780,26.0812,1.4533
2021-10-22,3.0180,3.8918,3.4860,2.0759,4.4218,6.1630,2.8037,5.8567,4.0150,1.8777,2.6551,5.4565,2.5090,2.4950,0.9780,2.9998,1.4263,2.9330,2.6418,2.2308,1.9182,1.4480,1.2110,2.4169,2.2218,1.9615,1.0670,2.7418,1.2663,1.5297,1.2190,1.1297,1.3771,1.3965,1.2775,1.4433,1.6810,1.5725,1.3533,1.3143,1.2566,1.3280,1.0000,1.1900,1.2300,1.1099,1.2646,1.3179,1.4038,1.8212,2.5930,1.3110,1.2406,1.6994,1.7547,1.2480,1.5401,26.5925,1.4954
2021-10-29,3.0450,3.9344,3.3326,2.1536,4.5433,6.0830,2.7694,5.7846,4.1260,1.8825,2.6488,5.4499,2.5430,2.4900,0.9790,3.0123,1.4283,2.8709,2.6388,2.1805,1.8793,1.4530,1.2120,2.4323,2.2149,2.0167,1.0650,2.7907,1.2644,1.5073,1.2170,1.1327,1.3784,1.3994,1.2791,1.4501,1.6700,1.5562,1.3520,1.3076,1.2509,1.3240,0.9700,1.1940,1.2300,1.1033,1.2674,1.3221,1.3827,1.8037,2.5490,1.3100,1.2294,1.6698,1.7255,1.2010,1.4978,26.7173,1.5412
2021-11-05,3.1690,3.9010,3.1851,2.1205,4.5506,5.9240,2.6970,5.7233,4.1550,1.8716,2.5774,5.3728,2.5210,2.4640,0.9780,3.0114,1.4443,2.8060,2.5855,2.1693,1.8455,1.4380,1.1990,2.3609,2.1708,2.0535,1.0610,2.8598,1.2660,1.5177,1.2180,1.1371,1.3797,1.4004,1.2799,1.4573,1.6610,1.5486,1.3484,1.2889,1.2266,1.3093,0.9600,1.1700,1.2310,1.1078,1.2198,1.2696,1.3677,1.8191,2.5750,1.3060,1.2397,1.6719,1.7204,1.2030,1.5014,27.8605,1.5038
2021-11-12,3.3100,3.9140,3.3347,2.1426,4.5728,5.9940,2.7282,5.9655,4.2580,1.8855,2.5836,5.4322,2.6190,2.4940,0.9650,3.0866,1.4493,2.8804,2.6692,2.2209,1.8836,1.4570,1.2140,2.4018,2.2499,2.0973,1.0610,2.9302,1.2660,1.5118,1.2160,1.1405,1.3823,1.4031,1.2827,1.4687,1.7170,1.5714,1.3545,1.2964,1.2470,1.3146,1.0150,1.1910,1.2410,1.1174,1.2256,1.2769,1.3682,1.8079,2.5250,1.3030,1.2318,1.6688,1.7331,1.2240,1.5043,27.8111,1.5406
2021-11-19,3.3450,3.9742,3.1849,2.1417,4.6541,6.0600,2.7575,6.0371,4.2570,1.9067,2.6212,5.4955,2.6290,2.5090,0.9760,3.0754,1.4652,2.8918,2.6860,2.2263,1.8952,1.4560,1.2160,2.4434,2.2424,2.1030,1.0600,2.9254,1.2686,1.5118,1.2160,1.1445,1.3862,1.4045,1.2838,1.4790,1.7060,1.5865,1.3547,1.2982,1.2550,1.3160,1.0250,1.2000,1.2440,1.1289,1.2044,1.2543,1.3572,1.8109,2.4970,1.3030,1.2340,1.6708,1.7420,1.2440,1.5081,28.1399,1.5634
2021-11-26,3.3510,3.9518,3.1022,2.1209,4.6837,6.0540,2.7545,6.3988,4.1340,1.8654,2.6488,5.3875,2.6120,2.5250,0.9680,3.0873,1.4303,2.9409,2.7362,2.2327,1.9067,1.4160,1.1820,2.4462,2.2575,2.1306,1.0630,2.9099,1.2676,1.5192,1.2160,1.1482,1.3875,1.4060,1.2855,1.4837,1.7020,1.6006,1.3602,1.3061,1.2715,1.3213,1.0430,1.2140,1.2540,1.1372,1.2253,1.2747,1.3731,1.7984,2.4900,1.3060,1.2259,1.6712,1.7413,1.2290,1.4891,28.0384,1.5646
2021-12-03,3.3180,3.9500,3.0623,2.1003,4.7027,6.1940,2.8093,6.1285,4.1190,1.8662,2.6463,5.4006,2.6779,2.5210,0.9770,3.1027,1.4153,2.9716,2.7164,2.2575,1.9321,1.4170,1.1810,2.4431,2.2963,2.1444,1.0630,2.9242,1.2703,1.5312,1.2170,1.1520,1.3888,1.4064,1.2862,1.4931,1.7300,1.5973,1.3628,1.3141,1.2595,1.3200,1.0370,1.2030,1.2500,1.1555,1.2321,1.2799,1.3714,1.8040,2.4830,1.3070,1.2299,1.6565,1.7515,1.2400,1.4735,28.0591,1.5955
2021-12-10,3.2220,3.9250,3.2564,2.1014,4.8262,6.3080,2.8701,6.1675,4.1570,1.9009,2.7203,5.4840,2.6234,2.5050,0.9920,3.1058,1.4323,2.9615,2.6768,2.2750,1.9339,1.4590,1.2170,2.4669,2.2923,2.1626,1.0630,2.9278,1.2708,1.5326,1.2220,1.1533,1.3888,1.4088,1.2874,1.5107,1.7640,1.5963,1.3457,1.2980,1.2394,1.3133,1.0210,1.1780,1.2410,1.1464,1.2145,1.2586,1.3759,1.8052,2.4700,1.3070,1.2310,1.6577,1.7439,1.2230,1.4727,28.7973,1.6328
2021-12-17,3.1760,3.9117,3.1047,2.0482,4.7185,6.1950,2.8182,5.9663,4.0540,1.8849,2.6400,5.3119,2.5688,2.4490,0.9730,3.0805,1.4093,2.9087,2.6388,2.2832,1.9060,1.4130,1.1810,2.3714,2.2668,2.1208,1.0710,2.8610,1.2713,1.5177,1.2240,1.1511,1.3888,1.4043,1.2833,1.4991,1.7540,1.5800,1.3420,1.2893,1.2172,1.3093,1.0170,1.1540,1.2270,1.1369,1.1771,1.2155,1.3847,1.7862,2.4900,1.3070,1.2183,1.6475,1.7226,1.2220,1.4687,28.7515,1.6024
2021-12-24,3.1280,3.8961,3.1281,2.0724,4.7776,6.1660,2.8048,5.9289,4.2280,1.8987,2.5824,5.3708,2.5302,2.4200,0.9960,3.1086,1.3903,2.8402,2.5734,2.3083,1.8942,1.4010,1.1750,2.3007,2.2504,2.1173,1.0690,2.8300,1.2748,1.5207,1.2230,1.1516,1.3888,1.4075,1.2852,1.5077,1.7080,1.5616,1.3441,1.2874,1.1971,1.3093,1.0130,1.1310,1.2030,1.1324,1.1288,1.1643,1.3921,1.7799,2.4920,1.3070,1.2135,1.6457,1.7162,1.2320,1.4821,28.8335,1.5761
2021-12-31,3.1540,3.9097,3.0504,2.0735,4.6900,6.2460,2.8348,6.0507,4.2760,1.8952,2.5912,5.4299,2.5847,2.4530,0.9730,3.0780,1.3733,2.9057,2.6190,2.3409,1.9354,1.4170,1.1890,2.3369,2.2990,2.1580,1.0700,2.7990,1.2709,1.5163,1.2230,1.1529,1.3901,1.4093,1.2872,1.5039,1.7450,1.5811,1.3468,1.2974,1.2109,1.3120,1.0270,1.1450,1.2291,1.1400,1.1483,1.1836,1.3964,1.7918,2.4910,1.3070,1.2219,1.6549,1.7462,1.2270,1.4823,29.2471,1.5681
2022-01-07,3.0410,3.8201,2.8222,2.0289,4.3078,6.0630,2.7532,5.6889,4.3870,1.8367,2.4282,5.2495,2.4562,2.3110,0.9150,2.9672,1.9636,2.7581,2.4851,2.3752,1.8828,1.3570,1.1440,2.1416,2.2628,2.0581,1.0730,2.7275,1.2765,1.5177,1.2280,1.1524,1.3875,1.4115,1.2890,1.5042,1.7050,1.5662,1.3384,1.2896,1.1733,1.3066,0.9990,1.1030,1.2109,1.1220,1.1150,1.1428,1.4125,1.7948,2.5040,1.3070,1.2259,1.6498,1.7260,1.2530,1.4692,28.3680,1.5038
2022-01-14,3.0460,3.7806,2.8613,2.0450,4.2814,5.9810,2.7221,5.8407,4.3270,1.8273,2.4157,5.2473,2.4221,2.3150,0.9090,2.8826,1.9587,2.7455,2.4775,2.3700,1.8862,1.3460,1.1330,2.1550,2.2472,2.0163,1.0780,2.7227,1.2769,1.5163,1.2250,1.1512,1.3888,1.4128,1.2901,1.5050,1.7060,1.5823,1.3450,1.2926,1.1795,1.3066,0.9980,1.1090,1.2562,1.1234,1.1253,1.1470,1.4358,1.8235,2.5140,1.3070,1.2449,1.6574,1.7422,1.2700,1.4639,28.3249,1.4922
2022-01-21,3.0510,3.7029,3.0171,2.0086,4.3659,6.0410,2.7505,5.9360,4.2530,1.8694,2.4031,5.1528,2.4085,2.2430,0.9170,2.7365,1.9560,2.6769,2.3831,2.3924,1.8541,1.3470,1.1330,2.1321,2.2081,2.0000,1.0700,2.6298,1.2768,1.5222,1.2200,1.1536,1.3875,1.4143,1.2918,1.5048,1.6960,1.5674,1.3346,1.2853,1.1502,1.3040,0.9810,1.0820,1.2189,1.1239,1.1183,1.1402,1.4692,1.8722,2.5160,1.3070,1.2780,1.6840,1.7638,1.2900,1.4869,29.0104,1.4956
2022-01-28,2.9150,3.5945,2.8925,1.9860,4.2434,5.8260,2.6473,5.5811,4.1670,1.7680,2.3367,4.9585,2.3199,2.1070,0.8760,2.6471,1.9419,2.5503,2.2568,2.2977,1.7785,1.2430,1.0500,2.0332,2.0793,1.9164,1.0770,2.5606,1.2728,1.5312,1.2460,1.1494,1.3888,1.4283,1.3002,1.4793,1.6220,1.5823,1.3429,1.2958,1.1452,1.3040,0.9500,1.0800,1.2438,1.1158,1.1268,1.1489,1.4725,1.8860,2.5220,1.3070,1.2982,1.6990,1.7481,1.2840,1.4775,28.2426,1.4441
2022-02-11,2.9070,3.5844,3.0268,1.9682,4.1156,5.8360,2.6506,5.6248,4.3230,1.7995,2.1674,5.0069,2.3130,2.0820,0.8920,2.6154,1.9410,2.5368,2.2269,2.3505,1.8048,1.2750,1.0770,1.8625,2.0978,1.8595,1.0720,2.4569,1.2780,1.5341,1.2260,1.1503,1.3888,1.4188,1.2957,1.5255,1.6090,1.5594,1.3406,1.2733,1.1150,1.3013,0.9530,1.0570,1.2143,1.1180,1.1133,1.1349,1.4849,1.9043,2.5130,1.3070,1.3099,1.7099,1.7719,1.3390,1.4918,28.8688,1.4208
2022-02-18,2.8900,3.5696,3.0247,1.9618,4.2613,5.9670,2.7087,5.6875,4.2850,1.8010,2.2402,5.0217,2.3471,2.1720,0.8800,2.6318,1.9506,2.6180,2.3245,2.3555,1.8533,1.3010,1.0950,1.9295,2.1747,1.8850,1.0680,2.5451,1.2745,1.5267,1.2230,1.1511,1.3875,1.4199,1.2963,1.5294,1.6440,1.5949,1.3573,1.2904,1.1424,1.3066,0.9780,1.0560,1.2109,1.1294,1.1274,1.1485,1.4776,1.8839,2.5250,1.3070,1.2960,1.6938,1.7801,1.3230,1.4933,28.8009,1.4821
2022-02-25,2.8620,3.6462,2.8856,1.9575,4.2233,5.9020,2.6794,5.5906,4.0950,1.7339,2.2502,4.9646,2.3221,2.2010,0.8530,2.6468,1.9605,2.6548,2.3513,2.3309,1.8786,1.2970,1.0880,1.9428,2.1828,1.8746,1.0670,2.5773,1.2584,1.5222,1.2240,1.1501,1.3901,1.4212,1.2974,1.5231,1.6500,1.6075,1.3649,1.2906,1.1529,1.3093,0.9910,1.0550,1.1996,1.1358,1.1271,1.1483,1.4778,1.9030,2.5210,1.3070,1.3231,1.7321,1.8186,1.3870,1.5199,29.7276,1.4727
2022-03-04,2.7750,3.6517,2.7622,1.9463,3.9889,5.7910,2.6303,5.4565,4.0580,1.6557,2.2013,4.8465,2.2449,2.1810,0.8470,2.6154,1.9692,2.6151,2.3292,2.3074,1.8587,1.2700,1.0650,1.8993,2.1868,1.7863,1.0640,2.4366,1.2565,1.5133,1.2230,1.1492,1.3849,1.4218,1.2970,1.5209,1.6710,1.6132,1.3621,1.2876,1.1479,1.3080,0.9900,1.0550,1.2019,1.1363,1.1204,1.1448,1.4900,1.9349,2.5420,1.3070,1.3399,1.7642,1.8212,1.4120,1.5283,30.1446,1.4366
2022-03-11,2.6790,3.6179,2.5795,1.9347,3.8211,5.5670,2.5307,5.1772,3.9210,1.5266,2.1474,4.5768,2.1517,2.1180,0.8230,2.6079,1.9824,2.5013,2.2678,2.2291,1.8071,1.2050,0.9910,1.8545,2.1305,1.7096,1.0630,2.3150,1.2633,1.4894,1.2230,1.1146,1.3849,1.4220,1.2987,1.4483,1.6690,1.6281,1.3776,1.3020,1.1561,1.3120,0.9740,1.0550,1.2143,1.1342,1.1304,1.1585,1.5141,1.9468,2.5900,1.3070,1.3505,1.8093,1.7972,1.4710,1.5278,29.3584,1.3973
2022-03-18,2.6350,3.6837,2.5542,1.9227,3.7799,5.5680,2.5326,5.3808,3.8740,1.5037,2.1649,4.5871,2.1494,2.0860,0.8270,2.6269,1.9686,2.4743,2.2536,2.1965,1.7834,1.1790,0.9780,1.8606,2.1192,1.7120,1.0630,2.3079,1.2737,1.4656,1.2260,1.1067,1.3901,1.4314,1.3060,1.3961,1.6600,1.6395,1.3734,1.3116,1.1635,1.3133,0.9640,1.0550,1.2189,1.1446,1.1426,1.1623,1.5206,1.9224,2.5660,1.3070,1.3347,1.7876,1.7629,1.4730,1.5084,28.9468,1.3673
2022-03-25,2.6290,3.6168,2.4523,1.9154,3.6975,5.4710,2.4894,5.3792,3.7700,1.4674,2.1750,4.4660,2.1199,2.0690,0.8370,2.6072,1.9724,2.4512,2.2426,2.2121,1.7793,1.1530,0.9540,1.8805,2.1222,1.6748,1.0630,2.2674,1.2732,1.4552,1.2270,1.1069,1.3914,1.4322,1.3074,1.4053,1.6530,1.6452,1.3774,1.3144,1.1659,1.3146,0.9630,1.0550,1.2291,1.1487,1.1491,1.1676,1.5340,1.9284,2.5470,1.3070,1.3384,1.8070,1.7623,1.5210,1.5061,29.0475,1.3607
2022-04-01,2.6200,3.6550,2.5213,1.8974,3.6849,5.5980,2.5499,5.4325,3.9000,1.5050,2.1900,4.5636,2.1396,2.0530,0.8570,2.6174,1.9748,2.4535,2.2757,2.2642,1.7862,1.1860,0.9830,1.8882,2.1339,1.6655,1.0630,2.2493,1.2777,1.4611,1.2270,1.1073,1.3953,1.4317,1.3059,1.4022,1.6630,1.6230,1.3663,1.3077,1.1514,1.3120,0.9590,1.0550,1.2257,1.1487,1.1376,1.1548,1.5257,1.9220,2.5160,1.3070,1.3375,1.7878,1.7640,1.4930,1.4922,29.0621,1.3747
2022-04-08,2.5710,3.6050,2.5213,1.8824,3.6109,5.5220,2.5160,5.3180,3.8430,1.4839,2.1587,4.5554,2.0972,1.9710,0.8660,2.5915,1.9650,2.3624,2.2069,2.2965,1.7512,1.1530,0.9590,1.8605,2.0868,1.6260,1.0630,2.1696,1.2784,1.4611,1.2280,1.1073,1.3967,1.4335,1.3072,1.4050,1.6280,1.6120,1.3764,1.3080,1.1413,1.3106,0.9480,1.0550,1.2313,1.1283,1.1354,1.1516,1.5285,1.9217,2.4980,1.3070,1.3372,1.7850,1.7439,1.4660,1.4912,28.4820,1.3652
