date,开元复权净值,永泰复权净值,永泰2号复权净值,永泰3号复权净值,永泰7号复权净值,晋商丰溢复权净值,集结号FOF复权净值,双全(证券端）复权净值,展恒展博复权净值,臻选MOM复权净值,臻选MOM2复权净值,臻选MOM3复权净值,安盈3号复权净值,安兴复权净值,明升一期复权净值,定增增强复权净值,先锋二号复权净值,先锋三号复权净值,永泰8号复权净值,永泰9号复权净值,永泰19号复权净值,永泰10号复权净值,永泰12号复权净值,永泰15号复权净值,永泰18号复权净值,永泰20号复权净值,永泰6号复权净值,慧选18号复权净值,建信信托-弘酬投资1期复权净值,外贸信托-弘酬精选FOF2期复权净值,华润深国投信托有限公司_弘酬添福FOF复权净值,山西信托·信创5号集合资金信托计划复权净值,外贸信托-百解10号证券投资集合资金信托计划复权净值
2015-04-30,1.1270,1.2450,0.9998,1.0000,,,,,,,,,,,,,,,,,,,,,,,,,,,,,
2015-05-08,1.1150,1.2110,0.9990,1.0371,,,,,,,,,,,,,,,,,,,,,,,,,,,,,
2015-05-15,1.1260,1.2430,1.0063,1.0956,,,,,,,,,,,,,,,,,,,,,,,,,,,,,
2015-05-22,1.1800,1.3220,1.0703,1.1574,,,,,,,,,,,,,,,,,,,,,,,,,,,,,
2015-05-29,1.1810,1.3250,1.0631,1.1661,,,,,,,,,,,,,,,,,,,,,,,,,,,,,
2015-06-05,1.2240,1.3840,1.1654,1.2208,,,,,,,,,,,,,,,,,,,,,,,,,,,,,
2015-06-12,1.2410,1.3940,1.2111,1.1994,,,,,,,,,,,,,,,,,,,,,,,,,,,,,
2015-06-19,1.1830,1.2714,1.0941,1.1639,,,,,,,,,,,,,,,,,,,,,,,,,,,,,
2015-06-21,1.1830,1.2714,1.0940,1.1638,,,,,,,,,,,,,,,,,,,,,,,,,,,,,
2015-06-26,1.1700,1.2178,1.0442,1.0984,,,,,,,,,,,,,,,,,,,,,,,,,,,,,
2015-06-30,1.1790,1.2357,1.0366,1.1080,,,,,,,,,,,,,,,,,,,,,,,,,,,,,
2015-07-03,1.1460,1.1265,0.9485,1.0053,,,,,,,,,,,,,,,,,,,,,,,,,,,,,
2015-07-10,1.1690,1.1484,0.9278,0.9454,,,,,,,,,,,,,,,,,,,,,,,,,,,,,
2015-07-17,1.1880,1.1801,0.9525,0.9698,,,,,,,,,,,,,,,,,,,,,,,,,,,,,
2015-07-24,1.1990,1.1970,0.9753,0.9806,,,,,,,,,,,,,,,,,,,,,,,,,,,,,
2015-07-31,1.1870,1.1295,0.9364,0.9516,,,,,,,,,,,,,,,,,,,,,,,,,,,,,
2015-08-07,1.1980,1.1652,0.9469,0.9595,,,,,,,,,,,,,,,,,,,,,,,,,,,,,
2015-08-14,1.1960,1.1881,0.9701,0.9708,,,,0.9991,,,,,,,,,,,,,,,,,,,,,,,,,
2015-08-21,1.1840,1.0908,0.9402,0.9542,,,,0.9986,,,,,,,,,,,,,,,,,,,,,,,,,
2015-08-28,1.1790,1.0729,0.9210,0.9381,,,,0.9946,,,,,,,,,,,,,,,,,,,,,,,,,
2015-08-31,1.1780,1.0690,0.9209,0.9326,,,1.0000,0.9946,,,,,,,,,,,,,,,,,,,,,,,,,
2015-09-02,1.1780,1.0690,0.9209,0.9325,,1.0000,0.9999,0.9946,,,,,,,,,,,,,,,,,,,,,,,,,
2015-09-07,1.1750,1.0283,0.8974,0.9195,,1.0000,0.9999,0.9924,,,,,,,,,,,,,,,,,,,,,,,,,
2015-09-11,1.1750,1.0402,0.9113,0.9180,,0.9999,1.0028,0.9878,,,,,,,,,,,,,,,,,,,,,,,,,
2015-09-18,1.1690,1.0054,0.8755,0.9137,,1.0001,0.9945,0.9861,,,,,,,,,,,,,,,,,,,,,,,,,
2015-09-25,1.1680,0.9955,0.8758,0.9141,,1.0005,0.9949,0.9910,,,,,,,,,,,,,,,,,,,,,,,,,
2015-09-30,1.1700,0.9955,0.8757,0.9132,,1.0007,0.9945,0.9912,,,,,,,,,,,,,,,,,,,,,,,,,
2015-10-09,1.1740,1.0362,0.8857,0.9095,,1.0010,0.9971,0.9894,,,,,,,,,,,,,,,,,,,,,,,,,
2015-10-16,1.1840,1.0858,0.8990,0.9017,,1.0026,1.0003,0.9921,,,,,,,,,,,,,,,,,,,,,,,,,
2015-10-23,1.1890,1.0997,0.9115,0.9046,,1.0033,1.0031,0.9958,,,,,,,,,,,,,,,,,,,,,,,,,
2015-10-30,1.1850,1.0888,0.9068,0.9136,,1.0038,1.0002,0.9969,,,,,,,,,,,,,,,,,,,,,,,,,
2015-11-01,1.1850,1.0888,0.9068,0.9136,,1.0037,1.0002,0.9969,,,,,,,,,,,,,,,,,,,,,,,,,
2015-11-06,1.1940,1.1236,0.9183,0.9394,,1.0098,1.0175,1.0063,,,,,,,,,,,,,,,,,,,,,,,,,
2015-11-13,1.1980,1.1126,0.9182,0.9570,,1.0154,1.0183,1.0145,,,,,,,,,,,,,,,,,,,,,,,,,
2015-11-20,1.2120,1.1404,0.9266,0.9785,,1.0226,1.0261,1.0260,,,,,,,,,,,,,,,,,,,,,,,,,
2015-11-27,1.2020,1.0977,0.9137,0.9692,,1.0185,1.0141,1.0170,,,,,,,,,,,,,,,,,,,,,,,,,
2015-11-30,1.2040,1.0977,0.9136,0.9755,,1.0209,1.0159,1.0170,,,,,,,,,,,,,,,,,,,,,,,,,
2015-12-04,1.2110,1.1345,0.9220,0.9726,,1.0205,1.0277,1.0559,,,,,,,,,,,,,,,,,,,,,,,,,
2015-12-11,1.2040,1.1176,0.9101,0.9612,,1.0167,1.0148,1.0430,,,,,,,,,,,,,,,,,,,,,,,,,
2015-12-18,1.2130,1.1454,0.9333,1.0020,,1.0207,1.0356,1.0640,,,,,,,,,,,,,,,,,,,,,,,,,
2015-12-25,1.2160,1.1672,0.9470,1.0016,,1.0190,1.0467,1.0403,,,,,,,,,,,,,,,,,,,,,,,,,
2015-12-31,1.2130,1.1583,0.9323,0.9884,,1.0188,1.0335,1.0381,1.0000,,,,,,,,,,,,,,,,,,,,,,,,
2016-01-08,1.1950,1.0700,0.8748,0.9044,,1.0098,0.9629,1.0081,0.8894,,,,,,,,,,,,,,,,,,,,,,,,
2016-01-15,1.1750,0.9856,0.8199,0.8819,,1.0060,0.9179,0.9974,0.8734,,,,,,,,,,,,,,,,,,,,,,,,
2016-01-22,1.1750,0.9826,0.8217,0.8831,,1.0062,0.9178,0.9982,0.8736,,,,,,,,,,,,,,,,,,,,,,,,
2016-01-29,1.1630,0.9508,0.7963,0.8787,,1.0010,0.9022,0.9907,0.8723,,,,,,,,,,,,,,,,,,,,,,,,
2016-01-31,1.1620,0.9508,0.7963,0.8786,,1.0009,0.9021,0.9907,0.8723,,,,,,,,,,,,,,,,,,,,,,,,
2016-02-05,1.1670,0.9737,0.8020,0.8786,,1.0061,0.9064,0.9941,0.8731,,,,,,,,,,,,,,,,,,,,,,,,
2016-02-15,1.1670,0.9737,0.8020,0.8784,,1.0058,0.9061,0.9941,0.8731,,,,,,,,,,,,,,,,,,,,,,,,
2016-02-19,1.1700,0.9965,0.8137,0.8827,,1.0081,0.9148,0.9941,0.8746,,,,,,,,,,,,,,,,,,,,,,,,
2016-02-26,1.1660,0.9568,0.7994,0.8815,,1.0063,0.9019,0.9916,0.8746,,,,,,,,,,,,,,,,,,,,,,,,
2016-02-29,1.1650,0.9568,0.7993,0.8806,,1.0055,0.9014,0.9916,0.8746,,,,,,,,,,,,,,,,,,,,,,,,
2016-03-04,1.1670,0.9558,0.7973,0.8785,,1.0065,0.9015,0.9966,0.8560,,,,,,,,,,,,,,,,,,,,,,,,
2016-03-11,1.1720,0.9340,0.7943,0.8798,,1.0136,0.9030,1.0011,0.8190,,,,,,,,,,,,,,,,,,,,,,,,
2016-03-18,1.1820,0.9945,0.8009,0.8886,,1.0210,0.9185,1.0089,0.9150,,,,,,,,,,,,,,,,,,,,,,,,
2016-03-25,1.1810,1.0035,0.8148,0.8936,,1.0204,0.9208,1.0061,0.9730,,,,,,,,,,,,,,,,,,,1.0000,,,,,
2016-03-31,1.1810,1.0074,0.8146,0.8934,,1.0207,0.9225,1.0061,0.9730,,,,,,,,,,,,,,,,,,,1.0000,,,,,
2016-04-01,1.1870,1.0134,0.8342,0.8940,,1.0220,0.9319,1.0120,0.9930,,,,,,,,,,,,,,,,,,,1.0000,,,,,
2016-04-08,1.1860,1.0253,0.8339,0.8927,,1.0223,0.9344,1.0096,0.9990,,,,,,,,,,,,,,,,,,,1.0000,,,,,
2016-04-15,1.1920,1.0432,0.8400,0.8930,,1.0250,0.9387,1.0136,1.0300,,,,,,,,,,,,,,,,,,,1.0010,,,,,
2016-04-22,1.1940,1.0064,0.8275,0.8901,,1.0293,0.9369,1.0244,0.9640,,,,,,,,,,,,,,,,,,,1.0060,,,,,
2016-04-29,1.1900,1.0005,0.8270,0.8897,,1.0265,0.9348,1.0221,0.9400,,,,,,,,,,,,,,,,,,,1.0030,,,,,
2016-04-30,1.1900,1.0005,0.8270,0.8896,,1.0265,0.9347,1.0221,0.9400,,,,,,,,,,,,,,,,,,,1.0030,,,,,
2016-05-06,1.1830,0.9915,0.8246,0.8881,,1.0221,0.9269,1.0145,0.9300,,,,,,,,,,,,,,,,,,,1.0000,,,,,
2016-05-13,1.1840,0.9796,0.8220,0.8885,,1.0193,0.9280,1.0134,0.8400,,,,,,,,,,,,,,,,,,,0.9980,,,,,
2016-05-20,1.1890,0.9786,0.8216,0.8889,,1.0221,0.9274,1.0166,0.8420,,,,,,,,,,,,,,,,,,,0.9980,,,,,
2016-05-27,1.1860,0.9737,0.8218,0.8885,,1.0202,0.9253,1.0136,0.8530,,,,,,,,,,,,,,,,,,,0.9980,,,,,
2016-05-31,1.1900,1.0005,0.8236,0.8902,,1.0219,0.9280,1.0136,0.8530,,,,,,,,,,,,,,,,,,,0.9980,,,,,
2016-06-03,1.1950,1.0134,0.8246,0.8946,,1.0240,0.9286,1.0214,0.8940,,,,,,,,,,,,,,,,,,,0.9990,,,,,
2016-06-08,1.1950,1.0114,0.8236,0.8905,,1.0244,0.9294,1.0205,0.8900,,,,,,,,,,,,,,,,,,,0.9990,,,,,
2016-06-17,1.1910,1.0104,0.8191,0.8941,,1.0213,0.9220,1.0169,0.9050,,,,,,,,,,,,,,,,,,,0.9960,,,,,
2016-06-24,1.1940,1.0054,0.8172,0.8882,,1.0224,0.9214,1.0176,0.8970,,,,,,,,,,,,,,,,,,,0.9960,,,,,
2016-06-30,1.1950,1.0213,0.8161,0.8881,,1.0233,0.9213,1.0176,0.8970,,,,,,,,,,,,,,,,,,,0.9960,,,,,
2016-07-01,1.2100,1.0193,0.8207,0.8884,,1.0327,0.9334,1.0353,0.9320,,,,,,,,,,,,,,,,,,,1.0030,,,,,
2016-07-08,1.2140,1.0372,0.8250,0.8978,,1.0344,0.9313,1.0386,0.9600,,,,,,,,,,,,,,,,,,,1.0020,,,,,
2016-07-15,1.2260,1.0729,0.8331,0.8954,,1.0420,0.9468,1.0498,0.9720,,,,,,,,,,,,,,,,,,,1.0080,,,,,
2016-07-22,1.2130,1.0650,0.8262,0.8952,,1.0334,0.9389,1.0386,0.9200,,,,,,,,1.0000,,,,,,,,,,,1.0010,,,,,
2016-07-29,1.2130,1.0769,0.8300,0.8743,,1.0326,0.9371,1.0360,0.8810,,,,,,,,0.9999,0.9999,,,,,,,,,,1.0020,,,,,
2016-07-31,1.2130,1.0769,0.8299,0.8742,,1.0325,0.9370,1.0360,0.8810,,,,,,,,0.9999,0.9999,,,,,,,,,,1.0020,,,,,
2016-08-05,1.2160,1.0700,0.8285,0.8769,,1.0363,0.9384,1.0394,0.8810,,,,,,,,0.9997,0.9998,,,,,,,,,,1.0040,,,,,
2016-08-12,1.2190,1.0868,0.8379,0.8760,,1.0365,0.9402,1.0444,0.8590,,,,,,,,0.9996,0.9949,,,,,,,,,,1.0050,,,,,
2016-08-19,1.2230,1.1057,0.8448,0.8829,,1.0402,0.9473,1.0473,0.8970,,,,,,,,0.9997,0.9948,,,,,,,,,,1.0090,,,,,
2016-08-26,1.2180,1.1176,0.8411,0.8770,,1.0370,0.9436,1.0446,0.8640,0.9999,,,,,,,0.9996,0.9942,,,,,,,,,,1.0070,,,,,
2016-08-31,1.2170,1.1166,0.8401,0.8768,,1.0365,0.9435,1.0444,0.8640,0.9997,,,,,,,0.9996,0.9942,,,,,,,,,,1.0070,,,,,
2016-09-02,1.2120,1.1325,0.8420,0.8717,,1.0335,0.9441,1.0395,0.8600,0.9995,,,,,,,0.9999,0.9944,,,,,,,,,,1.0040,,,,,
2016-09-09,1.2130,1.1543,0.8426,0.8729,,1.0346,0.9441,1.0363,0.8730,0.9991,,,,,,,0.9982,0.9979,,,,,,,,,,1.0040,,,,,
2016-09-14,1.2040,1.1345,0.8327,0.8606,,1.0280,0.9349,1.0264,0.8420,0.9988,,,,,,,0.9982,0.9979,,,,,,,,,,1.0010,,,,,
2016-09-23,1.2090,1.1533,0.8423,0.8672,,1.0323,0.9434,1.0335,0.8410,0.9995,,,,,,,0.9992,0.9980,,,,,,,,,,1.0020,,,,,
2016-09-30,1.2110,1.1494,0.8418,0.8656,,1.0330,0.9441,1.0289,0.8436,1.0029,,,,,,0.9999,0.9978,0.9980,,,,,,,,,,1.0010,,,,,
2016-10-14,1.2190,1.1752,0.8471,0.8744,,1.0356,0.9505,1.0412,0.8543,1.0024,,,,,,0.9994,0.9943,0.9992,,,,,,,,,,1.0060,,,,,
2016-10-21,1.2250,1.1781,0.8469,0.8749,,1.0403,0.9571,1.0482,0.8564,1.0023,,,,,,0.9992,0.9979,0.9997,,,,,,,,,,1.0070,,,,,
2016-10-28,1.2330,1.1692,0.8453,0.8727,,1.0497,0.9625,1.0574,0.8544,0.9998,,,,,,0.9976,0.9972,0.9942,,,,,,,,,,1.0140,,,,,
2016-10-31,1.2330,1.1692,0.8452,0.8726,,1.0499,0.9624,1.0572,0.8544,1.0002,,,,,,0.9976,0.9972,0.9942,,,,,,,,,,1.0140,,,,,
2016-11-04,1.2360,1.1563,0.8436,0.8708,,1.0554,0.9645,1.0587,0.8524,1.0004,,,,,,1.0018,0.9984,0.9908,,,,,,,,,,1.0190,,,,,
2016-11-11,1.2600,1.1523,0.8449,0.8781,,1.0762,0.9859,1.0839,0.8624,1.0108,,,,,,1.0179,0.9991,0.9904,,,,,,,,,,1.0360,,,,,
2016-11-18,1.2470,1.1593,0.8451,0.8730,,1.0662,0.9748,1.0723,0.8554,1.0064,,,,,,1.0079,0.9959,0.9877,,,,,,,,,,1.0280,,,,,
2016-11-25,1.2570,1.1603,0.8563,0.8772,,1.0711,0.9867,1.0826,0.8607,1.0148,,,,,,0.9970,0.9979,0.9860,,,,,,,,,,1.0330,,,,,
2016-11-30,1.2570,1.1603,0.8562,0.8771,,1.0707,0.9865,1.0826,0.8607,1.0107,,,,,,0.9970,0.9979,0.9860,,,,,,,,,,1.0330,,,,,
2016-12-02,1.2490,1.1484,0.8497,0.8599,,1.0628,0.9693,1.0732,0.8405,1.0086,,,,,,0.9807,0.9935,0.9847,,,,,,,,,,1.0260,,,,,
2016-12-09,1.2550,1.1603,0.8618,0.8544,,1.0666,0.9765,1.0768,0.8327,1.0141,,,,,,0.9746,0.9914,0.9788,,,,,,,,,,1.0280,,,,,
2016-12-16,1.2470,1.1265,0.8342,0.8234,,1.0583,0.9562,1.0667,0.7966,1.0101,,,,,,0.9161,0.9799,0.9551,,,,,,,,,,1.0240,,,,,
2016-12-23,1.2340,1.1265,0.8272,0.8142,,1.0454,0.9510,1.0533,0.7857,1.0077,,,,,,0.9120,0.9788,0.9607,,,,,,,,,,1.0240,,,,,
2016-12-30,1.2330,1.1315,0.8282,0.8134,,1.0427,0.9515,1.0533,0.7862,1.0077,,,,,,0.9143,0.9805,0.9612,,,,,,,,,,1.0240,,,,,
2016-12-31,1.2330,1.1315,0.8282,0.8134,,1.0427,0.9515,1.0533,0.7862,1.0077,,,,,,0.9143,0.9805,0.9612,,,,,,,,,,1.0240,,,,,
2017-01-06,1.2330,1.1444,0.8341,0.8184,,1.0444,0.9496,1.0549,0.7911,1.0130,,,,,,0.9194,0.9861,0.9743,,,,,,,,,,1.0150,,,,,
2017-01-13,1.2260,1.1424,0.8350,0.8138,,1.0441,0.9500,1.0531,0.7866,1.0072,,,,,,0.8877,0.9881,0.9633,,,,,,,,,,1.0150,,,,,
2017-01-20,1.2230,1.1633,0.8423,0.8145,,1.0416,0.9559,1.0521,0.7864,1.0088,,,,,,0.8857,0.9865,0.9511,,,,,,,,,,1.0150,,,,,
2017-01-26,1.2310,1.1662,0.8497,0.8229,,1.0495,0.9676,1.0521,0.7864,1.0133,,,,,,0.8857,0.9865,0.9511,,,,,,,,,,1.0150,,,,,
2017-01-31,1.2300,1.1662,0.8496,0.8227,,1.0494,0.9675,1.0521,0.7864,1.0133,,,,,,0.8857,0.9865,0.9511,,,,,,,,,,1.0150,,,,,
2017-02-03,1.2250,1.1692,0.8492,0.8208,,1.0410,0.9651,1.0555,0.7915,1.0073,,,,,,0.8939,0.9890,0.9621,,,,,,,,,,1.0150,,,,,
2017-02-10,1.2280,1.1851,0.8543,0.8266,,1.0472,0.9762,1.0607,0.7989,1.0147,,,,,,0.9050,0.9925,0.9693,,,,,,,,,,1.0150,,,,,
2017-02-17,1.2330,1.1891,0.8597,0.8303,,1.0531,0.9792,1.0654,0.8035,1.0168,,,,,,0.8969,0.9940,0.9719,,,,,,,,,,1.0110,,,,,
2017-02-24,1.2400,1.2159,0.8695,0.8370,,1.0618,0.9841,1.0725,0.8091,1.0285,,,,,,0.9072,0.9972,0.9782,,,,,,,,,,1.0110,,,,,
2017-02-28,1.2400,1.2159,0.8694,0.8369,,1.0617,0.9840,1.0725,0.8091,1.0253,,,,,,0.9072,0.9972,0.9782,,,,,,,,,,1.0110,,,,,
2017-03-03,1.2360,1.2109,0.8622,0.8315,,1.0570,0.9771,1.0682,0.8037,1.0193,,,,,,0.9044,0.9970,0.9757,,,,,,,,,,1.0110,,,,,
2017-03-10,1.2370,1.2258,0.8717,0.8326,,1.0559,0.9762,1.0670,0.8037,1.0280,,,,,,0.9090,0.9945,0.9745,,,,,,,,,,1.0150,,,,,
2017-03-17,1.2360,1.2347,0.8694,0.8327,,1.0585,0.9792,1.0673,0.8037,1.0308,,,,,,0.9128,0.9968,0.9814,,,,,,,,,,1.0180,,,,,
2017-03-24,1.2440,1.2675,0.8843,0.8361,,1.0633,0.9825,1.0684,0.8037,1.0468,,,,,,0.9177,0.9978,0.9793,,,,,,,,,,1.0180,,,,,
2017-03-31,1.2420,1.2476,0.8792,0.8322,,1.0586,0.9763,1.0672,0.8037,1.0386,,,,,,0.9054,0.9982,0.9704,,,,,,,,,,1.0190,,,,,
2017-04-07,1.2510,1.2605,0.8859,0.8370,,1.0677,0.9795,1.0851,0.8025,1.0521,,,,,,0.9220,1.0019,0.9827,,,,,,,,,,1.0250,,,,,
2017-04-14,1.2440,1.2526,0.8733,0.8266,,1.0661,0.9587,1.0902,0.8025,1.0521,,,,,,0.9193,1.0045,0.9849,,,,,,,,,,1.0200,,,,,
2017-04-21,1.2470,1.2675,0.8801,0.8232,,1.0665,0.9548,1.0871,0.8025,1.0521,,,,,,0.9132,1.0018,0.9598,,,,,,,,,,1.0180,,,,,
2017-04-28,1.2400,1.2446,0.8716,0.8198,,1.0594,0.9556,1.0827,0.7853,1.0416,,,,,,0.9148,1.0007,0.9508,,,,,,,,,,1.0150,,,,,
2017-04-30,1.2400,1.2446,0.8716,0.8197,,1.0593,0.9556,1.0827,0.7853,1.0416,,,,,,0.9148,1.0007,0.9508,,,,,,,,,,1.0150,,,,,
2017-05-05,1.2340,1.2278,0.8669,0.8150,,1.0478,0.9513,1.0767,0.7786,1.0411,,,,,,0.9076,0.9969,0.9458,,,,,,,,,,1.0110,,,,,
2017-05-12,1.2350,1.2208,0.8804,0.8288,,1.0418,0.9522,1.0808,0.7965,1.0484,,,,,,0.8901,0.9953,0.9326,,,,,,,,,,1.0120,,,,,
2017-05-19,1.2430,1.2456,0.8861,0.8246,,1.0639,0.9548,1.0859,0.7907,1.0451,,,,,,0.8971,0.9975,0.9352,,,,,,,,,,1.0100,,,,,
2017-05-26,1.2460,1.2377,0.9010,0.8415,,1.0687,0.9641,1.0787,0.7907,1.0444,,,,,,0.8863,0.9999,0.9295,,,,,,,,,,1.0130,,,,,
2017-05-31,1.2460,1.2377,0.9009,0.8414,,1.0686,0.9639,1.0787,0.7907,1.0437,,,,,,0.8863,0.9999,0.9295,,,,,,,,,,1.0130,,,,,
2017-06-02,1.2470,1.2387,0.9034,0.8419,,1.0639,0.9593,1.0782,0.8156,1.0517,,,,,,0.8763,1.0004,0.9235,,,,,,,,,,1.0170,,,,,
2017-06-09,1.2540,1.2963,0.9163,0.8593,,1.0653,0.9706,1.0805,0.8302,1.0713,,,,,,0.8911,1.0051,0.9392,,,,,,,,,,1.0180,,,,,
2017-06-16,1.2470,1.2833,0.9006,0.8475,,1.0654,0.9640,1.0768,0.8167,1.0624,,,,,,0.8920,1.0010,0.9421,,,,,,,,,,1.0140,,,,,
2017-06-23,1.2560,1.3161,0.9172,0.8730,,1.0647,0.9774,1.0858,0.8496,1.0714,,,,,,0.8900,1.0066,0.9466,,,,,,,,,,1.0190,,,,,
2017-06-30,1.2630,1.3320,0.9233,0.8769,,1.0686,0.9845,1.0940,0.8555,1.0718,,,,,,0.8956,1.0085,0.9554,,,,,,,,,,1.0220,,,,,
2017-07-07,1.2610,1.3300,0.9222,0.8843,,1.0725,0.9923,1.0979,0.8612,1.0779,,,,,,0.8981,1.0081,0.9610,,,,,,,,,,1.0220,,,,,
2017-07-14,1.2700,1.3310,0.9324,0.9107,,1.0838,1.0036,1.1097,0.9020,1.0792,,,,,,0.8903,1.0128,0.9561,,,,,,,,,,1.0280,,,,,
2017-07-21,1.2750,1.3310,0.9304,0.9177,,1.0858,1.0025,1.1124,0.9108,1.0856,,,,,,0.8799,1.0176,0.9555,,,,,,,,,,1.0350,,,,,
2017-07-28,1.2750,1.3330,0.9353,0.9129,,1.0828,1.0039,1.1049,0.9058,1.0831,,,,,,0.8868,1.0171,0.9548,,,,,,,,,,1.0370,,,,,
2017-07-31,1.2750,1.3330,0.9352,0.9128,,1.0826,1.0038,1.1049,0.9058,1.0868,,,,,,0.8868,1.0171,0.9548,,,,,,,,,,1.0370,,,,,
2017-08-04,1.2860,1.3231,0.9333,0.9117,,1.0966,1.0079,1.1050,0.9036,1.0832,,,,,,0.8829,1.0166,0.9544,,,,,,,,,,1.0440,,,,,
2017-08-11,1.2830,1.3320,0.9221,0.8903,,1.0868,1.0015,1.1050,0.8778,1.0655,,,,,,0.8807,1.0124,0.9545,,,,,,,,,,1.0390,,,,,
2017-08-18,1.2900,1.3628,0.9361,0.9024,,1.0890,1.0115,1.1085,0.8880,1.0825,,,,,,0.8943,1.0127,0.9568,,,,,,,,,,1.0450,,,,,
2017-08-25,1.3050,1.3637,0.9568,0.9274,,1.0943,1.0344,1.1237,0.9270,1.0873,,,,,,0.8957,1.0140,0.9568,,,,,,,,,,1.0570,,,,,
2017-08-31,1.3050,1.3628,0.9566,0.9272,,1.0943,1.0342,1.1234,0.9269,1.1077,,,,,,0.8957,1.0140,0.9568,,,,,,,,,,1.0570,,,,,
2017-09-01,1.3110,1.3757,0.9660,0.9517,,1.1071,1.0390,1.1281,0.9477,1.1118,,,,,,0.8963,1.0165,0.9596,,,,,,,,,,1.0600,,,,,
2017-09-08,1.3080,1.3846,0.9723,0.9517,,1.1109,1.0346,1.1302,0.9456,1.1144,,,,,,0.8990,1.0150,0.9605,,,,,,,,,,1.0620,,,,,
2017-09-15,1.3000,1.3836,0.9667,0.9542,,1.1061,1.0296,1.1243,0.9459,1.1196,,,,,,0.9014,1.0190,0.9617,,,,,,,,,,1.0570,,,,,
2017-09-22,1.3040,1.3806,0.9769,0.9616,,1.1046,1.0259,1.1229,0.9473,1.1405,,,,,,0.8991,1.0239,0.9638,,,,,,,,,,1.0620,,,,,
2017-09-29,1.3160,1.3896,0.9792,0.9630,,1.1139,1.0258,1.1246,0.9465,1.1482,,,,,,0.8989,1.0180,0.9654,,,,,,,,,,1.0660,,,,,
2017-10-13,1.3250,1.4173,0.9948,0.9718,,1.1198,1.0368,1.1310,0.9555,1.1589,,,,,,0.9051,1.0276,0.9716,,,,,,,,,,1.0690,,,,,
2017-10-20,1.3260,1.4213,0.9952,0.9735,,1.1235,1.0427,1.1346,0.9617,1.1555,,,,,,0.8917,1.0268,0.9759,,,,,,,,,,1.0640,,,,,
2017-10-27,1.3360,1.4481,1.0075,0.9877,,1.1272,1.0505,1.1406,0.9816,1.1688,,,,,,0.8937,1.0334,0.9799,,,,,,,,,,1.0650,,,,,
2017-10-31,1.3360,1.4481,1.0074,0.9876,,1.1273,1.0505,1.1406,0.9816,1.1768,,,,,,0.8937,1.0334,0.9799,,,,,,,,,,1.0650,,,,,
2017-11-03,1.3370,1.4332,1.0116,0.9828,,1.1224,1.0481,1.1345,0.9637,1.1751,,,,,,0.8793,1.0299,0.9771,,,,,,,,,,1.0600,,,,,
2017-11-10,1.3540,1.4819,1.0347,1.0143,,1.1196,1.0764,1.1455,1.0009,1.2187,,,,,,0.8924,1.0406,0.9835,,,,,,,,,,1.0670,,,,,
2017-11-17,1.3540,1.4609,1.0391,1.0128,,1.1173,1.0720,1.1399,1.0004,1.2132,,,,,,0.8822,1.0457,0.9865,,,,,,,,,,1.0670,,,,,
2017-11-24,1.3487,1.4432,1.0391,1.0026,,1.1139,1.0747,1.1403,0.9890,1.2017,,,,,,0.8753,1.0345,0.9746,,,,,,,,,,1.0660,,,,,
2017-11-30,1.3296,1.4168,1.0151,0.9700,,1.1138,1.0615,1.1403,0.9890,1.1706,,,,,,0.8753,1.0345,0.9746,,,,,,,,,,1.0660,,,,,
2017-12-01,1.3285,1.4157,1.0134,0.9678,,1.1154,1.0464,1.1176,0.9329,1.1747,,,,,,0.8770,1.0225,0.9672,,,,,,,,,,1.0530,,,,,
2017-12-08,1.3242,1.4112,1.0074,0.9706,,1.1051,1.0524,1.1159,0.9456,1.1656,,,,,,0.8739,1.0165,0.9657,,,,,,,,,,1.0490,,,,,
2017-12-15,1.3264,1.4145,1.0061,0.9680,,1.1082,1.0450,1.1106,0.9321,1.1758,,,,,,0.8762,1.0299,0.9707,,,,,,,,,,1.0490,,,,,
2017-12-22,1.3508,1.4311,1.0261,0.9875,,1.1208,1.0650,1.1249,0.9509,1.1941,,,,,,0.8724,1.0337,0.9759,,,,,,,,,,1.0630,,,,,
2017-12-29,1.3444,1.4256,1.0337,0.9896,,1.1170,1.0531,1.1218,0.9451,1.2056,,,,,,0.8680,1.0308,0.9699,,,,,,,,,,1.0670,,,,,
2017-12-31,1.3444,1.4256,1.0336,0.9895,,1.1169,1.0530,1.1218,0.9451,1.2056,,,,,,0.8680,1.0308,0.9699,,,,,,,,,,1.0670,,,,,
2018-01-05,1.3604,1.4510,1.0578,1.0140,,1.1356,1.0719,1.1349,0.9717,1.2249,,,,,,0.8743,1.0432,0.9771,,,,,,,,,,1.0740,,,,,
2018-01-12,1.3721,1.4554,1.0661,1.0267,,1.1327,1.0925,1.1386,0.9921,1.2235,,,,,,0.8759,1.0433,0.9766,,,,,,,,,,1.0760,,,,,
2018-01-19,1.3689,1.4410,1.0722,1.0388,,1.1303,1.0953,1.1392,1.0105,1.2251,,,,,,0.8605,1.0457,0.9757,,,,,,,,,,1.0750,,,,,
2018-01-26,1.3806,1.4653,1.0892,1.0564,,1.1441,1.1114,1.1538,1.0284,1.2595,,,,,,0.8645,1.0531,0.9811,,,,,,,,,,1.0850,,,,,
2018-02-02,1.3678,1.4134,1.0904,1.0553,,1.1337,1.1042,1.1538,1.0298,1.2478,,,,,,0.8422,1.0413,0.9723,,,,,,,,,,1.0840,,,,,
2018-02-09,1.2924,1.2855,0.9991,1.0222,,1.0830,1.0632,1.1024,0.9182,1.1829,,,,,,0.8194,1.0248,0.9594,,,,,,,,,,1.0490,,,,,
2018-02-14,1.3136,1.3351,1.0273,1.0347,,1.0832,1.0827,1.1173,0.9182,1.2079,,,,,,0.8194,1.0248,0.9594,,,,,,,,,,1.0600,,,,,
2018-02-23,1.3391,1.3671,1.0457,1.0431,,1.1194,1.0958,1.1279,0.9607,1.2246,,,,,,0.8389,1.0339,0.9641,,,,,,,,,,1.0710,,,,,
2018-02-28,1.3253,1.3814,1.0309,1.0406,,1.1194,1.0929,1.1216,0.9607,1.2215,,,,,,0.8389,1.0339,0.9641,,,,,,,,,,1.0710,,,,,
2018-03-02,1.3274,1.3770,1.0266,1.0366,,1.1273,1.0924,1.1254,0.9105,1.2121,,,,,,0.8462,1.0391,0.9433,,,,,,,,,,1.0630,,,,,
2018-03-09,1.3444,1.4168,1.0410,1.0426,,1.1327,1.0987,1.1299,0.9312,1.2263,,,,,,0.8603,1.0429,0.9445,,,,,,,,,,1.0690,,,,,
2018-03-16,1.3359,1.3980,1.0308,1.0403,,1.1237,1.0962,1.1215,0.9250,1.2228,,,,,,0.8534,1.0441,0.9450,,,,,,,,,,1.0670,,,,,
2018-03-23,1.3296,1.3395,0.9931,1.0192,,1.0905,1.0844,1.1024,0.8875,1.1854,,,,,,0.8274,1.0372,0.9398,,,,,,,,,,1.0550,,,,,
2018-03-30,1.3381,1.3726,1.0052,1.0350,1.0000,1.1098,1.0808,1.1090,0.8747,1.2210,,,,,,0.8436,1.0293,0.9356,,,,,,,,,,1.0580,,,,,
2018-04-04,1.3327,1.3605,0.9983,1.0306,1.0000,1.1081,1.0689,1.1052,0.8638,1.2077,,,,,,0.8436,1.0293,0.9356,,,,,,,,,,1.0510,,,,,
2018-04-13,1.3444,1.3671,1.0093,1.0302,1.0000,1.1212,1.0696,1.1176,0.8638,1.2060,,,,,,0.8390,1.0322,0.9386,,,,,,,,,,1.0570,,,,,
2018-04-20,1.3211,1.3219,0.9954,1.0273,1.0000,1.1073,1.0606,1.1051,0.8638,1.1990,,,,,,0.8325,1.0253,0.9341,,,,,,,,,,1.0460,,,,,
2018-04-27,1.3253,1.3219,0.9980,1.0214,0.9990,1.1080,1.0541,1.1110,0.8653,1.1874,,,,,,0.8291,1.0198,0.9299,,,,,,,,,,1.0420,,,,,
2018-05-04,1.3296,1.3340,1.0021,1.0233,0.9990,1.1081,1.0629,1.1135,0.8616,1.1918,,,,,,0.8323,1.0252,0.9328,,,,,,,,,,1.0480,,,,,
2018-05-11,1.3391,1.3550,1.0226,1.0275,1.0220,1.1221,1.0720,1.1244,0.8702,1.1971,,,,,,0.8388,1.0378,0.9392,,,,,,,,,,1.0610,,,,,
2018-05-18,1.3466,1.3704,1.0286,1.0287,1.0230,1.1220,1.0804,1.1270,0.8723,1.2008,,,,,,0.8383,1.0338,0.9349,,,,,,,,,,1.0700,,,,,
2018-05-25,1.3359,1.3550,1.0279,1.0286,1.0280,1.1183,1.0697,1.1243,0.8575,1.1960,,,,,,0.8355,1.0310,0.9333,,,,,,,,,,1.0630,,,,,
2018-06-01,1.3370,1.3406,1.0256,1.0220,1.0240,1.1090,1.0790,1.1261,0.8523,1.1852,1.0001,,,,,0.8271,1.0290,0.9282,,,,,,,,,,1.0640,,,,,
2018-06-08,1.3359,1.3572,1.0301,1.0258,1.0240,1.1091,1.0835,1.1258,0.8509,1.1907,1.0001,,,,,0.8270,1.0287,0.9085,,,,,,,,,,1.0710,,,,,
2018-06-15,1.3370,1.3329,1.0215,1.0213,1.0210,1.1091,1.0909,1.1250,0.8509,1.1822,1.0000,,,,,0.8179,1.0239,0.9044,,,,,,,,,,1.0690,,,,,
2018-06-22,1.3381,1.2921,1.0012,1.0126,1.0140,1.1089,1.0807,1.1183,0.8431,1.1724,1.0004,,,,,0.7978,1.0081,0.8944,,,,,,,,,,1.0580,,,,,
2018-06-29,1.3264,1.2711,0.9826,1.0172,1.0070,1.0779,1.0711,1.0967,0.8230,1.1779,1.0022,,,,,0.8021,0.9956,0.8886,,,,,,,,,,1.0450,,,,,
2018-07-06,1.3285,1.2126,0.9506,0.9779,0.9920,1.0774,1.0627,1.0804,0.8229,1.1574,0.9998,,,,,0.7834,0.9892,0.8872,,,,,,,,,,1.0300,,,,,
2018-07-13,1.3466,1.2744,0.9828,1.0149,0.9920,1.0853,1.0913,1.1104,0.8229,1.1687,0.9991,,,,,0.7943,1.0036,0.8951,,,,,,,,,,1.0490,,,,,
2018-07-20,1.3434,1.2667,0.9917,1.0158,1.0070,1.0849,1.0896,1.1116,0.8229,1.1723,0.9985,,,,,0.7947,1.0022,0.8943,,,,,,,,,,1.0490,,,,,
2018-07-27,1.3487,1.2733,0.9917,1.0153,1.0070,1.0869,1.0866,1.1125,0.8315,1.1736,0.9989,,,,,0.7966,1.0099,0.8974,,,,,,,,,,1.0530,,,,,
2018-07-31,1.3529,1.2733,0.9915,1.0151,1.0070,1.0867,1.0935,1.1124,0.8315,1.1710,1.0002,,,,,0.7966,1.0099,0.8974,,,,,,,,,,1.0530,,,,,
2018-08-03,1.3699,1.2060,0.9628,0.9785,0.9790,1.0868,1.0838,1.1076,0.8251,1.1691,1.0006,,,,,0.7720,0.9981,0.8915,,,,,,,,,,1.0350,,,,,
2018-08-10,1.3848,1.2303,0.9723,0.9959,0.9900,1.0895,1.1083,1.1070,0.8263,1.1787,1.0007,,,,,0.7751,1.0008,0.8920,,,,,,,,,,1.0440,,,,,
2018-08-17,1.3923,1.1740,0.9413,0.9584,0.9690,1.0940,1.1189,1.0841,0.8219,1.1723,1.0019,,,,,0.7608,0.9918,0.8873,,,,,,,,,,1.0270,,,,,
2018-08-24,1.3806,1.2027,0.9610,0.9764,0.9790,1.0837,1.0985,1.0986,0.8251,1.1722,1.0010,,,,1.0003,0.7641,0.9929,0.8873,,,,,,,,,,1.0370,,,,,
2018-08-31,1.3848,1.2005,0.9597,0.9681,0.9770,1.0857,1.0937,1.1002,0.8211,1.1624,0.9979,,,,1.0001,0.7610,0.9960,0.8886,,,,,,,,,,1.0370,,,,,
2018-09-07,1.3827,1.1895,0.9480,0.9532,0.9670,1.0828,1.0990,1.0891,0.8198,1.1536,0.9964,,,,0.9999,0.7589,0.9885,0.8846,,,,,,,,,,1.0300,,,,,
2018-09-14,1.3774,1.1740,0.9387,0.9330,0.9470,1.0689,1.0872,1.0765,0.8192,1.1428,0.9922,,,,0.9997,0.7564,0.9860,0.8814,,,,,,,,,,1.0210,,,,,
2018-09-21,1.3689,1.2115,0.9694,0.9627,0.9630,1.0609,1.0872,1.1021,0.8308,1.1484,0.9883,,,,1.0004,0.7639,0.9909,0.8837,,,,,,,,,,1.0360,,,,,
2018-09-25,1.3689,1.2115,0.9694,0.9627,0.9630,1.0609,1.0872,1.1021,0.8308,1.1484,0.9883,,,,1.0004,0.7639,0.9909,0.8837,,,,,,,,,,1.0360,,,,,
2018-09-28,1.3774,1.2192,0.9721,0.9599,0.9640,1.0695,1.0871,1.1049,0.8284,1.1434,0.9876,,,,0.9990,0.7622,0.9953,0.8869,,,,,,,,,,1.0400,,,,,
2018-09-30,1.3763,1.2192,0.9721,0.9598,0.9640,1.0695,1.0871,1.1049,0.8284,1.1434,0.9876,,,,0.9990,0.7622,0.9953,0.8869,,,,,,,,,,1.0400,,,,,
2018-10-12,1.3795,1.1387,0.9197,0.9057,0.9430,1.0620,1.0787,1.0756,0.8150,1.1223,0.9814,,,,0.9646,0.7319,0.9759,0.8766,,,,,,,,,,1.0110,,,,,
2018-10-19,1.3604,1.1266,0.9026,0.8930,0.9340,1.0390,1.0787,1.0627,0.8144,1.1144,0.9785,,,,0.9526,0.7233,0.9697,0.8731,,,,,,,,,,1.0030,,,,,
2018-10-26,1.3583,1.1244,0.9036,0.8924,0.9320,1.0376,1.0786,1.0618,0.8170,1.1150,0.9785,,,,0.9759,0.7252,0.9792,0.8779,,,,,,,,,,1.0000,,,,,
2018-10-31,1.3753,1.1420,0.9238,0.9269,0.9350,1.0401,1.1123,1.0792,0.8171,1.1118,0.9784,,,,0.9759,0.7252,0.9792,0.8779,,,,,,,,,,1.0000,,,,,
2018-11-02,1.3604,1.1762,0.9407,0.9268,0.9530,1.0472,1.0785,1.0864,0.8171,1.1352,0.9849,0.9999,,,0.9723,0.7341,0.9813,0.8787,,,,,,,,,,1.0210,,,,,
2018-11-09,1.3699,1.1431,0.9179,0.9028,0.9480,1.0565,1.0791,1.0735,0.8159,1.1279,0.9827,0.9996,,,0.9784,0.7266,0.9856,0.8809,,,,,,,,,,1.0060,,,,,
2018-11-16,1.3742,1.1685,0.9473,0.9289,0.9550,1.0592,1.0814,1.0844,0.8173,1.1486,0.9870,0.9994,,,0.9809,0.7451,0.9921,0.8858,,,,,,,,,,1.0170,,,,,
2018-11-23,1.3816,1.1244,0.9144,0.8976,0.9450,1.0582,1.0820,1.0612,0.8183,1.1396,0.9888,0.9991,,,0.9767,0.7287,0.9870,0.8810,,,,,,,,,,1.0070,,,,,
2018-11-30,1.3699,1.1332,0.9278,0.9096,0.9520,1.0436,1.0826,1.0658,0.8184,1.1507,0.9956,0.9989,1.0000,,0.9650,0.7289,0.9765,0.8726,,,,,,,,,,1.0150,,,,,
2018-12-07,1.3699,1.1299,0.9303,0.9112,0.9480,1.0496,1.0840,1.0687,0.8170,1.1471,0.9952,0.9895,1.0000,,0.9731,0.7362,0.9834,0.8805,,,,,,,,,,1.0110,,,,,
2018-12-14,1.3689,1.1255,0.9200,0.9011,0.9420,1.0495,1.0854,1.0638,0.8160,1.1356,0.9877,0.9954,1.0000,,0.9811,0.7350,0.9892,0.8786,,,,,,,,,,1.0070,,,,,
2018-12-21,1.3636,1.0846,0.8916,0.8740,0.9270,1.0462,1.0861,1.0439,0.8161,1.1251,0.9779,0.9843,1.0000,,0.9578,0.7262,0.9690,0.8779,,,,,,,,,,0.9890,,,,,
2018-12-28,1.3551,1.0813,0.8977,0.8738,0.9340,1.0349,1.0859,1.0477,0.8162,1.1232,0.9757,0.9950,1.0000,,0.9455,0.7236,0.9654,0.8777,,,,,,,,,,0.9920,,,,,
2019-01-04,1.3487,1.0780,0.8957,0.8739,0.9290,1.0284,1.0890,1.0433,0.8165,1.1195,0.9798,0.9915,1.0000,,0.9424,0.7256,0.9594,0.8782,,,,,,,,,,0.9900,,,,,
2019-01-11,1.3529,1.1012,0.9002,0.8840,0.9390,1.0433,1.0912,1.0538,0.8161,1.1239,0.9827,0.9879,0.9990,,0.9599,0.7321,0.9743,0.8787,,,,,,,,,,0.9950,,,,,
2019-01-18,1.3540,1.1266,0.9169,0.9025,0.9450,1.0418,1.0934,1.0601,0.8200,1.1370,0.9880,0.9894,0.9990,1.0000,0.9710,0.7328,0.9794,0.8799,,,,,,,,,,1.0070,,,,,
2019-01-25,1.3614,1.1354,0.9318,0.9080,0.9480,1.0491,1.0940,1.0623,0.8288,1.1385,0.9882,0.9831,1.0010,1.0000,0.9795,0.7341,0.9869,0.8783,,,,,,,,,,1.0120,,,,,
2019-01-31,1.3636,1.1332,0.9316,0.9078,0.9540,1.0491,1.0954,1.0636,0.8289,1.1355,0.9809,0.9831,1.0010,1.0000,0.9795,0.7341,0.9869,0.8783,,,,,,,,,,1.0120,,,,,
2019-02-01,1.3636,1.1541,0.9413,0.9229,0.9570,1.0473,1.0954,1.0636,0.8289,1.1472,0.9894,1.0015,1.0150,1.0000,0.9919,0.7295,0.9886,0.8802,,,,,,,,,,1.0200,,,,,
2019-02-15,1.3699,1.1828,0.9521,0.9458,0.9700,1.0563,1.0967,1.0821,0.8526,1.1641,1.0020,1.0062,1.0530,1.0000,1.0251,0.7456,1.0037,0.8812,,,,,,,,,,1.0270,,,,,
2019-02-22,1.4018,1.2424,0.9727,0.9827,0.9800,1.0895,1.0997,1.1045,0.8526,1.1820,1.0140,1.0082,1.0860,0.9990,1.0379,0.7644,1.0072,0.8817,,,,,,,,,,1.0390,,,,,
2019-02-28,1.4008,1.2601,0.9727,0.9827,0.9960,1.0895,1.0997,1.1194,0.9136,1.1820,1.0140,1.0082,1.0860,0.9990,1.0379,0.7644,1.0072,0.8817,,,,,,,,,,1.0390,,,,,
2019-03-01,1.4167,1.2998,1.0229,1.0363,1.0010,1.1058,1.1012,1.1244,0.9303,1.2124,1.0337,1.0245,1.1290,0.9990,1.0731,0.8042,1.0194,0.8810,,,,,,,,,,1.0630,,,,,
2019-03-08,1.4050,1.2788,1.0127,1.0339,1.0000,1.1065,1.1017,1.1330,0.9410,1.2050,1.0391,1.0230,1.1260,0.9990,1.0884,0.8153,1.0290,0.8824,,,,,,,,,,1.0500,,,,,
2019-03-15,1.4210,1.3086,1.0265,1.0561,1.0090,1.1291,1.1031,1.1529,0.9452,1.2175,1.0605,1.0084,1.1550,0.9990,1.0735,0.8363,1.0264,0.8858,,,,,,,,,,1.0640,,,,,
2019-03-22,1.4305,1.3417,1.0493,1.0726,1.0180,1.1413,1.1029,1.1619,0.9616,1.2285,1.0668,1.0120,1.1780,0.9990,1.0988,0.8755,1.0397,0.8902,,,,,,,,,,1.0750,,,,,
2019-03-29,1.4348,1.3594,1.0656,1.0858,1.0190,1.1456,1.1036,1.1800,0.9736,1.2429,1.0688,1.0111,1.1660,0.9990,1.0825,0.8680,1.0328,0.8888,,,,,,,,,,1.0880,,,,,
2019-03-31,1.4348,1.3594,1.0655,1.0858,1.0190,1.1455,1.1035,1.1800,0.9736,1.2429,1.0688,1.0111,1.1660,0.9990,1.0825,0.8680,1.0328,0.8888,,,,,,,,,,1.0880,,,,,
2019-04-04,1.4741,1.4046,1.1158,1.1344,1.0320,1.1637,1.1042,1.2080,1.0082,1.2706,1.1043,1.0111,1.1660,0.9990,1.0825,0.8680,1.0328,0.8888,,,,,,,,,,1.1160,,,,,
2019-04-05,1.4741,1.4046,1.1158,1.1344,1.0320,1.1637,1.1042,1.2080,1.0082,1.2706,1.1043,1.0292,1.1660,0.9990,1.1358,0.9188,1.0328,0.8888,,,,,,,,,,1.1160,,,,,
2019-04-12,1.4613,1.3837,1.0789,1.1056,1.0260,1.1503,1.1056,1.1986,0.9945,1.2467,1.0982,1.0299,1.1620,0.9840,1.1307,0.9010,1.0472,0.8867,,,,,,,,,,1.1070,,,,,
2019-04-19,1.4688,1.4179,1.0821,1.1329,1.0400,1.1574,1.1062,1.2095,1.0041,1.2586,1.1089,1.0249,1.1760,0.9980,1.1475,0.9181,1.0457,0.8887,,,,,,,,,,1.1190,,,,,
2019-04-26,1.4422,1.3682,1.0432,1.0836,1.0140,1.1353,1.1060,1.1857,0.9697,1.2248,1.0759,1.0189,1.1410,0.9740,1.1164,0.8565,1.0385,0.8901,,,,,,,,,,1.1000,,,,,
2019-04-30,1.4433,1.3660,1.0476,1.0730,1.0150,1.1380,1.1059,1.1901,0.9688,1.2125,1.0696,1.0189,1.1380,0.9720,1.1164,0.8565,1.0385,0.8901,,,,,,,,,,1.1000,,,,,
2019-05-03,1.4433,1.3660,1.0476,1.0730,1.0150,1.1380,1.1059,1.1901,0.9688,1.2124,1.0696,1.0217,1.1380,0.9720,1.1083,0.8499,1.0377,0.8900,,,,,,,,,,1.1000,,,,,
2019-05-10,1.4167,1.3141,1.0269,1.0410,1.0020,1.1181,1.1089,1.1660,0.9142,1.1992,1.0580,0.9979,1.1060,0.9480,1.0534,0.8108,1.0249,0.8921,,,,,,,,,,1.0860,,,,,
2019-05-17,1.4146,1.2943,1.0305,1.0181,0.9950,1.1114,1.1103,1.1603,0.9120,1.1853,1.0500,1.0148,1.0940,0.9440,1.0726,0.7957,1.0390,0.8906,,,,,,,,,,1.0940,,,,,
2019-05-24,1.4050,1.2744,1.0244,1.0048,0.9720,1.1050,1.1109,1.1518,0.8964,1.1689,1.0445,1.0176,1.0930,0.9470,1.0454,0.7819,1.0281,0.8911,,,,,,,,,,1.0930,,,,,
2019-05-31,1.4082,1.2888,1.0354,1.0125,0.9770,1.1075,1.1113,1.1644,0.9098,1.1701,1.0509,1.0147,1.0970,0.9460,1.0586,0.7909,1.0313,0.8924,,,,,,,,,,1.0970,,,,,
2019-06-06,1.3954,1.2612,1.0200,0.9907,0.9600,1.0939,1.1111,1.1462,0.8982,1.1444,1.0260,1.0147,1.0790,0.9300,1.0586,0.7909,1.0313,0.8924,,,,,,,,,,1.0850,,,,,
2019-06-07,1.3954,1.2612,1.0200,0.9907,0.9600,1.0939,1.1111,1.1462,0.8982,1.1444,1.0260,1.0239,1.0790,0.9300,1.0466,0.7653,1.0293,0.8889,,,,,,,,,,1.0850,,,,,
2019-06-14,1.4050,1.2899,1.0342,1.0089,0.9790,1.1035,1.1109,1.1586,0.8990,1.1551,1.0417,1.0360,1.0890,0.9470,1.0686,0.7869,1.0358,0.8936,,,,,,,,,,1.0980,,,,,
2019-06-21,1.4380,1.3384,1.0571,1.0400,0.9960,1.1309,1.1109,1.1804,0.8929,1.1643,1.0674,1.0554,1.1040,0.9590,1.1071,0.8119,1.0474,0.8951,,,,,,,,,,1.1200,,,,,
2019-06-28,1.4486,1.3450,1.0504,1.0365,1.0140,1.1367,1.1109,1.1844,0.8979,1.1684,1.0682,1.0686,1.1090,0.9670,1.1093,0.8130,1.0517,0.8954,,,,,,,,,,1.1210,,,,,
2019-06-30,1.4486,1.3450,1.0503,1.0365,1.0140,1.1367,1.1109,1.1844,0.8979,1.1684,1.0682,1.0686,1.1090,0.9670,1.1093,0.8130,1.0517,0.8954,,,,,,,,,,1.1210,,,,,
2019-07-05,1.4592,1.3638,1.0601,1.0457,1.0380,1.1497,1.1132,1.1981,0.9156,1.1826,1.0859,1.0679,1.1300,0.9810,1.1217,0.8245,1.0557,0.8968,,,,,,,,,,1.1250,,,,,
2019-07-12,1.4486,1.3494,1.0458,1.0370,1.0320,1.1402,1.1121,1.1838,0.9040,1.1824,1.0730,1.0645,1.1230,0.9830,1.1239,0.8102,1.0510,0.8989,,,,,,,,,,1.1220,,,,,
2019-07-19,1.4411,1.3506,1.0386,1.0372,1.0220,1.1395,1.1129,1.1812,0.8919,1.1899,1.0791,1.0699,1.1220,0.9790,1.1233,0.8131,1.0504,0.8979,,,,,,,,,,1.1210,,,,,
2019-07-26,1.4358,1.3682,1.0481,1.0539,1.0480,1.1406,1.1149,1.1842,0.8879,1.1940,1.0787,1.0667,1.1410,0.9900,1.1381,0.8172,1.0573,0.8990,,,,,,,,,,1.1280,,,,,
2019-08-02,1.4284,1.3417,1.0328,1.0433,1.0320,1.1327,1.1156,1.1733,0.8657,1.1800,1.0653,1.0562,1.1250,0.9700,1.1088,0.8021,1.0556,0.8437,,,,,,,,,,1.1140,,,,,
2019-08-09,1.4305,1.3197,1.0334,1.0331,1.0230,1.1346,1.1158,1.1643,0.8521,1.1648,1.0285,1.0685,1.1010,0.9350,1.0801,0.7778,1.0562,0.8416,,,,,,,,,,1.1030,,,,,
2019-08-16,1.4337,1.3428,1.0526,1.0483,1.0530,1.1468,1.1178,1.1785,0.8693,1.1854,1.0472,1.0756,1.1100,0.9420,1.1010,0.7914,1.0607,0.8416,,,,,,,,,,1.1110,,,,,
2019-08-23,1.4422,1.3770,1.0688,1.0671,1.0630,1.1597,1.1202,1.1906,0.8858,1.2100,1.0753,1.0852,1.1290,0.9500,1.1254,0.8009,1.0702,0.8416,,,,,,,,,,1.1220,,,,,
2019-08-30,1.4433,1.3682,1.0831,1.0676,1.0820,1.1635,1.1193,1.1976,0.8618,1.2139,1.0739,1.0963,1.1290,0.9500,1.1195,0.7983,1.0773,0.8416,,,,,,,,,,1.1190,,,,,
2019-09-06,1.4560,1.3958,1.0861,1.0885,1.1010,1.1688,1.1230,1.2239,0.8887,1.2340,1.1048,1.0915,1.1610,0.9730,1.1397,0.8260,1.0860,0.8416,,,,,,,,,,1.1240,,,,,
2019-09-12,1.4560,1.3958,1.0750,1.0894,1.0950,1.1599,1.1219,1.2342,0.8932,1.2362,1.1169,1.0915,1.1630,0.9780,1.1397,0.8260,1.0860,0.8416,,,,,,,,,,1.1240,0.9998,,,,
2019-09-13,1.4560,1.3958,1.0750,1.0894,1.0950,1.1599,1.1219,1.2342,0.8932,1.2361,1.1169,1.0849,1.1630,0.9780,1.1453,0.8340,1.0825,0.8416,,,,,,,,,,1.1240,0.9998,,,,
2019-09-20,1.4571,1.4035,1.0826,1.0941,1.1090,1.1746,1.1219,1.2261,0.9057,1.2430,1.1124,1.0987,1.1590,0.9710,1.1338,0.8261,1.0850,0.8416,,,,,,,,,,1.1280,0.9996,,,,
2019-09-27,1.4465,1.3814,1.0754,1.0857,1.1000,1.1670,1.1178,1.2227,0.8923,1.2228,1.0840,1.0887,1.1460,0.9510,1.1109,0.8063,1.0787,0.8416,,,,,,,,,,1.1210,0.9981,,,,
2019-09-30,1.4422,1.3704,1.0656,1.0778,1.0840,1.1619,1.1189,1.2227,0.8923,1.2228,1.0786,1.0887,1.1410,0.9510,1.1109,0.8063,1.0787,0.8416,,,,,,,,,,1.1210,0.9971,,,,
2019-10-04,1.4422,1.3704,1.0656,1.0778,1.0840,1.1619,1.1189,1.2227,0.8923,1.2152,1.0786,1.0846,1.1410,0.9510,1.1049,0.8009,1.0785,0.8416,,,,,,,,,,1.1210,0.9969,,,,
2019-10-11,1.4497,1.3969,1.0807,1.0946,1.1050,1.1741,1.1277,1.2275,0.9145,1.2405,1.1061,1.0996,1.1530,0.9650,1.1279,0.8130,1.0872,0.8416,,,,,,,,,,1.1260,1.0000,,,,
2019-10-18,1.4507,1.3870,1.0865,1.0913,1.1070,1.1849,1.1348,1.2217,0.9072,1.2426,1.0988,1.1091,1.1500,0.9580,1.1244,0.8078,1.0921,0.8416,,,,,,,,,,1.1260,1.0018,,,,
2019-10-25,1.4486,1.3969,1.0901,1.0938,1.1130,1.1883,1.1279,1.2185,0.9127,1.2562,1.1111,1.1130,1.1540,0.9660,1.1299,0.8102,1.0854,0.8416,,,,,,,,,,1.1310,1.0013,,,,
2019-11-01,1.4518,1.4134,1.1064,1.1021,1.1380,1.1991,1.1312,1.2284,0.9011,1.2660,1.1105,1.1119,1.1620,0.9750,1.1431,0.8088,1.0869,0.8416,,,,,,,,,,1.1380,1.0039,,,,
2019-11-08,1.4550,1.4289,1.1122,1.1116,1.1490,1.2034,1.1456,1.2263,0.8940,1.2772,1.1246,1.0913,1.1650,0.9820,1.1531,0.8130,1.0974,0.8416,,,,,,,,,,1.1460,1.0061,,,,
2019-11-15,1.4550,1.4201,1.1111,1.1052,1.1440,1.2061,1.1395,1.2233,0.8800,1.2679,1.1047,1.0910,1.1520,0.9680,1.1371,0.7938,1.0917,0.8416,,,,,,,,,,1.1500,1.0068,0.9999,,,
2019-11-22,1.4486,1.4112,1.1005,1.0942,1.1410,1.1991,1.1385,1.2245,0.8703,1.2588,1.1052,1.0879,1.1470,0.9680,1.1298,0.7976,1.0941,0.8416,,,,,,,,,,1.1450,1.0037,0.9996,,,
2019-11-29,1.4443,1.4002,1.0877,1.0892,1.1210,1.1864,1.1286,1.2156,0.8622,1.2493,1.1025,1.0734,1.1440,0.9660,1.1224,0.7912,1.0883,0.8416,,,,,,,,,,1.1410,0.9975,0.9989,,,
2019-12-06,1.4507,1.4366,1.1021,1.1098,1.1550,1.2024,1.1278,1.2254,0.8706,1.2736,1.1257,1.0689,1.1610,0.9930,1.1436,0.8031,1.0894,0.8416,,,,,,,,,,1.1520,1.0033,0.9987,,,
2019-12-13,1.4582,1.4477,1.1065,1.1247,1.1550,1.2018,1.1315,1.2342,0.8858,1.2746,1.1360,1.0700,1.1770,1.0080,1.1598,0.8119,1.0930,0.8416,,,,,,,,,,1.1580,1.0037,1.0005,,,
2019-12-20,1.4592,1.4554,1.1139,1.1339,1.1520,1.1950,1.1606,1.2352,0.8897,1.2735,1.1440,1.0778,1.1870,1.0160,1.1617,0.8191,1.1058,0.8416,,,,,,,,,,1.1650,0.9994,1.0030,,,
2019-12-27,1.4698,1.4609,1.1133,1.1347,1.1510,1.1980,1.1645,1.2420,0.8899,1.2741,1.1441,1.0869,1.1870,1.0180,1.1642,0.8168,1.1095,0.3529,,,,,,,,,,1.1690,1.0052,1.0049,,,
2019-12-31,1.4741,1.4752,1.1272,1.1492,1.1570,1.1980,1.1741,1.2527,0.9008,1.2852,1.1516,1.0869,1.1870,1.0180,1.1642,0.8168,1.1095,0.3529,,,,,,,,,,1.1690,1.0070,1.0075,,,
2020-01-03,1.4847,1.4852,1.1269,1.1508,1.1740,1.2042,1.1981,1.2562,0.9083,1.2887,1.1629,1.1013,1.2120,1.0430,1.1832,0.8372,1.1241,0.3532,,,,,,,,,,1.1810,1.0099,1.0099,,,
2020-01-10,1.4932,1.5128,1.1484,1.1641,1.1830,1.2248,1.2068,1.2656,0.9283,1.3115,1.1799,1.1035,1.2220,1.0510,1.1924,0.8455,1.1291,0.3536,,,,,,,,,,1.1840,1.0190,1.0165,,,
2020-01-17,1.5039,1.5293,1.1501,1.1658,1.1890,1.2322,1.2050,1.2875,0.9484,1.3256,1.1887,1.1129,1.2250,1.0500,1.1924,0.8492,1.1301,0.3519,,,,,,,,,,1.1850,1.0228,1.0183,,,
2020-01-23,1.4900,1.4841,1.1124,1.1389,1.1960,1.2161,1.2034,1.2673,0.9379,1.2988,1.1567,1.1129,1.2050,1.0250,1.1924,0.8492,1.1301,0.3519,,,,,,,,,,1.1590,1.0159,1.0066,,,
2020-01-24,1.4900,1.4841,1.1124,1.1389,1.1960,1.2161,1.2034,1.2673,0.9379,1.2988,1.1567,1.1122,1.2050,1.0250,1.1644,0.8388,1.1302,0.3548,,,,,,,,,,1.1590,1.0159,1.0066,,,
2020-01-31,1.4900,1.4841,1.1124,1.1389,1.1960,1.2161,1.2034,1.2673,0.9379,1.2985,1.1567,1.1120,1.2050,1.0250,1.1643,0.8387,1.1302,0.3548,,,,,,,,,,1.1590,1.0159,1.0066,,,
2020-02-07,1.5060,1.4796,1.1096,1.1302,1.1900,1.2201,1.1607,1.2705,0.9285,1.2790,1.1337,1.0956,1.2040,1.0050,1.1538,0.8366,1.1160,0.3558,,,,,,,,,,1.1650,1.0150,1.0021,,,
2020-02-14,1.5187,1.5260,1.1193,1.1543,1.2140,1.2362,1.1785,1.2718,0.9544,1.3074,1.1559,1.1057,1.2280,1.0110,1.1715,0.8344,1.1246,0.3493,,,,,,,,,,1.1810,1.0243,1.0086,,,
2020-02-21,1.5496,1.5823,1.1471,1.1942,1.2480,1.2563,1.2199,1.3199,1.0010,1.3515,1.2059,1.1277,1.2640,1.0380,1.2048,0.8613,1.1414,0.3503,,,,,,,,,,1.2100,1.0412,1.0229,,,
2020-02-28,1.5283,1.5072,1.1139,1.1529,1.1820,1.2296,1.2183,1.3199,1.0010,1.2938,1.1812,1.1262,1.2310,1.0250,1.1652,0.8420,1.1364,0.3517,,,,,,,,,,1.1910,1.0267,1.0112,,,
2020-03-06,1.5559,1.5635,1.1559,1.1909,1.2180,1.2651,1.2523,1.3133,0.9903,1.3500,1.2067,1.1439,1.2770,1.0640,1.2048,0.9080,1.1508,0.3613,,,,,,,,,,1.2250,1.0493,1.0282,,,
2020-03-13,1.5304,1.4609,1.0983,1.1481,1.1490,1.2366,1.1914,1.2672,0.9341,1.2916,1.1782,1.1181,1.2370,1.0290,1.1608,0.8900,1.1204,0.3532,,,,,,,,,,1.1980,1.0284,1.0098,,,
2020-03-20,1.5124,1.3748,1.0409,1.1033,1.0840,1.2016,1.0962,1.2326,0.8876,1.2409,1.1447,1.0671,1.1900,0.9840,1.1078,0.8565,1.0779,0.3498,,,,,,,,,,1.1630,1.0139,0.9956,,,
2020-03-27,1.5049,1.3925,1.0596,1.1074,1.1110,1.2115,1.1292,1.2419,0.9039,1.2465,1.1542,1.0893,1.1940,0.9980,1.1188,0.8403,1.1002,0.3544,,,,,,,,,,1.1760,1.0163,1.0026,,,
2020-04-03,1.5007,1.3958,1.0681,1.1066,1.1230,1.2272,1.1392,1.2444,0.9101,1.2613,1.1574,1.0968,1.1910,0.9950,1.1229,0.8583,1.1030,0.3582,,,,,,,,,,1.1850,1.0208,1.0036,,,
2020-04-10,1.5124,1.4234,1.0807,1.1184,1.1460,1.2394,1.1656,1.2544,0.9210,1.2820,1.1651,1.1121,1.2000,1.0040,1.1358,0.8709,1.1196,0.3509,,,,,,,,,,1.1950,1.0277,1.0115,,,
2020-04-17,1.5209,1.4543,1.0895,1.1364,1.1620,1.2521,1.1702,1.2666,0.9353,1.3029,1.1754,1.1132,1.2160,1.0200,1.1535,0.8925,1.1206,0.3508,,,,,,,,,,1.2100,1.0339,1.0169,,,
2020-04-24,1.5209,1.4454,1.0929,1.1277,1.1610,1.2510,1.1726,1.2708,0.9398,1.2994,1.1675,1.1241,1.1980,1.0050,1.1486,0.8858,1.1272,0.3573,,,,,,,,,,1.2280,1.0360,1.0144,,,
2020-04-30,1.5219,1.4808,1.1001,1.1527,1.1850,1.2597,1.1971,1.2831,0.9633,1.3143,1.1815,1.1241,1.2230,1.0210,1.1486,0.8858,1.1272,0.3573,,,,,,,,,,1.2330,1.0383,1.0182,,,
2020-05-01,1.5219,1.4808,1.1001,1.1527,1.1850,1.2597,1.1971,1.2831,0.9633,1.3142,1.1815,1.1268,1.2230,1.0210,1.1664,0.9059,1.1326,0.3576,,,,,,,,,,1.2330,1.0382,1.0182,,,
2020-05-08,1.5411,1.5139,1.1171,1.1677,1.2190,1.2833,1.2180,1.2831,0.9633,1.3445,1.1977,1.1345,1.2410,1.0300,1.1827,0.9154,1.1379,0.3495,,,,,,,,,,1.2390,1.0486,1.0269,,,
2020-05-15,1.5357,1.5172,1.1250,1.1587,1.2300,1.2918,1.2115,1.2901,0.9857,1.3508,1.1944,1.1397,1.2280,1.0190,1.1696,0.8965,1.1389,0.3581,,,,,,,,,,1.2470,1.0501,1.0292,,,
2020-05-22,1.5187,1.4774,1.1058,1.1368,1.2010,1.2781,1.1924,1.2746,0.9846,1.3309,1.1763,1.1442,1.2020,1.0020,1.1512,0.8687,1.1403,0.3585,,,,,,,,,,1.2390,1.0410,1.0253,,,
2020-05-29,1.5325,1.5150,1.1289,1.1464,1.2230,1.2909,1.2209,1.2929,1.0134,1.3426,1.1819,1.1360,1.2020,1.0070,1.1605,0.8799,1.1381,0.3547,,,,,,,,,,1.2580,1.0525,1.0359,,,
2020-05-31,1.5325,1.5150,1.1288,1.1463,1.2230,1.2908,1.2208,1.2929,1.0134,1.3426,1.1819,1.1360,1.2020,1.0070,1.1605,0.8799,1.1381,0.3547,,,,,,,,,,1.2580,1.0524,1.0359,,,
2020-06-05,1.5485,1.5790,1.1572,1.1766,1.2700,1.3109,1.2479,1.3186,1.0401,1.3585,1.2086,1.1575,1.2340,1.0320,1.1851,0.9003,1.1505,0.3566,,,,,,,,,,1.2820,1.0639,1.0508,,,
2020-06-12,1.5612,1.5944,1.1606,1.1779,1.2890,1.3204,1.2588,1.3338,1.0432,1.3665,1.2187,1.1631,1.2440,1.0410,1.1863,0.9186,1.1522,0.3603,,,,,,,,,,1.2920,1.0686,1.0547,,,
2020-06-19,1.5676,1.6518,1.1995,1.1949,1.3440,1.3429,1.2958,1.3338,1.0432,1.3874,1.2431,1.1714,1.2650,1.0570,1.2154,0.9501,1.1609,0.3626,,,,,,,,,,1.3180,1.0752,1.0666,,,
2020-06-24,1.5761,1.6838,1.2178,1.2024,1.3740,1.3612,1.3078,1.3811,1.0855,1.4021,1.2540,1.1714,1.2700,1.0630,1.2154,0.9501,1.1609,0.3626,,,,,,,,,,1.3260,1.0819,1.0719,,,
2020-06-26,1.5761,1.6838,1.2178,1.2024,1.3740,1.3612,1.3078,1.3811,1.0855,1.4020,1.2540,1.1862,1.2700,1.0630,1.2263,0.9492,1.1686,0.3619,,,,,,,,,,1.3260,1.0818,1.0719,,,
2020-06-30,1.5793,1.7058,1.2262,1.2032,1.3740,1.3612,1.3235,1.3811,1.0855,1.4128,1.2477,1.1862,1.2700,1.0630,1.2263,0.9492,1.1686,0.3619,,,,,,,,,,1.3260,1.0870,1.0751,,,
2020-07-03,1.5846,1.7643,1.2467,1.2476,1.4060,1.3699,1.3609,1.4090,1.0855,1.3936,1.2734,1.2124,1.3050,1.0980,1.2748,1.0196,1.1922,0.3626,,,,,,,,,,1.3460,1.0853,1.0840,,,
2020-07-10,1.6420,1.9000,1.3213,1.3093,1.5010,1.4019,1.4716,1.4810,1.1430,1.3852,1.3116,1.2630,1.3250,1.1100,1.3441,1.0911,1.2352,0.3630,,,,,,,,,,1.3790,1.1033,1.1174,,,
2020-07-17,1.6186,1.8118,1.2922,1.2653,1.4500,1.3795,1.4455,1.4435,1.1532,1.3852,1.2815,1.2352,1.3060,1.0960,1.3142,1.0463,1.2124,0.3629,,,,,,,,,,1.3630,1.0983,1.1055,,,
2020-07-24,1.6441,1.8040,1.2813,1.2614,1.4360,1.3863,1.4331,1.4222,1.1522,1.3852,1.2766,1.2698,1.3070,1.0920,1.3031,1.0286,1.2432,0.3629,,,,,,,,,,1.3540,1.1051,1.1075,,,
2020-07-31,1.6845,1.8912,1.3346,1.2934,1.5200,1.4207,1.4895,1.4658,1.1991,1.3851,1.2861,1.2674,1.3370,1.1150,1.3293,1.0617,1.2397,0.3612,,,,,,,,,,1.3920,1.1231,1.1273,,,
2020-08-07,1.6952,1.8956,1.3428,1.2973,1.4970,1.4198,1.4987,1.5015,1.2075,1.3851,1.2804,1.2805,1.3400,1.1190,1.3300,1.0609,1.2476,0.3618,,,,,,,,,,1.4060,1.1258,1.1256,,,
2020-08-14,1.6569,1.8669,1.3376,1.2952,1.4680,1.4042,1.4791,1.4691,1.1858,1.3851,1.2730,1.2599,1.3360,1.1210,1.3260,1.0514,1.2384,0.3472,,,,,,,,,,1.3790,1.1096,1.1225,,,
2020-08-21,1.6505,1.8791,1.3512,1.2939,1.4860,1.4149,1.4977,1.4751,1.2010,1.3850,1.2776,1.2747,1.3340,1.1160,1.3376,1.0610,1.2490,0.3497,,,,,,,,,,1.3910,1.1139,1.1281,,,
2020-08-28,1.6665,1.9387,1.3859,1.3211,1.5470,1.4422,1.5490,1.4751,1.2010,1.3850,1.2998,1.3029,1.3540,1.1310,1.3537,1.0776,1.2581,0.3557,,,,,,,,,,1.4190,1.1277,1.1402,,,
2020-09-04,1.6569,1.8427,1.3736,1.3070,1.5170,1.4265,1.5190,1.5036,1.1759,1.3850,1.2860,1.3173,1.3360,1.1180,1.3404,1.0641,1.2647,0.3443,,,,,,,,,,1.4070,1.1242,1.1340,,,
2020-09-11,1.6410,1.7875,1.3301,1.2791,1.4610,1.3975,1.4614,1.4646,1.1184,1.3849,1.2603,1.2708,1.3070,1.0950,1.3087,1.0340,1.2416,0.3286,,,,,,,,,,1.3750,1.1054,1.1121,,,
2020-09-18,1.6484,1.8118,1.3491,1.2985,1.4780,1.4037,1.4914,1.4930,1.1380,1.3849,1.2703,1.2768,1.3250,1.1080,1.3187,1.0509,1.2456,0.3286,,,,,,,,,,1.3890,1.1128,1.1225,,,
2020-09-25,1.6367,1.7522,1.2975,1.2759,1.4040,1.3867,1.4480,1.4405,1.1115,1.3849,1.2548,1.2626,1.3100,1.0980,1.3132,1.0271,1.2387,0.3262,,,,,,,,,,1.3590,1.1027,1.1079,,,
2020-09-30,1.6378,1.7765,1.3184,1.2803,1.4340,1.4002,1.4589,1.4627,1.1279,1.3849,1.2635,1.2626,1.3110,1.0970,1.3132,1.0271,1.2387,0.3262,,,,,,,,,,1.3670,1.1084,1.1134,,,
2020-10-02,1.6378,1.7765,1.3184,1.2803,1.4340,1.4002,1.4589,1.4627,1.1279,1.3849,1.2635,1.2709,1.3110,1.0970,1.3221,1.0314,1.2434,0.3248,,,,,,,,,,1.3670,1.1084,1.1134,,,
2020-10-09,1.6484,1.8217,1.3479,1.2971,1.4800,1.4186,1.4868,1.4854,1.1550,1.3849,1.2837,1.2634,1.3380,1.1190,1.3428,1.0416,1.2435,0.3299,,,,,,,,,,1.3870,1.1180,1.1243,,0.9995,
2020-10-16,1.6516,1.8504,1.3654,1.2936,1.4990,1.4246,1.5119,1.4984,1.1705,1.3849,1.2936,1.2963,1.3520,1.1350,1.3553,1.0471,1.2630,0.3389,,,,,,,,,,1.4020,1.1247,1.1333,,0.9995,
2020-10-23,1.6314,1.8162,1.3360,1.2778,1.4660,1.4086,1.4740,1.4692,1.1226,1.3849,1.2757,1.2992,1.3240,1.1090,1.3175,1.0354,1.2618,0.3246,,,,,,,,,,1.3750,1.1077,1.1169,,0.9943,
2020-10-30,1.6495,1.8449,1.3483,1.2770,1.5090,1.4276,1.4798,1.4843,1.1358,1.3849,1.2842,1.3118,1.3210,1.1080,1.3191,1.0304,1.2639,0.3064,,,,,,,,,,1.3960,1.1188,1.1243,,1.0042,
2020-11-06,1.6675,1.9166,1.4019,1.3057,1.5710,1.4485,1.5333,1.5168,1.1506,1.3849,1.3042,1.3133,1.3400,1.1200,1.3204,1.0455,1.2738,0.3080,,,,,,,,,,1.4300,1.1322,1.1402,,1.0118,
2020-11-13,1.6633,1.9034,1.3944,1.2988,1.5600,1.4428,1.5280,1.5059,1.1510,1.3849,1.3029,1.3211,1.3390,1.1180,1.3206,1.0377,1.2807,0.3035,,,,,,,,,,1.4230,1.1099,1.1367,,1.0122,
2020-11-20,1.6877,1.9144,1.4064,1.3214,1.5580,1.4773,1.5608,1.5145,1.1604,1.3849,1.3040,1.3168,1.3490,1.1240,1.3249,1.0352,1.2809,0.3062,,,,,,,,,,1.4240,1.1463,1.1418,,1.0153,
2020-11-27,1.6643,1.9034,1.3879,1.3110,1.5300,1.4138,1.5477,1.4908,1.1391,1.3849,1.2903,1.3156,1.3430,1.1200,1.3105,1.0294,1.2789,0.3016,,,,,,,,,,1.4130,1.1375,1.1236,,1.0101,
2020-11-30,1.6622,1.8846,1.3799,1.3054,1.5300,1.4138,1.5398,1.4908,1.1391,1.3849,1.2861,1.3156,1.3430,1.1200,1.3105,1.0294,1.2789,0.3016,,,,,,,,,,1.4130,1.1386,1.1210,,1.0101,
2020-12-04,1.6633,1.9155,1.4079,1.3406,1.5470,1.4340,1.5652,1.5135,1.1734,1.3849,1.3191,1.3260,1.3770,1.1480,1.3596,1.0553,1.2897,0.3150,,,,,,,,,,1.4360,1.1448,1.1366,,1.0153,
2020-12-11,1.6750,1.8956,1.4039,1.3113,1.5440,1.4429,1.5278,1.5076,1.1668,1.3849,1.2988,1.3304,1.3320,1.1020,1.3213,1.0296,1.2837,0.2982,,,,,,,,,,1.4420,1.1517,1.1305,,1.0164,
2020-12-18,1.6994,1.9442,1.4510,1.3417,1.5810,1.4612,1.5675,1.5076,1.1668,1.3849,1.3301,1.3530,1.3630,1.1230,1.3688,1.0432,1.2942,0.3028,1.0000,1.0000,,,,,,,,1.4710,1.1632,1.1456,,1.0223,0.9999
2020-12-25,1.7334,1.9938,1.4750,1.3475,1.6300,1.4877,1.6116,1.5076,1.1668,1.3849,1.3560,1.3545,1.3650,1.1280,1.3788,1.0465,1.2919,0.2923,0.9998,0.9999,,,,,,,,1.4780,1.1622,1.1508,,1.0303,1.0002
2020-12-31,1.7547,2.0556,1.4498,1.3944,1.6750,1.5066,1.6498,1.5930,1.2029,1.3849,1.3780,1.3545,1.3950,1.1550,1.3952,1.0465,1.2919,0.2923,0.9997,0.9997,1.0000,,,,,,,1.5220,1.1716,1.1623,,1.0400,1.0025
2021-01-01,1.7547,2.0556,1.4498,1.3944,1.6750,1.5066,1.6498,1.5930,1.2029,1.3849,1.3780,1.3802,1.3950,1.1550,1.3951,1.0670,1.3049,0.3044,0.9996,0.9997,1.0000,,,,,,,1.5220,1.1716,1.1623,,1.0400,1.0025
2021-01-08,1.7823,2.1229,1.4822,1.4168,1.7490,1.5294,1.7517,1.6564,1.2029,1.3849,1.4390,1.4549,1.4630,1.2150,1.4627,1.1256,1.3395,0.3282,0.9985,0.9980,0.9998,,,,,,,1.5460,1.1825,1.1790,,1.0494,0.9965
2021-01-15,1.7674,2.1009,1.5516,1.4082,1.7430,1.5266,1.7540,1.6471,1.2492,1.3849,1.4310,1.4386,1.4580,1.2110,1.4453,1.1090,1.3279,0.3228,0.9817,0.9903,0.9997,,,,,,,1.5320,1.1774,1.1760,,1.0518,0.9956
2021-01-22,1.8163,2.1969,1.5557,1.4662,1.8450,1.5662,1.8372,1.7210,1.3184,1.3849,1.4870,1.4573,1.4850,1.2310,1.5202,1.1258,1.3382,0.3198,1.0113,1.0215,1.0156,,,,,,,1.5800,1.2030,1.2027,,1.0692,1.0059
2021-01-29,1.7632,2.1020,1.5152,1.4130,1.7480,1.5125,1.7676,1.6825,1.3184,1.3849,1.4159,1.4394,1.4100,1.1870,1.4283,1.0526,1.3226,0.3035,0.9804,1.0014,0.9981,1.0000,,,,,,1.5350,1.1781,1.1763,,1.0575,0.9997
2021-01-31,1.7632,2.1020,1.5151,1.4129,1.7480,1.5124,1.7675,1.6825,1.3184,1.3849,1.4159,1.4394,1.4100,1.1870,1.4283,1.0526,1.3226,0.3035,0.9804,1.0014,0.9981,1.0000,,,,,,1.5350,1.1780,1.1763,,1.0575,0.9997
2021-02-05,1.7717,2.1726,1.6196,1.4416,1.8400,1.5422,1.8121,1.7153,1.2925,1.3849,1.4507,1.4680,1.4280,1.1910,1.5315,1.0704,1.3330,0.2987,0.9834,1.0152,1.0229,0.9993,1.0000,,,,,1.5670,1.1841,1.1905,,1.0607,0.9935
2021-02-10,1.8174,2.2851,1.7091,1.4944,1.9270,1.5893,1.9365,1.7153,1.2925,1.3849,1.5270,1.5084,1.4930,1.2420,1.6252,1.1265,1.3512,0.2987,1.0218,1.0442,1.0597,1.0141,0.9996,,,,,1.6200,1.2109,1.2135,,1.0607,1.0023
2021-02-12,1.8174,2.2851,1.7091,1.4944,1.9270,1.5893,1.9365,1.7153,1.2925,1.3849,1.5270,1.5083,1.4930,1.2420,1.6251,1.1264,1.3512,0.3126,1.0218,1.0442,1.0597,1.0140,0.9996,,,,,1.6200,1.2108,1.2135,,1.0607,1.0023
2021-02-19,1.8163,2.2564,1.7068,1.4929,1.8910,1.5692,1.9049,1.7507,1.3609,1.3849,1.5039,1.5196,1.4990,1.2600,1.5741,1.1407,1.3602,0.3266,1.0493,1.0338,1.0484,1.0243,1.0013,,,,,1.6060,1.1980,1.2157,,1.0701,1.0029
2021-02-26,1.7525,2.0501,1.5367,1.3915,1.6620,1.4848,1.7500,1.6287,1.2477,1.3849,1.3758,1.4437,1.4300,1.2030,1.4912,1.0897,1.3319,0.3109,1.0170,0.9699,0.9780,0.9909,1.0004,1.0000,,,,1.5070,1.1882,1.1634,,1.0502,0.9962
2021-02-28,1.7525,2.0501,1.5366,1.3914,1.6620,1.4847,1.7498,1.6287,1.2477,1.3849,1.3758,1.4437,1.4300,1.2030,1.4912,1.0897,1.3319,0.3109,1.0170,0.9699,0.9780,0.9909,1.0004,1.0000,,,,1.5070,1.1882,1.1634,,1.0502,0.9962
2021-03-05,1.7409,2.0126,1.5003,1.3627,1.6420,1.4760,1.7248,1.5931,1.2422,1.3849,1.3529,1.4060,1.4070,1.1890,1.4656,1.0597,1.3143,0.3075,1.0078,0.9641,0.9701,0.9831,0.9955,0.9998,,,,1.4910,1.1863,1.1551,,1.0399,0.9950
2021-03-12,1.7313,1.9795,1.4775,1.3277,1.6110,1.4735,1.6927,1.5681,1.2132,1.3849,1.3250,1.3836,1.3620,1.1480,1.4235,1.0204,1.3062,0.2914,0.9908,0.9517,0.9632,0.9713,0.9888,0.9997,,,,1.4700,1.1806,1.1413,,1.0358,0.9963
2021-03-19,1.7207,1.9486,1.4745,1.3241,1.5680,1.4555,1.6587,1.5746,1.2128,1.3849,1.3008,1.3934,1.3340,1.1240,1.4133,0.9877,1.3106,0.2830,0.9862,0.9444,0.9515,0.9673,0.9876,0.9995,,,,1.4550,1.1750,1.1359,,1.0293,0.9940
2021-03-26,1.7239,1.9442,1.5009,1.3520,1.5750,1.4632,1.6570,1.6001,1.2244,1.3849,1.3151,1.3555,1.3480,1.1350,1.4315,0.9982,1.2954,0.2851,0.9912,0.9400,0.9484,0.9740,0.9844,0.9991,,,,1.4570,1.1751,1.1413,,1.0272,0.9930
2021-03-31,1.7281,1.9453,1.5031,1.3440,1.5830,1.4632,1.6687,1.6001,1.2244,1.3849,1.3171,1.3840,1.3480,1.1350,1.4315,0.9913,1.3103,0.2851,0.9910,0.9403,0.9496,0.9740,0.9854,0.9999,,,,1.4570,1.1753,1.1391,,1.0272,0.9942
2021-04-02,1.7451,1.9938,1.5452,1.3637,1.6470,1.5044,1.7000,1.6421,1.2450,1.3849,1.3962,1.3872,1.3670,1.1520,1.4613,1.0082,1.3139,0.2872,0.9845,0.9551,0.9677,0.9857,0.9862,0.9919,,,,1.4870,1.1827,1.1496,,1.0363,0.9972
2021-04-09,1.7302,1.9497,1.5017,1.3338,1.6060,1.4776,1.6689,1.6118,1.2394,1.3849,1.3340,1.3861,1.3440,1.1310,1.4595,0.9995,1.3158,0.2861,0.9813,0.9419,0.9524,0.9772,0.9862,0.9941,,,,1.4690,1.1788,1.1433,0.9993,1.0322,0.9993
2021-04-16,1.7228,1.9519,1.5009,1.3379,1.5920,1.4721,1.6487,1.6112,1.2295,1.3849,1.3321,1.3685,1.3410,1.1270,1.4568,0.9914,1.3063,0.2868,0.9724,0.9406,0.9524,0.9769,0.9828,0.9950,1.0000,,,1.4680,1.1763,1.1388,0.9993,1.0291,0.9926
2021-04-23,1.7504,2.0148,1.5463,1.3503,1.6820,1.5196,1.7167,1.6252,1.2507,1.3849,1.3886,1.3904,1.3870,1.1650,1.5160,1.0302,1.3212,0.2924,0.9799,0.9570,0.9726,0.9828,0.9872,0.9970,0.9998,,,1.5020,1.1889,1.1580,0.9993,1.0411,0.9980
2021-04-30,1.7494,2.0203,1.5438,1.3435,1.6730,1.5220,1.7234,1.6252,1.2507,1.3849,1.3881,1.4027,1.3840,1.1600,1.5749,1.0098,1.3289,0.2886,0.9762,0.9519,0.9701,0.9791,0.9914,0.9987,0.9997,,,1.5010,1.1887,1.1594,0.9993,1.0372,0.9979
2021-05-07,1.7334,1.9607,1.4943,1.3028,1.6050,1.4952,1.6951,1.6252,1.2507,1.3849,1.3437,1.3893,1.3480,1.1270,1.5152,0.9970,1.3196,0.2823,0.9729,0.9390,0.9560,0.9718,0.9833,1.0023,0.9995,,,1.4770,1.1843,1.1496,0.9993,1.0302,0.9932
2021-05-14,1.7366,1.9828,1.4943,1.3039,1.6130,1.5100,1.6965,1.5859,1.2515,1.3849,1.3792,1.3817,1.4010,1.1650,1.6012,1.0164,1.3133,0.2927,0.9685,0.9367,0.9506,0.9656,0.9858,1.0020,0.9994,,,1.4950,1.1896,1.1584,1.0013,1.0348,0.9986
2021-05-21,1.7462,2.0236,1.5301,1.3352,1.6780,1.5277,1.7091,1.6138,1.2610,1.3849,1.4053,1.4073,1.4110,1.1740,1.5908,1.0197,1.3300,0.2859,0.9667,0.9462,0.9587,0.9688,0.9869,1.0036,0.9992,,,1.5110,1.1909,1.1620,1.0024,1.0391,1.0000
2021-05-28,1.7653,2.0788,1.5600,1.3727,1.7270,1.5475,1.7583,1.6528,1.2789,1.3849,1.4374,1.4340,1.4460,1.2070,1.6437,1.0544,1.3446,0.2914,0.9752,0.9631,0.9680,0.9744,0.9854,1.0059,0.9975,,,1.5370,1.1977,1.1803,1.0115,1.0511,1.0102
2021-06-04,1.7781,2.0920,1.5758,1.3888,1.7460,1.5573,1.7635,1.6698,1.2913,1.3849,1.4386,1.4160,1.4370,1.1970,1.6052,1.0424,1.3406,0.2878,0.9745,0.9685,0.9738,0.9794,0.9783,1.0008,0.9890,,,1.5450,1.2015,1.1829,1.0153,1.0594,1.0161
2021-06-11,1.7781,2.0656,1.5680,1.3892,1.7370,1.5517,1.7438,1.6673,1.2944,1.3849,1.4355,1.4101,1.4350,1.1970,1.5952,1.0326,1.3405,0.2824,0.9793,0.9644,0.9706,0.9773,0.9746,1.0006,0.9887,,,1.5440,1.2021,1.1826,1.0153,1.0585,1.0183
2021-06-18,1.7781,2.0490,1.5649,1.3713,1.7300,1.5398,1.6964,1.6532,1.2891,1.3849,1.4177,1.3853,1.4040,1.1720,1.5477,1.0091,1.3291,0.2769,0.9795,0.9643,0.9700,0.9750,0.9664,1.0001,0.9851,,,1.5260,1.1961,1.1754,1.0154,1.0601,1.0206
2021-06-25,1.8036,2.1141,1.6181,1.3861,1.7820,1.5686,1.7440,1.6661,1.3138,1.3849,1.4624,1.3883,1.4450,1.2090,1.5883,1.0556,1.3307,0.2756,1.0026,0.9751,0.9829,0.9813,0.9685,1.0012,0.9907,,,1.5520,1.2042,1.1925,1.0233,1.0710,1.0273
2021-06-30,1.8121,2.1273,1.6339,1.3899,1.8150,1.5781,1.7346,1.6757,1.3289,1.3849,1.4717,1.3957,1.4570,1.2210,1.6025,1.0652,1.3330,0.2777,1.0025,0.9751,0.9875,0.9812,0.9685,1.0010,0.9885,0.9999,,1.5520,1.2063,1.1991,1.0252,1.0710,1.0348
2021-07-02,1.7876,2.0744,1.5903,1.3500,1.7850,1.5570,1.7123,1.6404,1.2990,1.3849,1.4375,1.3995,1.4240,1.1910,1.5709,1.0353,1.3345,0.2756,1.0016,0.9693,0.9739,0.9678,0.9643,0.9998,0.9801,0.9998,,1.5350,1.1950,1.1826,1.0217,1.0654,1.0334
2021-07-09,1.7993,2.0633,1.5803,1.3377,1.7200,1.5335,1.7025,1.6274,1.3263,1.3849,1.4171,1.3805,1.4240,1.1920,1.5256,1.0546,1.3219,0.2731,1.0253,0.9629,0.9661,0.9648,0.9659,1.0002,0.9691,1.0023,,1.5360,1.1964,1.1839,1.0197,1.0670,1.0383
2021-07-16,1.8142,2.0998,1.6007,1.3534,1.7560,1.5533,1.7416,1.6401,1.3549,1.3849,1.4305,1.4008,1.4290,1.1900,1.5848,1.0197,1.3373,0.2697,1.0344,0.9707,0.9704,0.9692,0.9834,1.0017,0.9788,1.0170,,1.5580,1.2093,1.1976,1.0241,1.0762,1.0446
2021-07-23,1.8121,2.0766,1.5846,1.3376,1.7180,1.5405,1.7329,1.6273,1.3519,1.3849,1.4177,1.3995,1.4350,1.1930,1.5698,1.0029,1.3366,0.2675,1.0564,0.9668,0.9648,0.9614,0.9847,1.0019,0.9805,1.0128,,1.5580,1.2089,1.1912,1.0237,1.0759,1.0524
2021-07-30,1.7876,1.9916,1.5568,1.2655,1.5950,1.5124,1.6624,1.5640,1.2923,1.3849,1.3638,1.3571,1.4020,1.1690,1.4824,0.9750,1.3144,0.2642,1.0985,0.9381,0.9409,0.9460,0.9669,0.9979,0.9709,0.9927,,1.5580,1.1939,1.1755,1.0174,1.0670,1.0555
2021-08-06,1.8068,2.0082,1.5757,1.2564,1.6420,1.5191,1.6804,1.5581,1.3363,3.1719,1.4008,1.3620,1.4500,1.2110,1.5121,1.0049,1.3183,0.2691,1.1072,0.9432,0.9515,0.9429,0.9785,0.9999,0.9736,1.0049,,1.5580,1.1972,1.1842,1.0201,1.0692,1.0606
2021-08-13,1.8227,2.0225,1.5691,1.2888,1.6340,1.5200,1.7042,1.5892,1.3511,3.1718,1.3891,1.3687,1.4380,1.2010,1.4877,1.0073,1.3265,0.2687,1.1053,0.9450,0.9527,0.9508,0.9871,1.0045,0.9770,1.0118,,1.5420,1.2057,1.1913,1.0249,1.0755,1.0664
2021-08-20,1.7929,1.9144,1.4738,1.2149,1.5780,1.4922,1.6639,1.5206,1.3117,3.1717,1.3146,1.3570,1.3660,1.1360,1.3527,0.9670,1.3197,0.2585,1.0805,0.9280,0.9239,0.9276,0.9755,1.0028,0.9742,0.9926,1.0002,1.5420,1.1879,1.1703,1.0124,1.0644,1.0632
2021-08-27,1.8248,1.9938,1.5583,1.2552,1.6120,1.5215,1.6665,1.5574,1.3374,3.1717,1.3622,1.3495,1.4100,1.1700,1.3794,1.0040,1.3211,0.2550,1.1062,0.9365,0.9410,0.9410,0.9897,1.0026,0.9781,1.0122,1.0028,1.5420,1.2007,1.1818,1.0216,1.0733,1.0719
2021-08-31,1.8248,1.9938,1.5583,1.2552,1.6120,1.5215,1.6665,1.5574,1.3374,3.1717,1.3622,1.3495,1.4100,1.1700,1.3794,1.0040,1.3211,0.2550,1.1062,0.9365,0.9410,0.9410,0.9897,1.0026,0.9781,1.0122,1.0028,1.5420,1.2024,1.1810,1.0216,1.0733,1.0718
2021-09-03,1.8121,1.9784,1.5704,1.2503,1.6280,1.5055,1.6525,1.5563,1.3129,3.2182,1.3603,1.3487,1.4270,1.1890,1.3938,1.0281,1.3293,0.2610,1.1105,0.9349,0.9289,0.9390,0.9892,1.0018,0.9729,1.0084,0.9936,1.5420,1.2006,1.1771,1.0168,1.0728,1.0644
2021-09-10,1.8376,2.0247,1.5860,1.2489,1.6680,1.5257,1.7028,1.5531,1.3378,3.3133,1.3871,1.3653,1.4450,1.2080,1.4080,1.0501,1.3379,0.2693,1.1115,0.9382,0.9506,0.9455,1.0103,1.0099,0.9799,1.0218,1.0183,1.5420,1.2178,1.1911,1.0246,1.0835,1.0711
2021-09-17,1.8174,1.9618,1.5274,1.2442,1.6320,1.5235,1.6505,1.4729,1.3086,3.2393,1.3670,1.3376,1.4020,1.1750,1.3997,1.0380,1.3228,0.2582,1.0987,0.9278,0.9398,0.9280,0.9980,1.0022,0.9723,1.0126,1.0012,1.5420,1.2073,1.1846,1.0209,1.0768,1.0729
2021-09-24,1.8099,1.9552,1.5281,1.2411,1.6040,1.5161,1.6368,1.4597,1.3034,3.2692,1.3594,1.3376,1.4060,1.1790,1.3931,1.0482,1.3247,0.2621,1.1050,0.9222,0.9327,0.9216,0.9958,0.9983,0.9680,1.0086,0.9951,1.5420,1.2063,1.1819,1.0195,1.0740,1.0697
2021-09-30,1.7929,1.9530,1.5360,1.2360,1.5870,1.5093,1.6415,1.4650,1.2804,3.2675,1.3607,1.3393,1.4000,1.1740,1.3773,1.0421,1.3178,0.2642,1.0879,0.9160,0.9254,0.9137,0.9748,0.9894,0.9466,0.9941,0.9717,1.5420,1.1950,1.1720,1.0168,1.0740,1.0605
2021-10-08,1.7876,1.9376,1.5220,1.2350,1.5750,1.4982,1.6448,1.4500,1.2765,3.2909,1.3543,1.3231,1.4150,1.1880,1.3728,1.0521,1.3232,0.2667,1.0850,0.9166,0.9226,0.9080,0.9724,0.9877,0.9433,0.9912,0.9679,1.5420,1.1948,1.1711,1.0130,1.0553,1.0530
2021-10-15,1.7876,1.9342,1.5247,1.2367,1.5770,1.5007,1.6357,1.4387,1.2828,3.3071,1.3642,1.3685,1.4230,1.1910,1.3543,1.0525,1.3272,0.2654,1.0785,0.9182,0.9180,0.9078,0.9655,0.9858,0.9379,0.9891,0.9642,1.5420,1.1926,1.1693,1.0431,1.0507,1.0497
2021-10-22,1.7940,1.9541,1.5343,1.2420,1.5880,1.5118,1.6310,1.4530,1.2815,3.3273,1.3806,1.3679,1.4480,1.2110,1.3756,1.0537,1.3285,0.2671,1.0862,0.9236,0.9198,0.9180,0.9645,0.9850,0.9340,0.9891,0.9649,1.5420,1.1938,1.1727,1.0423,1.0532,1.0521
2021-10-29,1.7876,1.9365,1.5441,1.2429,1.5820,1.5099,1.6266,1.4550,1.2867,3.3035,1.3863,1.3565,1.4530,1.2120,1.3266,1.0750,1.3227,0.2672,1.0829,0.9195,0.9141,0.9137,0.9595,0.9794,0.9276,0.9841,0.9549,1.5420,1.1891,1.1667,1.0414,1.0503,1.0504
2021-11-05,1.7706,1.9011,1.5183,1.2492,1.5600,1.4851,1.5923,1.4550,1.2774,3.2820,1.3623,1.3566,1.4380,1.1990,1.3180,1.0567,1.3319,0.2665,1.0792,0.9183,0.9001,0.9189,0.9541,0.9757,0.9194,0.9772,0.9440,1.5210,1.1853,1.1578,1.0394,1.0480,1.0400
2021-11-12,1.7919,1.9365,1.5339,1.2739,1.5770,1.4958,1.6098,1.4989,1.3010,3.3147,1.3807,1.3561,1.4570,1.2140,1.3278,1.0639,1.3323,0.2696,1.0842,0.9225,0.9113,0.9325,0.9638,0.9878,0.9299,0.9836,0.9568,1.5370,1.1956,1.1659,1.0424,1.0522,1.0475
2021-11-19,1.8014,1.9475,1.5527,1.2746,1.5890,1.4985,1.6114,1.5057,1.3115,3.3105,1.3894,1.3582,1.4560,1.2160,1.3436,1.0780,1.3312,0.2687,1.0920,0.9237,0.9172,0.9355,0.9657,0.9909,0.9300,0.9853,0.9575,1.5440,1.2008,1.1696,1.0424,1.0541,1.0496
2021-11-26,1.7940,1.9707,1.5504,1.2740,1.5880,1.5038,1.6199,1.5095,1.3164,3.3107,1.3700,1.3561,1.4160,1.1820,1.3259,1.0525,1.3356,0.2680,1.0964,0.9250,0.9227,0.9390,0.9701,0.9941,0.9338,0.9885,0.9646,1.5440,1.2014,1.1684,1.0440,1.0553,1.0552
2021-11-30,1.7993,1.9651,1.5565,1.2820,1.5840,1.5078,1.6179,1.5192,1.3256,3.2983,1.3674,1.3560,1.4110,1.1760,1.3217,1.0533,1.3326,0.2689,1.0991,0.9227,0.9261,0.9398,0.9709,0.9974,0.9372,0.9898,0.9703,1.5440,1.2022,1.1690,1.0449,1.0553,1.0578
2021-12-03,1.8014,1.9618,1.5510,1.2818,1.5870,1.5051,1.6239,1.5062,1.3245,3.2910,1.3695,1.3571,1.4170,1.1810,1.3007,1.0482,1.3305,0.2681,1.1035,0.9280,0.9268,0.9404,0.9765,0.9949,0.9378,0.9897,0.9666,1.5470,1.2035,1.1682,1.0453,1.0520,1.0530
2021-12-10,1.7919,1.9773,1.5579,1.2892,1.5970,1.4928,1.6516,1.4832,1.3247,3.3502,1.3953,1.3581,1.4590,1.2170,1.3147,1.0864,1.3444,0.2709,1.0990,0.9414,0.9291,0.9358,0.9776,0.9955,0.9395,0.9931,0.9693,1.5480,1.2070,1.1725,1.0409,1.0577,1.0508
2021-12-17,1.7717,1.9342,1.5269,1.2765,1.5750,1.4680,1.6105,1.4715,1.2998,3.2675,1.3505,1.3574,1.4130,1.1810,1.2775,1.0622,1.3397,0.2681,1.0949,0.9343,0.9179,0.9300,0.9717,0.9884,0.9332,0.9867,0.9581,1.5220,1.1950,1.1558,1.0396,1.0499,1.0431
2021-12-24,1.7600,1.9199,1.5037,1.2686,1.5650,1.4530,1.6144,1.4608,1.2832,3.1571,1.3281,1.3542,1.4010,1.1750,1.2896,1.0511,1.3422,0.2665,1.0923,0.9313,0.9119,0.9227,0.9689,0.9838,0.9308,0.9827,0.9445,1.5120,1.1940,1.1465,1.0431,1.0499,1.0378
2021-12-31,1.7727,1.9431,1.5181,1.2881,1.5760,1.4617,1.6166,1.4691,1.3066,3.2258,1.3428,1.3522,1.4170,1.1890,1.3065,1.0761,1.3394,0.2680,1.0970,0.9300,0.9121,0.9249,0.9711,0.9874,0.9339,0.9867,0.9521,1.5200,1.2003,1.1523,1.0466,1.0499,1.0410
2022-01-07,1.7313,1.8592,1.4497,1.2672,1.5090,1.4181,1.5610,1.4379,1.2504,3.0684,1.2766,1.3389,1.3570,1.1440,1.2659,1.0434,1.3344,0.2639,1.0815,0.9104,0.8031,0.9078,0.9521,0.9739,0.9154,0.9735,0.9229,1.4760,1.1782,1.1306,1.0430,1.0499,1.0264
2022-01-14,1.7334,1.8614,1.4456,1.2653,1.5160,1.4175,1.5380,1.4399,1.2458,3.0813,1.2734,1.3209,1.3460,1.1330,1.2845,1.0190,1.3265,0.2638,1.0783,0.9078,0.8030,0.9047,0.9454,0.9749,0.9080,0.9734,0.9178,1.4810,1.1774,1.1319,1.0423,1.0499,1.0243
2022-01-21,1.7281,1.8581,1.4283,1.2632,1.5040,1.4161,1.5242,1.4289,1.2336,3.0553,1.2694,1.3379,1.3470,1.1330,1.2509,1.0009,1.3300,0.2611,1.0711,0.9142,0.8028,0.9062,0.9371,0.9719,0.8970,0.9722,0.9070,1.4920,1.1763,1.1317,1.0407,1.0418,1.0203
2022-01-28,1.7122,1.7754,1.3760,1.2150,1.4410,1.3818,1.4846,1.3952,1.1837,2.9362,1.1994,1.3362,1.2430,1.0500,1.1742,0.9592,1.3120,0.2565,1.0474,0.8923,0.8027,0.8865,0.9209,0.9500,0.8805,0.9582,0.8831,1.4580,1.1544,1.1112,1.0379,1.0303,1.0091
2022-02-11,1.7079,1.7599,1.3355,1.2211,1.4270,1.3583,1.4660,1.3907,1.1708,2.8837,1.1829,1.3360,1.2750,1.0770,1.1645,0.9509,1.3183,0.2572,1.0475,0.8956,0.8024,0.8862,0.9195,0.9556,0.8794,0.9563,0.8779,1.4560,1.1522,1.1085,1.0380,1.0298,1.0064
2022-02-18,1.7164,1.7853,1.3541,1.2281,1.4410,1.3751,1.4937,1.3911,1.1954,2.9892,1.2080,1.3355,1.3010,1.0950,1.2005,0.9810,1.3109,0.2570,1.0498,0.8974,0.8022,0.8879,0.9294,0.9588,0.8878,0.9593,0.8932,1.4600,1.1614,1.1189,1.0410,1.0302,1.0115
2022-02-25,1.7249,1.7709,1.3680,1.2198,1.4450,1.3769,1.4840,1.3920,1.1923,2.9766,1.2083,1.3338,1.2970,1.0880,1.1966,0.9896,1.3027,0.2571,1.0533,0.8875,0.8021,0.8842,0.9343,0.9566,0.8910,0.9624,0.8954,1.4560,1.1646,1.1221,1.0399,1.0302,1.0082
2022-02-28,1.7217,1.7732,1.3762,1.2237,1.4510,1.3757,1.4864,1.3978,1.1952,2.9824,1.2101,1.3339,1.3010,1.0930,1.1993,0.9981,1.3074,0.2579,1.0541,0.8900,0.8020,0.8863,0.9367,0.9585,0.8948,0.9640,0.9006,1.4560,1.1653,1.1222,1.0416,1.0302,1.0084
2022-03-04,1.7196,1.7389,1.3548,1.2080,1.4210,1.3620,1.4701,1.3760,1.1715,2.9129,1.1866,1.3335,1.2700,1.0650,1.1816,0.9913,1.3066,0.2572,1.0559,0.8833,0.8019,0.8794,0.9305,0.9518,0.8869,0.9591,0.8917,1.4350,1.1602,1.1151,1.0372,1.0302,1.0046
2022-03-11,1.7122,1.6816,1.3285,1.1751,1.3760,1.3387,1.4302,1.3556,1.1350,2.7874,1.1459,1.3313,1.2050,0.9910,1.1366,0.9601,1.2839,0.2514,1.0373,0.8653,0.8017,0.8593,0.9218,0.9248,0.8778,0.9482,0.8705,1.4080,1.1470,1.1065,1.0326,1.0121,0.9894
2022-03-18,1.7068,1.6915,1.3346,1.1650,1.3780,1.3357,1.4133,1.3608,1.1275,2.7547,1.1340,1.3307,1.1790,0.9780,1.1691,0.9497,1.2793,0.2495,1.0440,0.8635,0.8016,0.8547,0.9237,0.9118,0.8764,0.9442,0.8667,1.4080,1.1407,1.1019,1.0320,1.0064,0.9838
2022-03-25,1.7047,1.6816,1.3274,1.1591,1.3630,1.3284,1.4089,1.3483,1.1210,2.6715,1.1246,1.3310,1.1530,0.9540,1.1604,0.9130,1.2855,0.2494,1.0421,0.8616,1.2436,0.8554,0.9237,0.9142,0.8752,0.9445,0.8661,1.4030,1.1388,1.1003,1.0302,1.0065,0.9804
2022-03-31,1.7015,1.6893,1.3347,1.1664,1.3710,1.3299,1.4238,1.3531,1.1244,2.6801,1.1353,1.3306,1.1750,0.9730,1.1677,0.9365,1.2866,0.2491,1.0373,0.8615,1.2435,0.8522,0.9188,0.9114,0.8735,0.9447,0.8627,1.4030,1.1360,1.0993,1.0300,1.0065,0.9795
2022-04-01,1.7005,1.7025,1.3383,1.1731,1.3730,1.3356,1.4279,1.3564,1.1286,2.7040,1.1422,1.3339,1.1860,0.9830,1.1647,0.9502,1.2858,0.2490,1.0386,0.8624,1.2435,0.8512,0.9200,0.9109,0.8749,0.9434,0.8589,1.4040,1.1381,1.1003,1.0312,1.0040,0.9817
2022-04-08,1.6930,1.6978,1.3201,1.1658,1.3550,1.3261,1.3921,1.3475,1.1100,2.6247,1.1205,1.3307,1.1530,0.9590,1.1282,0.9309,1.2823,0.2473,1.0287,0.8576,1.2434,0.8465,0.9114,0.9059,0.8689,0.9407,0.8491,1.3930,1.1381,1.0946,1.0311,0.9995,0.9784
2022-04-15,1.6835,1.6788,1.3030,1.1483,1.3340,1.3175,1.3904,1.3318,1.0869,2.5405,1.1068,1.3266,1.1300,0.9430,1.1169,0.9204,1.2819,0.2454,1.0181,0.8499,1.2434,0.8435,0.9018,0.9007,0.8607,0.9365,0.8339,1.3830,1.1239,1.0895,1.0311,1.0000,0.9758
2022-04-22,1.6643,1.6254,1.2700,1.1104,1.2920,1.2867,1.3406,1.3094,1.0515,2.4221,1.0686,1.3120,1.0700,0.8990,1.0333,0.8745,1.2685,0.2404,0.9928,0.8413,1.2434,0.8362,0.8841,0.8900,0.8474,0.9230,0.8082,1.3560,1.1094,1.0787,1.0311,0.9859,0.9668
2022-04-29,1.6707,1.6377,1.2666,1.1071,1.3000,1.2894,1.3362,1.3375,1.0455,2.4440,1.0643,1.3122,1.0820,0.9110,1.0274,0.8839,1.2612,0.2391,0.9894,0.8417,1.2434,0.8374,0.8815,0.8903,0.8445,0.9227,0.8018,1.3710,1.1076,1.0811,1.0311,0.9902,0.9674
2022-05-06,1.6643,1.6065,1.2553,1.0957,1.2920,1.2760,1.3133,1.3286,1.0334,2.4045,1.0616,1.3041,1.0600,0.8930,1.0067,0.8714,1.2696,0.2408,0.9945,0.8452,1.2433,0.8397,0.8845,0.8939,0.8463,0.9219,0.8096,1.3580,1.1071,1.0778,1.0311,0.9858,0.9643
2022-05-13,1.6803,1.6432,1.2734,1.1239,1.3000,1.2916,1.3465,1.3511,1.0553,2.4956,1.0821,1.3150,1.0960,0.9230,1.0477,0.9017,1.2701,0.2421,1.0083,0.8562,1.2433,0.8471,0.8992,0.9018,0.8480,0.9270,0.8192,1.3790,1.1181,1.0904,1.0311,0.9882,0.9713
2022-05-20,1.6941,1.6755,1.2914,1.1447,1.3140,1.3057,1.3593,1.3710,1.0733,2.5499,1.1071,1.3291,1.1420,0.9550,1.0380,0.9314,1.2722,0.2449,1.0190,0.8616,1.2433,0.8527,0.9078,0.9078,0.8490,0.9332,0.8307,1.3940,1.1258,1.0991,1.0311,0.9890,0.9767
2022-05-27,1.6920,1.6521,1.2768,1.1378,1.3050,1.3009,1.3434,1.3594,1.0606,2.4717,1.0926,1.3174,1.1140,0.9350,1.0004,0.9177,1.2731,0.2442,1.0159,0.8636,1.2433,0.8524,0.9093,0.9062,0.8490,0.9341,0.8300,1.3840,1.1257,1.0957,1.0311,0.9890,0.9730
2022-05-31,1.7026,1.6855,1.2888,1.1593,1.3120,1.3122,1.3773,1.3771,1.0773,2.5384,1.1100,1.3309,1.1470,0.9600,1.0201,0.9333,1.2764,0.2456,1.0184,0.8636,1.2432,0.8577,0.9125,0.9138,0.8489,0.9390,0.8349,1.3840,1.1312,1.1046,1.0311,0.9890,0.9773
2022-06-02,1.7058,1.6944,1.2952,1.1679,1.3200,1.3142,1.3697,1.3860,1.0813,2.5171,1.1114,1.3320,1.1460,0.9590,1.0050,0.9403,1.2789,0.2468,1.0243,0.8637,1.2432,0.8594,0.9138,0.9186,0.8490,0.9404,0.8403,1.4120,1.1343,1.1066,1.0311,0.9947,0.9778
2022-06-10,1.7249,1.7401,1.3247,1.1893,1.3450,1.3357,1.4056,1.4088,1.1084,2.6434,1.1520,1.3548,1.2210,1.0130,1.0574,0.9733,1.2838,0.2508,1.0400,0.8744,1.2432,0.8697,0.9281,0.9302,0.8486,0.9537,0.8574,1.4280,1.1470,1.1181,1.0311,1.0038,0.9884
2022-06-17,1.7154,1.7712,1.3307,1.1992,1.3500,1.3329,1.4263,1.4083,1.1190,2.7007,1.1671,1.3653,1.2440,1.0320,1.0793,0.9911,1.2891,0.2527,1.0415,0.8756,1.2432,0.8727,0.9308,0.9342,0.8507,0.9494,0.8672,1.4310,1.1454,1.1203,1.0311,0.9977,0.9914
2022-06-24,1.7292,1.8113,1.3513,1.2297,1.3660,1.3493,1.4548,1.4360,1.1389,2.7717,1.1843,1.3799,1.2680,1.0610,1.0944,1.0139,1.2934,0.2541,1.0481,0.8747,1.2441,0.8797,0.9342,0.9465,0.8533,0.9541,0.8769,1.4570,1.1467,1.1289,1.0311,0.9977,0.9993
2022-06-30,1.7345,1.8336,1.3712,1.2367,1.3790,1.3570,1.4743,1.4406,1.1429,2.8366,1.2037,1.3943,1.3000,1.0890,1.1195,1.0479,1.2973,0.2563,1.0533,0.8747,1.2441,0.8832,0.9437,0.9450,0.8541,0.9585,0.8828,1.4570,1.1504,1.1333,1.0311,0.9977,1.0040
2022-07-01,1.7366,1.8314,1.3662,1.2359,1.3770,1.3570,1.4655,1.4381,1.1429,2.8388,1.2108,1.3926,1.3040,1.0910,1.1206,1.0489,1.3013,0.2573,1.0548,0.8829,1.2441,0.8862,0.9458,0.9463,0.8579,0.9613,0.8850,1.4550,1.1521,1.1339,1.0311,1.0042,1.0046
2022-07-08,1.7366,1.8358,1.3662,1.2359,1.3770,1.3570,1.4655,1.4381,1.1429,2.8388,1.2108,1.3926,1.3120,1.0960,1.1206,1.0489,1.3013,0.2573,1.0548,0.8829,1.2441,0.8862,0.9458,0.9463,0.8579,0.9613,0.8850,1.4550,1.1521,1.1339,1.0311,1.0042,1.0051
